{
"type": "FeatureCollection",
"name": "ranh_gioi_99_xa",
"crs": { "type": "name", "properties": { "name": "urn:ogc:def:crs:OGC:1.3:CRS84" } },
"features": [
{ "type": "Feature", "properties": { "xa": "Nghĩa Tâm", "hat_kl": "Hạt KL Nghĩa Lộ", "che_phu": 57.8, "dt_rung": 8213.7, "DTBD": 13309.84 }, "geometry": { "type": "Polygon", "coordinates": [ [ [ 104.877392088944589, 21.485221700735963 ], [ 104.879390665758294, 21.483829891187479 ], [ 104.880948003720363, 21.479113378622039 ], [ 104.882708543703686, 21.477566989278579 ], [ 104.884298384153951, 21.477229260722158 ], [ 104.885870633585171, 21.479365790694551 ], [ 104.893248777102357, 21.479208698331387 ], [ 104.894381396136666, 21.475849910820788 ], [ 104.896743544290473, 21.474227793597656 ], [ 104.897701984741559, 21.468112971010182 ], [ 104.911762947484164, 21.447637181821513 ], [ 104.912674076507926, 21.435154582070076 ], [ 104.911204916091492, 21.431670996814866 ], [ 104.90767396960868, 21.430586756020414 ], [ 104.905878155909392, 21.427754220085539 ], [ 104.90843194286947, 21.420398734420278 ], [ 104.907893994852543, 21.414144409806198 ], [ 104.902515376019721, 21.409375706164376 ], [ 104.899384644641017, 21.403639621424151 ], [ 104.899763324279192, 21.401183880997209 ], [ 104.895298112956539, 21.395614556276318 ], [ 104.895089226854381, 21.392505375987252 ], [ 104.886698699718195, 21.393374762195652 ], [ 104.882472993099213, 21.390141250865934 ], [ 104.88473685296573, 21.386489394794072 ], [ 104.882262384189303, 21.384590012094161 ], [ 104.884741950907056, 21.3801550417333 ], [ 104.883767005651507, 21.373191265972839 ], [ 104.889925897984696, 21.367424099112391 ], [ 104.8929623635957, 21.362368901046075 ], [ 104.896587864184184, 21.360420429365202 ], [ 104.901003888730173, 21.352024348016322 ], [ 104.898048513402685, 21.346225620021155 ], [ 104.897976854068503, 21.343320621307981 ], [ 104.882803236751087, 21.341822508199492 ], [ 104.875406601312363, 21.346269881426711 ], [ 104.868579589696253, 21.353651487076622 ], [ 104.86736342153975, 21.359435725832018 ], [ 104.862649890556241, 21.36568561649187 ], [ 104.853708691410532, 21.364439192006991 ], [ 104.854791530428571, 21.363029888450455 ], [ 104.85381768723343, 21.359286667860001 ], [ 104.854460224755925, 21.352033912253013 ], [ 104.847088098857341, 21.352736103740174 ], [ 104.844670043615494, 21.351463888163707 ], [ 104.847116625996506, 21.343788484266938 ], [ 104.849937371706787, 21.340614849852692 ], [ 104.847406369135044, 21.337833931222917 ], [ 104.833926678255793, 21.336888173320908 ], [ 104.825947469873483, 21.339330142675642 ], [ 104.819524547710984, 21.33823762831835 ], [ 104.817633350013352, 21.336518951356862 ], [ 104.817390637296441, 21.345267585821784 ], [ 104.81850415343807, 21.348843505372873 ], [ 104.821161396960136, 21.350819185619034 ], [ 104.823457904600957, 21.350850623895322 ], [ 104.819576161354789, 21.357512734032074 ], [ 104.819530698229585, 21.361905754058846 ], [ 104.813404064270486, 21.369874830651568 ], [ 104.813805937129416, 21.371315284725423 ], [ 104.807251811994021, 21.385334035450427 ], [ 104.806373703631635, 21.396119029560257 ], [ 104.80381149900056, 21.39805581884411 ], [ 104.799794384782786, 21.404602407169257 ], [ 104.799429233116783, 21.409541781168638 ], [ 104.795124177753138, 21.417413316557237 ], [ 104.796018208612665, 21.418711590173626 ], [ 104.793233262547986, 21.422428856880988 ], [ 104.796577395151488, 21.424766571596194 ], [ 104.801035087633906, 21.425483900064386 ], [ 104.803291892924861, 21.424556279467481 ], [ 104.80413695662466, 21.427475952103848 ], [ 104.798004598412646, 21.432364054087326 ], [ 104.795112565290609, 21.441147982981114 ], [ 104.7866095205612, 21.450461124742073 ], [ 104.783525880000994, 21.45712233288171 ], [ 104.784404828149832, 21.458105521636895 ], [ 104.789831428168483, 21.458014353635384 ], [ 104.79234759068467, 21.460777676840543 ], [ 104.797265308149193, 21.457728797850368 ], [ 104.798824707248642, 21.454397618797053 ], [ 104.802109745688284, 21.454038579711838 ], [ 104.803354456053441, 21.451231971998205 ], [ 104.802976213931572, 21.447426791126361 ], [ 104.805395467135583, 21.444037013106037 ], [ 104.80886741460769, 21.446050979003651 ], [ 104.811804219689776, 21.443364105672664 ], [ 104.816395620618181, 21.442643721181419 ], [ 104.82296415347524, 21.453469866248618 ], [ 104.828609222079649, 21.458473745857614 ], [ 104.830117246275179, 21.464295548482436 ], [ 104.833360091191309, 21.463977194504686 ], [ 104.835113249229863, 21.467106877320077 ], [ 104.838201019119765, 21.467811706915402 ], [ 104.844561549104014, 21.465656695919893 ], [ 104.849516092286237, 21.472446418724225 ], [ 104.854679616891758, 21.471106009004664 ], [ 104.856923081714214, 21.471503914679364 ], [ 104.860402078145967, 21.474668796453493 ], [ 104.862339204277674, 21.473906159832477 ], [ 104.863752762813903, 21.476319038610914 ], [ 104.861678666063241, 21.477320239939974 ], [ 104.863028701605884, 21.479672919731435 ], [ 104.869032947899285, 21.479713010730173 ], [ 104.877392088944589, 21.485221700735963 ] ], [ [ 104.854046005720406, 21.412593341341395 ], [ 104.854045997725336, 21.412582050684723 ], [ 104.854051885735913, 21.412587737522099 ], [ 104.854046005720406, 21.412593341341395 ] ] ] } },
{ "type": "Feature", "properties": { "xa": "Thượng Bằng La", "hat_kl": "Hạt KL Nghĩa Lộ", "che_phu": 53.6, "dt_rung": 6642.4, "DTBD": 11161.48 }, "geometry": { "type": "Polygon", "coordinates": [ [ [ 104.719054707751766, 21.489674335987395 ], [ 104.721382600181585, 21.487280968691611 ], [ 104.725194637789897, 21.486877013800282 ], [ 104.725445656998161, 21.488588521153019 ], [ 104.727521327601295, 21.489490252337585 ], [ 104.734978175943965, 21.4824568786557 ], [ 104.73878574311324, 21.482854966908342 ], [ 104.740583764704255, 21.480800462738312 ], [ 104.743624187544, 21.481344179943211 ], [ 104.744791891279178, 21.478502515594947 ], [ 104.746312450088055, 21.479562335491782 ], [ 104.744547969198578, 21.474946694862577 ], [ 104.747649776387888, 21.474206104139395 ], [ 104.748629362877978, 21.471912227537384 ], [ 104.750141870036956, 21.471438750536933 ], [ 104.748110163537206, 21.467560464534035 ], [ 104.750416388318328, 21.465555173111724 ], [ 104.752184866659874, 21.468124087408821 ], [ 104.751890678506584, 21.470143934083115 ], [ 104.755373430309987, 21.469942885504778 ], [ 104.755021729547323, 21.470794117205614 ], [ 104.759591429405546, 21.473455336269108 ], [ 104.760555488788171, 21.475284625017611 ], [ 104.764526260771802, 21.473200806123245 ], [ 104.766572641944194, 21.474312151932402 ], [ 104.77126055950805, 21.472806088356624 ], [ 104.772053406596285, 21.476113677315134 ], [ 104.773686857658674, 21.476616201082447 ], [ 104.779670193689384, 21.476550844294231 ], [ 104.784246185589154, 21.474138931556155 ], [ 104.790366377276968, 21.474880847638193 ], [ 104.791827071452389, 21.478852516903039 ], [ 104.796341616051762, 21.478447123122013 ], [ 104.800963315405752, 21.482103564680635 ], [ 104.803197084889845, 21.482309892557343 ], [ 104.80388241218229, 21.476145466776295 ], [ 104.80949528811945, 21.47427835824061 ], [ 104.806139368488274, 21.464562290971124 ], [ 104.801145046620618, 21.458926629004761 ], [ 104.796116584813603, 21.45764105175224 ], [ 104.791779411010467, 21.460963618004001 ], [ 104.789831428168483, 21.458014353635384 ], [ 104.784404828149832, 21.458105521636895 ], [ 104.783525880000994, 21.45712233288171 ], [ 104.7866095205612, 21.450461124742073 ], [ 104.795112565290609, 21.441147982981114 ], [ 104.798004598412646, 21.432364054087326 ], [ 104.804041361288469, 21.427751745854671 ], [ 104.803291892924861, 21.424556279467481 ], [ 104.801035087633906, 21.425483900064386 ], [ 104.796577395151488, 21.424766571596194 ], [ 104.793233262547986, 21.422428856880988 ], [ 104.796018208612665, 21.418711590173626 ], [ 104.795124177753138, 21.417413316557237 ], [ 104.799429233116783, 21.409541781168638 ], [ 104.799794384782786, 21.404602407169257 ], [ 104.80381149900056, 21.39805581884411 ], [ 104.806373703631635, 21.396119029560257 ], [ 104.807251811994021, 21.385334035450427 ], [ 104.813805937129416, 21.371315284725423 ], [ 104.813404064270486, 21.369874830651568 ], [ 104.819530698229585, 21.361905754058846 ], [ 104.819576161354789, 21.357512734032074 ], [ 104.823457904600957, 21.350850623895322 ], [ 104.821161396960136, 21.350819185619034 ], [ 104.81850415343807, 21.348843505372873 ], [ 104.817390637296441, 21.345267585821784 ], [ 104.817633350013352, 21.336518951356862 ], [ 104.813876716085304, 21.332601799919217 ], [ 104.807656173086031, 21.333800690939341 ], [ 104.804753461939598, 21.331241726055463 ], [ 104.801930021073147, 21.330936506547189 ], [ 104.794952099034575, 21.335033638459109 ], [ 104.789984610097719, 21.333375510866706 ], [ 104.788519528403455, 21.329741395496427 ], [ 104.786758651404639, 21.328779182686937 ], [ 104.783939603473215, 21.328766678347783 ], [ 104.779257268414455, 21.32587910408165 ], [ 104.775948414092511, 21.326716611263056 ], [ 104.768349468744063, 21.330530286082421 ], [ 104.767835230719612, 21.340781826080327 ], [ 104.769376612376234, 21.342596578822704 ], [ 104.768884064688621, 21.34430741205734 ], [ 104.766646169983119, 21.344074968737939 ], [ 104.764104669974913, 21.345802417718534 ], [ 104.759091058585867, 21.345388889939287 ], [ 104.756342757054213, 21.349944432569462 ], [ 104.757294054776992, 21.352685970456125 ], [ 104.753011863879479, 21.352542845072715 ], [ 104.751889133579027, 21.350886371997461 ], [ 104.748477540481431, 21.352790449246115 ], [ 104.746996486088946, 21.359912815690375 ], [ 104.749143450263517, 21.363456598166128 ], [ 104.747799007045089, 21.367678960924948 ], [ 104.743634074970743, 21.368808380113116 ], [ 104.734253172962269, 21.383085922593423 ], [ 104.732646677852415, 21.391318407370104 ], [ 104.735401273279038, 21.402663470603393 ], [ 104.73309726379432, 21.409834102944036 ], [ 104.733618723582779, 21.41924371075994 ], [ 104.730792814517145, 21.419386666840591 ], [ 104.726655337649319, 21.422854091583407 ], [ 104.726106318308936, 21.425433975001486 ], [ 104.727715397605024, 21.429854713726566 ], [ 104.73125674284401, 21.431961621247375 ], [ 104.733145623897684, 21.435609603934473 ], [ 104.731640270469143, 21.439255690726323 ], [ 104.725999512049995, 21.443839517662742 ], [ 104.725075860841244, 21.446998591495994 ], [ 104.728224320808977, 21.450383869902907 ], [ 104.728400910400211, 21.453495678498221 ], [ 104.730449016290351, 21.454197484092123 ], [ 104.732019839125542, 21.460273365857944 ], [ 104.738757013368229, 21.463595379907254 ], [ 104.737139358913439, 21.464233679525314 ], [ 104.741758837751661, 21.467995728596254 ], [ 104.737889045670073, 21.469665598947064 ], [ 104.735177658209523, 21.46902597163982 ], [ 104.735123567741823, 21.470497086631195 ], [ 104.731317756442422, 21.470277848137414 ], [ 104.729843988275405, 21.471482790228823 ], [ 104.730066986292456, 21.473670121181751 ], [ 104.728430846469905, 21.47431799825948 ], [ 104.729180423908204, 21.476569617575031 ], [ 104.736792984217431, 21.477781736249788 ], [ 104.733635401486183, 21.480785836853929 ], [ 104.730019290467723, 21.478811217589303 ], [ 104.723111145799251, 21.481020946101136 ], [ 104.721427386122741, 21.482301470479218 ], [ 104.722865553868019, 21.483048965771207 ], [ 104.722274146138858, 21.486744048866012 ], [ 104.719351645746741, 21.487012254382087 ], [ 104.718421110661367, 21.484357892652945 ], [ 104.716068735097892, 21.487864374780454 ], [ 104.719054707751766, 21.489674335987395 ] ], [ [ 104.771429170302312, 21.405650429887928 ], [ 104.771429168668575, 21.405639229529463 ], [ 104.771435149652206, 21.40564482894364 ], [ 104.771429170302312, 21.405650429887928 ] ] ] } },
{ "type": "Feature", "properties": { "xa": "Tà Xi Láng", "hat_kl": "Hạt KL Nghĩa Lộ", "che_phu": 69.5, "dt_rung": 6455.0, "DTBD": 8854.37 }, "geometry": { "type": "Polygon", "coordinates": [ [ [ 104.575918117003553, 21.53123206461035 ], [ 104.576345102351283, 21.528630370183777 ], [ 104.578921377855309, 21.527106557897945 ], [ 104.580901371127766, 21.521864279414363 ], [ 104.584509337058947, 21.519781863639615 ], [ 104.591935861226929, 21.521875002953845 ], [ 104.594969328822231, 21.519149972865947 ], [ 104.601870066716188, 21.518776968175413 ], [ 104.610822155767565, 21.522799755873891 ], [ 104.619610038125984, 21.519265516483213 ], [ 104.628663398104408, 21.518791005053529 ], [ 104.631598994276061, 21.520857199360965 ], [ 104.645667591352392, 21.515551821402489 ], [ 104.649546581742925, 21.507298293960549 ], [ 104.646733226756822, 21.502317089689789 ], [ 104.648582172672661, 21.499876665031618 ], [ 104.64606172233924, 21.4977399382751 ], [ 104.64460930373032, 21.492736230804621 ], [ 104.65507258404989, 21.489928172421056 ], [ 104.654358795582993, 21.488160205568786 ], [ 104.655385592248805, 21.485106827768494 ], [ 104.65221907174525, 21.480551835202 ], [ 104.655383702965892, 21.476827585663315 ], [ 104.656115421685527, 21.472837364997492 ], [ 104.659937433523439, 21.469697161326209 ], [ 104.663049873259212, 21.464900758230925 ], [ 104.658802624939526, 21.460720795069655 ], [ 104.656596836726877, 21.460596646162919 ], [ 104.654572815613363, 21.458582615709595 ], [ 104.645687667152998, 21.457576874939949 ], [ 104.641858217151125, 21.453812053750195 ], [ 104.640365994391459, 21.449645119619053 ], [ 104.635460531493493, 21.446645577418668 ], [ 104.634417120080514, 21.444523308663882 ], [ 104.622484893748961, 21.447303787040653 ], [ 104.618009197894253, 21.451074450481521 ], [ 104.606976152103201, 21.453458811396512 ], [ 104.601510821188683, 21.446698209565497 ], [ 104.58867668538457, 21.437518001849508 ], [ 104.589617127749065, 21.434776731961399 ], [ 104.586562497428901, 21.426023911318318 ], [ 104.586855313043529, 21.422777193431859 ], [ 104.58282713646733, 21.419369143145062 ], [ 104.581180721834357, 21.414149864845097 ], [ 104.581589003519099, 21.410978870495214 ], [ 104.579154838195052, 21.408790177479311 ], [ 104.579135317065578, 21.413634384163643 ], [ 104.576446070773727, 21.422504068753025 ], [ 104.577454587256355, 21.426056869108603 ], [ 104.575254238167062, 21.428185353528555 ], [ 104.574466321279459, 21.431218362649481 ], [ 104.570885904502134, 21.432405324668341 ], [ 104.570408828408759, 21.433844772601574 ], [ 104.566233878334216, 21.434775556962229 ], [ 104.564708097065434, 21.44040156146454 ], [ 104.559138949777804, 21.44212818527534 ], [ 104.557602015314714, 21.444514701359193 ], [ 104.558221385145444, 21.449186009998609 ], [ 104.555899769221583, 21.451486882374283 ], [ 104.557209412809712, 21.453858874850191 ], [ 104.55468112892197, 21.45999765034518 ], [ 104.555370621347734, 21.461395412618614 ], [ 104.549432322450784, 21.464485533812237 ], [ 104.548446785596823, 21.46670325894473 ], [ 104.548668413502412, 21.469666888588378 ], [ 104.55083415571724, 21.469392547186146 ], [ 104.550438272348799, 21.470568550347014 ], [ 104.554925513890922, 21.475745546944339 ], [ 104.553627849575264, 21.480301882866662 ], [ 104.554853455183334, 21.482026705277278 ], [ 104.55237637101591, 21.484398600316688 ], [ 104.552348310492718, 21.487026911629911 ], [ 104.549148485405453, 21.488100754773708 ], [ 104.548026511959534, 21.491436609342887 ], [ 104.549164696077113, 21.494222132156224 ], [ 104.546730236611054, 21.496541962662082 ], [ 104.54884425971197, 21.499639836967908 ], [ 104.553777084968203, 21.498773895880493 ], [ 104.553830750766323, 21.502154517784756 ], [ 104.555238889780455, 21.50291687471147 ], [ 104.554429745358448, 21.507707257142879 ], [ 104.558086427696381, 21.509780641337681 ], [ 104.561307956071957, 21.516067066755973 ], [ 104.564583266820335, 21.518906636717468 ], [ 104.564831155920032, 21.525150730568146 ], [ 104.569493372957339, 21.530635784969967 ], [ 104.575918117003553, 21.53123206461035 ] ], [ [ 104.599931375818542, 21.480395474044858 ], [ 104.599931387387542, 21.48038418349957 ], [ 104.599937461253688, 21.480389879391755 ], [ 104.599931375818542, 21.480395474044858 ] ] ] } },
{ "type": "Feature", "properties": { "xa": "Cát Thịnh", "hat_kl": "Hạt KL Nghĩa Lộ", "che_phu": 67.8, "dt_rung": 12094.7, "DTBD": 16912.02 }, "geometry": { "type": "Polygon", "coordinates": [ [ [ 104.69081136761325, 21.552638494694893 ], [ 104.69123928699031, 21.550708244284611 ], [ 104.698547497523023, 21.546971339705738 ], [ 104.713092647131404, 21.535914656921499 ], [ 104.716804220220837, 21.535947049907584 ], [ 104.720933183803126, 21.532352740852417 ], [ 104.726637193572387, 21.531266585914196 ], [ 104.726457917407458, 21.529511472576367 ], [ 104.730377206995911, 21.524974093158328 ], [ 104.729135505794787, 21.520907095053246 ], [ 104.73335785167275, 21.517346264440192 ], [ 104.736769405872622, 21.517668033490008 ], [ 104.741462533356994, 21.515493781982894 ], [ 104.744442231667875, 21.509921257958357 ], [ 104.743421995639537, 21.503215899460162 ], [ 104.757552419220019, 21.494217010197566 ], [ 104.763297366563549, 21.485066772083609 ], [ 104.765871159933241, 21.48473487526481 ], [ 104.766496070956208, 21.482456466072286 ], [ 104.763468335487588, 21.479384524835069 ], [ 104.763557415531693, 21.474263016225766 ], [ 104.760555488788171, 21.475284625017611 ], [ 104.759591429405546, 21.473455336269108 ], [ 104.755021729547323, 21.470794117205614 ], [ 104.755373430309987, 21.469942885504778 ], [ 104.751890678506584, 21.470143934083115 ], [ 104.752184866659874, 21.468124087408821 ], [ 104.750416388318328, 21.465555173111724 ], [ 104.748110163537206, 21.467560464534035 ], [ 104.750141870036956, 21.471438750536933 ], [ 104.748629362877978, 21.471912227537384 ], [ 104.747649776387888, 21.474206104139395 ], [ 104.744547969198578, 21.474946694862577 ], [ 104.746386085094358, 21.479428746887166 ], [ 104.744577943088572, 21.478577839604874 ], [ 104.74374655736213, 21.481282312161284 ], [ 104.740583764704255, 21.480800462738312 ], [ 104.73878574311324, 21.482854966908342 ], [ 104.734978175943965, 21.4824568786557 ], [ 104.727521327601295, 21.489490252337585 ], [ 104.725445656998161, 21.488588521153019 ], [ 104.725194637789897, 21.486877013800282 ], [ 104.721382600181585, 21.487280968691611 ], [ 104.71858905015641, 21.490119278258959 ], [ 104.71608396741739, 21.487933476175897 ], [ 104.718421110661367, 21.484357892652945 ], [ 104.719351645746741, 21.487012254382087 ], [ 104.722274146138858, 21.486744048866012 ], [ 104.722865553868019, 21.483048965771207 ], [ 104.721427386122741, 21.482301470479218 ], [ 104.724246924435619, 21.480331767010696 ], [ 104.730019290467723, 21.478811217589303 ], [ 104.733334792608446, 21.480784091011238 ], [ 104.735695392918956, 21.479560229505118 ], [ 104.736660228085995, 21.477449150168233 ], [ 104.732688388481932, 21.477704224652044 ], [ 104.728867804246221, 21.476268797087716 ], [ 104.728447655900638, 21.474191997420128 ], [ 104.730066986292456, 21.473670121181751 ], [ 104.729776717510816, 21.471569403562057 ], [ 104.731317756442422, 21.470277848137414 ], [ 104.735123567741823, 21.470497086631195 ], [ 104.735177658209523, 21.46902597163982 ], [ 104.737889045670073, 21.469665598947064 ], [ 104.741758837751661, 21.467995728596254 ], [ 104.737139358913439, 21.464233679525314 ], [ 104.738757013368229, 21.463595379907254 ], [ 104.732019839125542, 21.460273365857944 ], [ 104.730449016290351, 21.454197484092123 ], [ 104.728400910400211, 21.453495678498221 ], [ 104.728224320808977, 21.450383869902907 ], [ 104.725075860841244, 21.446998591495994 ], [ 104.725999512049995, 21.443839517662742 ], [ 104.731640270469143, 21.439255690726323 ], [ 104.733145623897684, 21.435609603934473 ], [ 104.73125674284401, 21.431961621247375 ], [ 104.727715397605024, 21.429854713726566 ], [ 104.726106318308936, 21.425433975001486 ], [ 104.726655337649319, 21.422854091583407 ], [ 104.730792814517145, 21.419386666840591 ], [ 104.733618723582779, 21.41924371075994 ], [ 104.733682371432394, 21.406363405514675 ], [ 104.731401409960867, 21.404065649267292 ], [ 104.728836842589843, 21.404537296020195 ], [ 104.722542757849425, 21.399921834321322 ], [ 104.709861365895705, 21.400195223590671 ], [ 104.707019857278908, 21.403737266210019 ], [ 104.702127205125237, 21.406624729708764 ], [ 104.697400312885662, 21.400214630822251 ], [ 104.689830570991404, 21.400687649576323 ], [ 104.687650975407422, 21.394305535659182 ], [ 104.68908985016779, 21.385954739372984 ], [ 104.687919154000213, 21.381825614175757 ], [ 104.685825381860383, 21.380260024150861 ], [ 104.68537660122611, 21.376872817873565 ], [ 104.678376682043108, 21.375210602649201 ], [ 104.673762704479699, 21.376666156911327 ], [ 104.670450273343661, 21.376087799591307 ], [ 104.667416093031122, 21.378756542834164 ], [ 104.660257497876927, 21.380354793502846 ], [ 104.654949883224077, 21.383454918327462 ], [ 104.64477674440964, 21.383602942730231 ], [ 104.640425727462343, 21.388063595763477 ], [ 104.638341618004475, 21.387660995542635 ], [ 104.635487657591497, 21.389072576015213 ], [ 104.630796374814182, 21.394538064422342 ], [ 104.624400141268183, 21.396540969436227 ], [ 104.61978550915714, 21.40119525874767 ], [ 104.616308771242501, 21.401365044171293 ], [ 104.612623492826501, 21.403914568517465 ], [ 104.60701565245347, 21.415880591474988 ], [ 104.590747198037135, 21.422961136474051 ], [ 104.586855313043529, 21.422777193431859 ], [ 104.586562497428901, 21.426023911318318 ], [ 104.589617127749065, 21.434776731961399 ], [ 104.588492686021482, 21.437099259017771 ], [ 104.589685383684042, 21.439059732187243 ], [ 104.601510821188683, 21.446698209565497 ], [ 104.607176733414789, 21.453570262802099 ], [ 104.618009197894253, 21.451074450481521 ], [ 104.623391937630629, 21.446943718030898 ], [ 104.634417120080514, 21.444523308663882 ], [ 104.635460531493493, 21.446645577418668 ], [ 104.640365994391459, 21.449645119619053 ], [ 104.641858217151125, 21.453812053750195 ], [ 104.645687667152998, 21.457576874939949 ], [ 104.654572815613363, 21.458582615709595 ], [ 104.662470796690215, 21.464127998837192 ], [ 104.661827111478189, 21.467146946360131 ], [ 104.656115421685527, 21.472837364997492 ], [ 104.655383702965892, 21.476827585663315 ], [ 104.65221907174525, 21.480551835202 ], [ 104.655367587674917, 21.48548961293541 ], [ 104.658089268933338, 21.486568070943161 ], [ 104.658457329732599, 21.488604368057388 ], [ 104.663543445458558, 21.491862280730977 ], [ 104.663077742297787, 21.49355128729281 ], [ 104.659501851499115, 21.495149125171746 ], [ 104.663992008040509, 21.499122880685555 ], [ 104.664240629334699, 21.501763099885128 ], [ 104.669088756478132, 21.505155210865972 ], [ 104.668419023336966, 21.50945070959737 ], [ 104.671134117506469, 21.513546413195474 ], [ 104.671073118264175, 21.516041049556826 ], [ 104.66961794669372, 21.518199465331158 ], [ 104.669114075996674, 21.524117171149165 ], [ 104.666764530099925, 21.526912631383983 ], [ 104.665987959630328, 21.530357835057835 ], [ 104.668043759463828, 21.533351654445386 ], [ 104.670861568615749, 21.534510336487578 ], [ 104.672392532163897, 21.537511799951513 ], [ 104.679878553745098, 21.538854077218449 ], [ 104.679533477642366, 21.542127543665011 ], [ 104.669696631588508, 21.546797812535509 ], [ 104.671756719039337, 21.548848963267144 ], [ 104.678672260265316, 21.546959056297606 ], [ 104.683533863604623, 21.54831682639508 ], [ 104.69081136761325, 21.552638494694893 ] ], [ [ 104.682067652086673, 21.45587554207864 ], [ 104.682067657316523, 21.455864251469372 ], [ 104.682073733418861, 21.455869854078955 ], [ 104.682067652086673, 21.45587554207864 ] ] ] } },
{ "type": "Feature", "properties": { "xa": "Phình Hồ", "hat_kl": "Hạt KL Nghĩa Lộ", "che_phu": 59.3, "dt_rung": 14357.8, "DTBD": 22602.1 }, "geometry": { "type": "Polygon", "coordinates": [ [ [ 104.568133727779866, 21.554295677788133 ], [ 104.571674621163609, 21.553231878371253 ], [ 104.576705606452379, 21.554296679143118 ], [ 104.578837868726012, 21.552313569368444 ], [ 104.578816196496859, 21.549388868385577 ], [ 104.582228542791583, 21.548275033046181 ], [ 104.583293571245463, 21.546493202244729 ], [ 104.595135904914031, 21.545677164257697 ], [ 104.597013624693048, 21.539329136503444 ], [ 104.603828763602152, 21.536205526574793 ], [ 104.605571886139586, 21.531719754114246 ], [ 104.611655210147049, 21.52923368414714 ], [ 104.609746539963211, 21.526387427982492 ], [ 104.609889636871486, 21.522828150372085 ], [ 104.606189285561797, 21.520100921070956 ], [ 104.601870066716188, 21.518776968175413 ], [ 104.595793215849966, 21.518953739280665 ], [ 104.591935861226929, 21.521875002953845 ], [ 104.583669889508329, 21.519977935577696 ], [ 104.580901371127766, 21.521864279414363 ], [ 104.578921377855309, 21.527106557897945 ], [ 104.576345102351283, 21.528630370183777 ], [ 104.575918600851708, 21.5313120920183 ], [ 104.569493372957339, 21.530635784969967 ], [ 104.564680020069616, 21.524895397955063 ], [ 104.564583266820335, 21.518906636717468 ], [ 104.561307956071957, 21.516067066755973 ], [ 104.558086427696381, 21.509780641337681 ], [ 104.554429745358448, 21.507707257142879 ], [ 104.555238889780455, 21.50291687471147 ], [ 104.553830750766323, 21.502154517784756 ], [ 104.553777084968203, 21.498773895880493 ], [ 104.548973149016462, 21.499680366971372 ], [ 104.546742093473057, 21.496830201225308 ], [ 104.549164696077113, 21.494222132156224 ], [ 104.548026511959534, 21.491436609342887 ], [ 104.549043802690463, 21.488290851657943 ], [ 104.552348310492718, 21.487026911629911 ], [ 104.55237637101591, 21.484398600316688 ], [ 104.554853455183334, 21.482026705277278 ], [ 104.553627849575264, 21.480301882866662 ], [ 104.554925513890922, 21.475745546944339 ], [ 104.550438272348799, 21.470568550347014 ], [ 104.55083415571724, 21.469392547186146 ], [ 104.548668413502412, 21.469666888588378 ], [ 104.548446785596823, 21.46670325894473 ], [ 104.549432322450784, 21.464485533812237 ], [ 104.555370621347734, 21.461395412618614 ], [ 104.55468112892197, 21.45999765034518 ], [ 104.557209412809712, 21.453858874850191 ], [ 104.555899769221583, 21.451486882374283 ], [ 104.558221385145444, 21.449186009998609 ], [ 104.557602015314714, 21.444514701359193 ], [ 104.559138949777804, 21.44212818527534 ], [ 104.564708097065434, 21.44040156146454 ], [ 104.566233878334216, 21.434775556962229 ], [ 104.570408828408759, 21.433844772601574 ], [ 104.570885904502134, 21.432405324668341 ], [ 104.574466321279459, 21.431218362649481 ], [ 104.575254238167062, 21.428185353528555 ], [ 104.577454587256355, 21.426056869108603 ], [ 104.576446070773727, 21.422504068753025 ], [ 104.579135317065578, 21.413634384163643 ], [ 104.579154838195052, 21.408790177479311 ], [ 104.575195574367854, 21.410926168545743 ], [ 104.571554903850597, 21.410989985620539 ], [ 104.570126654927975, 21.413041728707309 ], [ 104.565477906433088, 21.410055676789231 ], [ 104.559129422955266, 21.408929801538587 ], [ 104.548248533849318, 21.410314747862657 ], [ 104.545740191529291, 21.412660069337246 ], [ 104.540794048621905, 21.41404542416187 ], [ 104.532164379323021, 21.414457420936461 ], [ 104.528278314690937, 21.413049579085246 ], [ 104.520642907434734, 21.40484882187798 ], [ 104.520606345958186, 21.401514064308369 ], [ 104.518982924729684, 21.39872422539781 ], [ 104.514063992713588, 21.395913327204784 ], [ 104.515286093652037, 21.39306185479694 ], [ 104.513998369195107, 21.388783517032966 ], [ 104.509227145414528, 21.385432179309795 ], [ 104.507877622774103, 21.38117194959823 ], [ 104.504764811750121, 21.378160234024751 ], [ 104.505033091497737, 21.376887673248174 ], [ 104.499057412613027, 21.373889171780071 ], [ 104.493201146462582, 21.373335653166517 ], [ 104.487507936604402, 21.365563127202368 ], [ 104.483369021477472, 21.362987395299633 ], [ 104.481787630060921, 21.356901652700355 ], [ 104.47598784368013, 21.35250835384776 ], [ 104.470125356655259, 21.351360951393044 ], [ 104.46641731848905, 21.351761467107668 ], [ 104.464486582115299, 21.353285776653312 ], [ 104.460918580013271, 21.352505677359748 ], [ 104.447908176456778, 21.357009334754096 ], [ 104.438659108545437, 21.355930853475897 ], [ 104.4340636656204, 21.353157603953623 ], [ 104.427987492278305, 21.355300045013337 ], [ 104.423073358973511, 21.359638702271965 ], [ 104.420188158567925, 21.360471365565186 ], [ 104.420074524543082, 21.364669350226052 ], [ 104.421980193079165, 21.368481900397612 ], [ 104.420315119373555, 21.370609761001383 ], [ 104.4204585463755, 21.375377110570739 ], [ 104.418161997158336, 21.378410745946532 ], [ 104.418507944202318, 21.379851836796572 ], [ 104.41448211163403, 21.382012800021464 ], [ 104.413036660660339, 21.385949499203544 ], [ 104.409265521735591, 21.388382359748594 ], [ 104.411510434083425, 21.393060744547125 ], [ 104.402650724922268, 21.398452697465888 ], [ 104.399892646518865, 21.402522032074796 ], [ 104.398533771675389, 21.401988172605357 ], [ 104.397574597929676, 21.403505954924071 ], [ 104.395246633656171, 21.403669861031496 ], [ 104.395100860230571, 21.405242638957048 ], [ 104.389654997931672, 21.410416891322924 ], [ 104.386826755010276, 21.416333064216481 ], [ 104.385593239987116, 21.416327405594497 ], [ 104.386502946470202, 21.419371132596879 ], [ 104.385521547545892, 21.420652413951053 ], [ 104.388045279200725, 21.422423267276997 ], [ 104.388447696268699, 21.425217856146176 ], [ 104.390187430976908, 21.425582446233701 ], [ 104.389188668720493, 21.42630948307967 ], [ 104.390154801451402, 21.428859689654356 ], [ 104.394162224283534, 21.427609587195743 ], [ 104.397935366804603, 21.428569304171344 ], [ 104.405575926317979, 21.424167892385789 ], [ 104.414057160075373, 21.421800738341833 ], [ 104.419323117913407, 21.426040734466238 ], [ 104.415967689057169, 21.430763085585177 ], [ 104.407916981613369, 21.433592583352709 ], [ 104.405357652343469, 21.43903305653447 ], [ 104.406837618736532, 21.440170926134421 ], [ 104.40650463134962, 21.442129278313537 ], [ 104.403390295197511, 21.443257055933007 ], [ 104.403422505255449, 21.447101846929304 ], [ 104.395614104084842, 21.448925752442136 ], [ 104.395546134541931, 21.45249827286549 ], [ 104.39336956710234, 21.455787571910992 ], [ 104.396197564570144, 21.466823262529658 ], [ 104.405572680722969, 21.472065251174524 ], [ 104.409761705390821, 21.476300518220565 ], [ 104.414024114805997, 21.475027265585872 ], [ 104.415793738738884, 21.476240425648061 ], [ 104.417677705517065, 21.470707342475155 ], [ 104.42530535545707, 21.468427471565789 ], [ 104.428942396287397, 21.465048706400868 ], [ 104.430382886635371, 21.460598681137014 ], [ 104.433196354548343, 21.458753115742319 ], [ 104.433754014279614, 21.454925159472968 ], [ 104.439651650357661, 21.454218306915838 ], [ 104.450442870925485, 21.445135652857829 ], [ 104.46024152289354, 21.443659751884017 ], [ 104.461070375673387, 21.448261124906274 ], [ 104.460246547819153, 21.451617591312804 ], [ 104.463688437063666, 21.453530077233722 ], [ 104.463664901111599, 21.45614573306846 ], [ 104.467873228267322, 21.461127029976236 ], [ 104.470105593594326, 21.460685482072844 ], [ 104.470102436261982, 21.462389621247443 ], [ 104.471491689100489, 21.462553078124991 ], [ 104.470767687139514, 21.465000556485354 ], [ 104.472539521411846, 21.466101122852752 ], [ 104.471232986667616, 21.469660697495787 ], [ 104.474057320740343, 21.476266800016933 ], [ 104.473030341150761, 21.479700481977957 ], [ 104.477908109705893, 21.481794794006404 ], [ 104.478419929102785, 21.484675784372758 ], [ 104.481586828731267, 21.486110546546737 ], [ 104.483216747603521, 21.484774736665184 ], [ 104.485979338425224, 21.486849708570041 ], [ 104.490793992393492, 21.500190310041614 ], [ 104.495550020617856, 21.501511110855894 ], [ 104.497184177507108, 21.504619465720204 ], [ 104.49660500588368, 21.506547813052798 ], [ 104.500156201574399, 21.509467549292776 ], [ 104.50103585913422, 21.514935072952234 ], [ 104.502993160304527, 21.516846609730354 ], [ 104.502134612513146, 21.518861361060498 ], [ 104.506074784585067, 21.520256613727081 ], [ 104.507631051124093, 21.522162902952918 ], [ 104.507113362692877, 21.525993406806606 ], [ 104.513857517372713, 21.530068099311418 ], [ 104.516756972236706, 21.527222106427697 ], [ 104.520201950621583, 21.531961830007265 ], [ 104.523859399546083, 21.53037017674831 ], [ 104.524686134606341, 21.532309188207126 ], [ 104.529674660276555, 21.534891156873595 ], [ 104.534349782069285, 21.534412046984599 ], [ 104.53521007691019, 21.537404674673926 ], [ 104.537690230152833, 21.538184090606197 ], [ 104.537774986718404, 21.540446894527069 ], [ 104.541184320677587, 21.543869854164459 ], [ 104.54338395817814, 21.544103822023835 ], [ 104.544120636599146, 21.545855474387778 ], [ 104.545493910969199, 21.545510321671927 ], [ 104.548587448508286, 21.548371291258853 ], [ 104.557260096196529, 21.551486503369279 ], [ 104.565857324991057, 21.551999412518001 ], [ 104.568133727779866, 21.554295677788133 ] ], [ [ 104.491876925489322, 21.443869227525333 ], [ 104.491876945351947, 21.443857937007134 ], [ 104.491883013482237, 21.443863636800376 ], [ 104.491876925489322, 21.443869227525333 ] ] ] } },
{ "type": "Feature", "properties": { "xa": "Chấn Thịnh", "hat_kl": "Hạt KL Nghĩa Lộ", "che_phu": 48.3, "dt_rung": 6774.3, "DTBD": 12053.43 }, "geometry": { "type": "Polygon", "coordinates": [ [ [ 104.791962310754215, 21.565689992446977 ], [ 104.796622762791202, 21.564161378829919 ], [ 104.803082126986595, 21.557710328285012 ], [ 104.802897178469337, 21.556250754176194 ], [ 104.812282571493441, 21.557165200782364 ], [ 104.815531044843993, 21.555890389349749 ], [ 104.818192350639549, 21.552396499110117 ], [ 104.826952708562729, 21.552946370033766 ], [ 104.831675073941668, 21.544395871906179 ], [ 104.841520414473834, 21.543784685215744 ], [ 104.84558885162663, 21.536446292358175 ], [ 104.848398721509255, 21.535823229386338 ], [ 104.852658757656528, 21.531867090427774 ], [ 104.857605025110246, 21.532895111987035 ], [ 104.859858833053622, 21.531911279205136 ], [ 104.867745446201937, 21.542321782845296 ], [ 104.878666448074924, 21.535663528541317 ], [ 104.885199907966765, 21.522143908429992 ], [ 104.882767254066351, 21.519296408335212 ], [ 104.883597996561434, 21.51519394759325 ], [ 104.882168936563886, 21.509013570989971 ], [ 104.88466866925333, 21.505242976848102 ], [ 104.884517290770447, 21.500796616842425 ], [ 104.887626259346064, 21.492969470115312 ], [ 104.894377841825829, 21.484185778256258 ], [ 104.893944465864465, 21.480291181418128 ], [ 104.892676097932153, 21.479174232552971 ], [ 104.88571116941462, 21.479320577341134 ], [ 104.883645755054559, 21.477238454914055 ], [ 104.880948003720363, 21.479113378622039 ], [ 104.878888286102267, 21.484519635698557 ], [ 104.876901403677721, 21.48527952042096 ], [ 104.869032947899285, 21.479713010730173 ], [ 104.863028701605884, 21.479672919731435 ], [ 104.861678666063241, 21.477320239939974 ], [ 104.863752762813903, 21.476319038610914 ], [ 104.862339204277674, 21.473906159832477 ], [ 104.860402078145967, 21.474668796453493 ], [ 104.856923081714214, 21.471503914679364 ], [ 104.854679616891758, 21.471106009004664 ], [ 104.849516092286237, 21.472446418724225 ], [ 104.844561549104014, 21.465656695919893 ], [ 104.838797774112223, 21.467860166435731 ], [ 104.835567462632852, 21.467459905573673 ], [ 104.833360091191309, 21.463977194504686 ], [ 104.830117246275179, 21.464295548482436 ], [ 104.828609222079649, 21.458473745857614 ], [ 104.82296415347524, 21.453469866248618 ], [ 104.816395620618181, 21.442643721181419 ], [ 104.811804219689776, 21.443364105672664 ], [ 104.80886741460769, 21.446050979003651 ], [ 104.805395467135583, 21.444037013106037 ], [ 104.802976213931572, 21.447426791126361 ], [ 104.803354456053441, 21.451231971998205 ], [ 104.802109745688284, 21.454038579711838 ], [ 104.798824707248642, 21.454397618797053 ], [ 104.797265308149193, 21.457728797850368 ], [ 104.801145046620618, 21.458926629004761 ], [ 104.806015202092453, 21.464362443797732 ], [ 104.809592271371727, 21.473095882916553 ], [ 104.808134371316314, 21.475286409096142 ], [ 104.803776111322748, 21.476262110184368 ], [ 104.803197084889845, 21.482309892557343 ], [ 104.80056797913582, 21.481948416740615 ], [ 104.796341616051762, 21.478447123122013 ], [ 104.791827071452389, 21.478852516903039 ], [ 104.790366377276968, 21.474880847638193 ], [ 104.784246185589154, 21.474138931556155 ], [ 104.779670193689384, 21.476550844294231 ], [ 104.773686857658674, 21.476616201082447 ], [ 104.772053406596285, 21.476113677315134 ], [ 104.771483764159186, 21.472831441064066 ], [ 104.766572641944194, 21.474312151932402 ], [ 104.764370613322782, 21.47325158209447 ], [ 104.763468335487588, 21.479384524835069 ], [ 104.766477610357541, 21.482206268613783 ], [ 104.766101004678518, 21.484432265764713 ], [ 104.763297366563549, 21.485066772083609 ], [ 104.757285766600745, 21.494449969005348 ], [ 104.743421995639537, 21.503215899460162 ], [ 104.744442231667875, 21.509921257958357 ], [ 104.741127270158685, 21.515927230807673 ], [ 104.739034090623505, 21.515843285668378 ], [ 104.736769405872622, 21.517668033490008 ], [ 104.73335785167275, 21.517346264440192 ], [ 104.729135505794787, 21.520907095053246 ], [ 104.730473899895344, 21.524498637945598 ], [ 104.726457917407458, 21.529511472576367 ], [ 104.727231252262442, 21.534558439573516 ], [ 104.729176848543958, 21.537653286521536 ], [ 104.733435233068903, 21.538095628661228 ], [ 104.738155268345665, 21.536626367470447 ], [ 104.742115373377416, 21.53105622394968 ], [ 104.747503866212654, 21.531267568937476 ], [ 104.756226412993243, 21.534451305178351 ], [ 104.758923456086166, 21.533350312410171 ], [ 104.763073955983785, 21.53469541581638 ], [ 104.764370678375002, 21.532801393392781 ], [ 104.766771930015636, 21.533330468322639 ], [ 104.769333380316965, 21.535494356079763 ], [ 104.767390699888196, 21.541083822065538 ], [ 104.77233562423578, 21.547162036696683 ], [ 104.774405685197692, 21.547650398936863 ], [ 104.775780483768003, 21.552869107654985 ], [ 104.780694928656686, 21.557375435364122 ], [ 104.779621991897884, 21.56105180883721 ], [ 104.784226751923413, 21.565035107912983 ], [ 104.791962310754215, 21.565689992446977 ] ], [ [ 104.813705704328569, 21.508756382958396 ], [ 104.813705699408729, 21.508745092419375 ], [ 104.813711686258728, 21.508750780567397 ], [ 104.813705704328569, 21.508756382958396 ] ] ] } },
{ "type": "Feature", "properties": { "xa": "Hạnh Phúc", "hat_kl": "Hạt KL Nghĩa Lộ", "che_phu": 64.9, "dt_rung": 13643.6, "DTBD": 19384.98 }, "geometry": { "type": "Polygon", "coordinates": [ [ [ 104.311863077940501, 21.574284890242311 ], [ 104.322101920119593, 21.571777075011784 ], [ 104.329295450125471, 21.561183469371958 ], [ 104.332469745770084, 21.561266328914446 ], [ 104.334246135454535, 21.565103585199001 ], [ 104.346684274577328, 21.567067678620273 ], [ 104.349707826455045, 21.56513304380843 ], [ 104.354041525055763, 21.565134997665208 ], [ 104.362288034716144, 21.560452933911197 ], [ 104.366976892360654, 21.562781807241716 ], [ 104.384532597984887, 21.5519834350469 ], [ 104.386464683735412, 21.549604317271221 ], [ 104.387032413969834, 21.544468093684674 ], [ 104.385764576033253, 21.541689352952105 ], [ 104.386871306238007, 21.535647009089452 ], [ 104.389219135922218, 21.531733810543034 ], [ 104.388464027231308, 21.529083459585319 ], [ 104.395459879281532, 21.522711014855638 ], [ 104.39488199005676, 21.519041499894072 ], [ 104.392490147369472, 21.516786178106759 ], [ 104.393807463047253, 21.509288298012642 ], [ 104.402390834634943, 21.506716279410217 ], [ 104.404132275532959, 21.504129787173358 ], [ 104.409771224813014, 21.503677198015193 ], [ 104.41539132680893, 21.498960035872933 ], [ 104.417019162818818, 21.495048312304458 ], [ 104.421113255480165, 21.492446525941634 ], [ 104.421101050768996, 21.490619529343288 ], [ 104.426050540765772, 21.485593661071359 ], [ 104.426303189325111, 21.484154754264324 ], [ 104.420360980307279, 21.483222111760849 ], [ 104.419621958903292, 21.480994628841973 ], [ 104.41744651397461, 21.481328125288858 ], [ 104.414566760157655, 21.478426056921524 ], [ 104.416188556449342, 21.476816485300958 ], [ 104.414421460988081, 21.475084877077428 ], [ 104.409761705390821, 21.476300518220565 ], [ 104.405572680722969, 21.472065251174524 ], [ 104.396197564570144, 21.466823262529658 ], [ 104.39358284627238, 21.458587065478465 ], [ 104.393369853123332, 21.455669971129677 ], [ 104.395546134541931, 21.45249827286549 ], [ 104.395614104084842, 21.448925752442136 ], [ 104.403422505255449, 21.447101846929304 ], [ 104.403390295197511, 21.443257055933007 ], [ 104.40650463134962, 21.442129278313537 ], [ 104.406837618736532, 21.440170926134421 ], [ 104.405357652343469, 21.43903305653447 ], [ 104.407916981613369, 21.433592583352709 ], [ 104.415967689057169, 21.430763085585177 ], [ 104.419323117913407, 21.426040734466238 ], [ 104.414057160075373, 21.421800738341833 ], [ 104.405575926317979, 21.424167892385789 ], [ 104.397935366804603, 21.428569304171344 ], [ 104.394162224283534, 21.427609587195743 ], [ 104.390154801451402, 21.428859689654356 ], [ 104.389188668720493, 21.42630948307967 ], [ 104.390187430976908, 21.425582446233701 ], [ 104.388447696268699, 21.425217856146176 ], [ 104.388045279200725, 21.422423267276997 ], [ 104.385507387009355, 21.42060568565401 ], [ 104.386502946470202, 21.419371132596879 ], [ 104.385620546441785, 21.416246263685224 ], [ 104.386826755010276, 21.416333064216481 ], [ 104.389654997931672, 21.410416891322924 ], [ 104.395100860230571, 21.405242638957048 ], [ 104.395000007509324, 21.403909240100486 ], [ 104.397574597929676, 21.403505954924071 ], [ 104.398533771675389, 21.401988172605357 ], [ 104.399892646518865, 21.402522032074796 ], [ 104.402650724922268, 21.398452697465888 ], [ 104.411510434083425, 21.393060744547125 ], [ 104.409136431973735, 21.389361756758653 ], [ 104.410365563326053, 21.387451357907519 ], [ 104.396759213398781, 21.392335730461429 ], [ 104.393002566351527, 21.390726235698818 ], [ 104.382419882709385, 21.389445251035493 ], [ 104.377603718568125, 21.394411492119161 ], [ 104.374162992328579, 21.394840714631798 ], [ 104.37289269498288, 21.398305767641489 ], [ 104.369709752796552, 21.398069336687886 ], [ 104.363627469394558, 21.401299419759898 ], [ 104.36078595876468, 21.406728904530429 ], [ 104.356347294438294, 21.409241556653864 ], [ 104.355131720738015, 21.413854606403248 ], [ 104.350825165234596, 21.416729073599893 ], [ 104.351002998479174, 21.417879950554951 ], [ 104.349096094786361, 21.41730482400698 ], [ 104.34710207105465, 21.419414609280402 ], [ 104.342619104534364, 21.416114000920466 ], [ 104.342909110792007, 21.409132140276821 ], [ 104.34072874557971, 21.409722696235409 ], [ 104.336535175182533, 21.407798896157992 ], [ 104.331335476913551, 21.407956972401138 ], [ 104.329606954451108, 21.410577541579485 ], [ 104.327865211723406, 21.410995697670497 ], [ 104.326933476312078, 21.414838874812151 ], [ 104.32224555230691, 21.419261406169987 ], [ 104.31996279035836, 21.428093075725929 ], [ 104.31162029624879, 21.431914884352583 ], [ 104.308776297699893, 21.431427528292758 ], [ 104.304441491142114, 21.433069598098452 ], [ 104.303181110559706, 21.437474099115263 ], [ 104.298809939914449, 21.439098669637811 ], [ 104.300582958788112, 21.449549385013061 ], [ 104.30306887271081, 21.452403834821478 ], [ 104.301069653210774, 21.457603250326656 ], [ 104.296122329493059, 21.457351179015397 ], [ 104.291607198706927, 21.461415045664413 ], [ 104.287966890428947, 21.462909897446558 ], [ 104.282023436861834, 21.472180886068731 ], [ 104.284338290166048, 21.476607191618516 ], [ 104.283003258863928, 21.484678476497439 ], [ 104.28604423831257, 21.487039935259084 ], [ 104.284402803673075, 21.491582379667499 ], [ 104.285656786456798, 21.494913163828407 ], [ 104.293048803492979, 21.502555397030559 ], [ 104.29251777601155, 21.507923693637093 ], [ 104.294877285560077, 21.510498544832572 ], [ 104.292273426599237, 21.515835340213695 ], [ 104.292203116416871, 21.522812712785989 ], [ 104.293574405868654, 21.524482820900136 ], [ 104.287751225512835, 21.533388167296895 ], [ 104.282980547515294, 21.536485024549989 ], [ 104.278719935328994, 21.546084542901045 ], [ 104.279121272438687, 21.548537640107284 ], [ 104.276818431094085, 21.550957070428467 ], [ 104.282090647265704, 21.556634938018739 ], [ 104.282141138221874, 21.559466211007269 ], [ 104.284599742930908, 21.56047394823154 ], [ 104.288790556262143, 21.569454443627265 ], [ 104.299520167055022, 21.572125256201819 ], [ 104.306498831602696, 21.570716175165074 ], [ 104.311863077940501, 21.574284890242311 ] ], [ [ 104.347040883987503, 21.487510384359673 ], [ 104.34704091506508, 21.487499094065672 ], [ 104.347046979264164, 21.48750479903325 ], [ 104.347040883987503, 21.487510384359673 ] ] ] } },
{ "type": "Feature", "properties": { "xa": "P. Cầu Thia", "hat_kl": "Hạt KL Nghĩa Lộ", "che_phu": 26.1, "dt_rung": 917.5, "DTBD": 3184.24 }, "geometry": { "type": "Polygon", "coordinates": [ [ [ 104.517733441675603, 21.593050614440827 ], [ 104.519592689774569, 21.591257036313163 ], [ 104.521394107250103, 21.592683460832575 ], [ 104.525903419632641, 21.591974414820232 ], [ 104.521997236007053, 21.584722678602819 ], [ 104.522514078153108, 21.580647557958773 ], [ 104.524192267646299, 21.58076536491393 ], [ 104.524264116543421, 21.579019155783392 ], [ 104.526172571405382, 21.577272082332811 ], [ 104.527808334668023, 21.577895063183536 ], [ 104.528293647270715, 21.576267725696606 ], [ 104.530070882073787, 21.577208448789293 ], [ 104.529281375887678, 21.576235617824718 ], [ 104.534800838934459, 21.573014689016198 ], [ 104.532961252801442, 21.57031696761446 ], [ 104.53345225281231, 21.569225056632732 ], [ 104.530318499681314, 21.568417438930194 ], [ 104.526530903846762, 21.564565987087075 ], [ 104.522106748142221, 21.554269733605736 ], [ 104.523950016532382, 21.554145067832646 ], [ 104.52271300858142, 21.551968489596966 ], [ 104.523128235315085, 21.547830436778803 ], [ 104.527598005380696, 21.54560646224887 ], [ 104.527141461244312, 21.541102142797875 ], [ 104.532753334235508, 21.538168430857528 ], [ 104.534383405972164, 21.534458155489283 ], [ 104.529674660276555, 21.534891156873595 ], [ 104.524686134606341, 21.532309188207126 ], [ 104.523859399546083, 21.53037017674831 ], [ 104.520201950621583, 21.531961830007265 ], [ 104.516756972236706, 21.527222106427697 ], [ 104.5151683907783, 21.529637841276578 ], [ 104.51340860300725, 21.529903887419273 ], [ 104.507113362692877, 21.525993406806606 ], [ 104.507792446827636, 21.522805428539431 ], [ 104.506498347915567, 21.520666036943691 ], [ 104.502134612513146, 21.518861361060498 ], [ 104.501564294582693, 21.520014487933938 ], [ 104.498604523021243, 21.520408293413897 ], [ 104.493832065031995, 21.519614228839714 ], [ 104.489418051440353, 21.522186585649916 ], [ 104.48373861900933, 21.51915368107494 ], [ 104.484746504380368, 21.517964911597286 ], [ 104.483994050573131, 21.514953500725095 ], [ 104.478519590555265, 21.519432684261904 ], [ 104.476596448447339, 21.518868546253074 ], [ 104.472785832066876, 21.514073218984688 ], [ 104.472293258040054, 21.515855747993136 ], [ 104.470861632204446, 21.515982252101253 ], [ 104.469183333699945, 21.522714135036072 ], [ 104.47130736794864, 21.524852308536531 ], [ 104.477632631325591, 21.525574228849361 ], [ 104.478590960084091, 21.527573473420809 ], [ 104.483013353571181, 21.528531622895564 ], [ 104.48593696711599, 21.534101371754836 ], [ 104.484353583740315, 21.536894727574111 ], [ 104.481341323683822, 21.53664295958945 ], [ 104.479376739703298, 21.53883021482547 ], [ 104.475403562880345, 21.539612153405564 ], [ 104.473666596622962, 21.555565867608443 ], [ 104.474730409169752, 21.55853383760191 ], [ 104.479528580299288, 21.560666813854418 ], [ 104.471762090036023, 21.562709600727263 ], [ 104.47157256680191, 21.564824106710198 ], [ 104.475518665810142, 21.566851178337306 ], [ 104.477106790226955, 21.571645419912887 ], [ 104.493405770349938, 21.574214725669187 ], [ 104.49357972185517, 21.576278512447246 ], [ 104.504727014228337, 21.574507806221156 ], [ 104.506224361149947, 21.575252369278651 ], [ 104.506362422001388, 21.577348427055846 ], [ 104.50925547481441, 21.578981970734485 ], [ 104.510930678845909, 21.575190905753036 ], [ 104.513836874662871, 21.577360366281056 ], [ 104.514150618294053, 21.575691098461359 ], [ 104.516561292996371, 21.575145329697342 ], [ 104.518882985146817, 21.579184112305615 ], [ 104.51391444447745, 21.57972811438793 ], [ 104.513965423977879, 21.58354839869817 ], [ 104.517102654001491, 21.588667987003458 ], [ 104.517733441675603, 21.593050614440827 ] ], [ [ 104.50183903619822, 21.550907957565162 ], [ 104.501839055399017, 21.550896667182446 ], [ 104.501845128315736, 21.550902366588399 ], [ 104.50183903619822, 21.550907957565162 ] ] ] } },
{ "type": "Feature", "properties": { "xa": "P. Nghĩa Lộ", "hat_kl": "Hạt KL Nghĩa Lộ", "che_phu": 32.9, "dt_rung": 1233.5, "DTBD": 2988.26 }, "geometry": { "type": "Polygon", "coordinates": [ [ [ 104.466921164524507, 21.619565258914502 ], [ 104.478219835806854, 21.61952015880966 ], [ 104.479820230687665, 21.617901207650213 ], [ 104.479608060900745, 21.616161794197225 ], [ 104.481313023268754, 21.615948234792196 ], [ 104.483116484613035, 21.617430078640496 ], [ 104.491029603521511, 21.619330689710488 ], [ 104.495219695094065, 21.618113381681425 ], [ 104.492892905591887, 21.613762757660417 ], [ 104.496229987785327, 21.61074035887761 ], [ 104.497976326728107, 21.611570910724371 ], [ 104.498850942293842, 21.615432531018339 ], [ 104.504104496459647, 21.613372895757571 ], [ 104.505238010777688, 21.615082116674099 ], [ 104.507070482620236, 21.61425663486596 ], [ 104.506683695253983, 21.60180237594 ], [ 104.510030633612104, 21.601365918644618 ], [ 104.517237485039672, 21.59222473158059 ], [ 104.517102654001491, 21.588667987003458 ], [ 104.514127615417678, 21.584472632725202 ], [ 104.51391444447745, 21.57972811438793 ], [ 104.516815765918935, 21.578812351619558 ], [ 104.518432631832752, 21.579826948281639 ], [ 104.517221051528907, 21.575735430516691 ], [ 104.514150618294053, 21.575691098461359 ], [ 104.513836874662871, 21.577360366281056 ], [ 104.510930678845909, 21.575190905753036 ], [ 104.50925547481441, 21.578981970734485 ], [ 104.506362422001388, 21.577348427055846 ], [ 104.506224361149947, 21.575252369278651 ], [ 104.504727014228337, 21.574507806221156 ], [ 104.49357972185517, 21.576278512447246 ], [ 104.493405770349938, 21.574214725669187 ], [ 104.477106790226955, 21.571645419912887 ], [ 104.475518665810142, 21.566851178337306 ], [ 104.472082005935547, 21.564775008482247 ], [ 104.469970616007132, 21.565150288432935 ], [ 104.465492831907156, 21.570086257502432 ], [ 104.455042376111976, 21.567821845883511 ], [ 104.455470626341224, 21.571212600067604 ], [ 104.453655352412596, 21.574534795182501 ], [ 104.45541221808331, 21.577656214391666 ], [ 104.453782816874664, 21.579475946980853 ], [ 104.454957310872018, 21.579554535031999 ], [ 104.455607336693603, 21.581787830535781 ], [ 104.452206367524724, 21.584756019025424 ], [ 104.454082284702551, 21.584462924219068 ], [ 104.458200099012359, 21.58725221953426 ], [ 104.458890339241748, 21.594434618413633 ], [ 104.452168111898061, 21.594159888166281 ], [ 104.444936260337428, 21.596518660678903 ], [ 104.445683066715233, 21.600557441842504 ], [ 104.443860121396725, 21.605360153604632 ], [ 104.447095726609035, 21.605822203280741 ], [ 104.446930803499328, 21.608031915682879 ], [ 104.448773353869598, 21.609724195120354 ], [ 104.4561750719309, 21.607676364902606 ], [ 104.457919693645565, 21.609949690915006 ], [ 104.460440310654306, 21.609730368483469 ], [ 104.460379534819481, 21.611730543000391 ], [ 104.464528793023774, 21.613419879844681 ], [ 104.46551630602292, 21.617039706361858 ], [ 104.467740641706186, 21.616297252415794 ], [ 104.466921164524507, 21.619565258914502 ] ], [ [ 104.481289138182476, 21.593575919945067 ], [ 104.481289159018672, 21.593564629638344 ], [ 104.481295233048812, 21.593570239451704 ], [ 104.481289138182476, 21.593575919945067 ] ] ] } },
{ "type": "Feature", "properties": { "xa": "P. Trung Tâm", "hat_kl": "Hạt KL Nghĩa Lộ", "che_phu": 19.8, "dt_rung": 1150.1, "DTBD": 4314.75 }, "geometry": { "type": "Polygon", "coordinates": [ [ [ 104.522208135318564, 21.643016611144173 ], [ 104.52448277974004, 21.642116580066119 ], [ 104.526748562607693, 21.637598007518918 ], [ 104.530770819220294, 21.638414277145888 ], [ 104.5364603228888, 21.637366627608198 ], [ 104.539322446474969, 21.63480195876318 ], [ 104.543026707815073, 21.635322354472759 ], [ 104.543501181225082, 21.625909430742883 ], [ 104.546112505677186, 21.622910597794924 ], [ 104.548931185452943, 21.621814802218601 ], [ 104.549136476119173, 21.619840324024558 ], [ 104.555527333218407, 21.611376902806583 ], [ 104.561483548251758, 21.60808886909431 ], [ 104.564235748300547, 21.608061796792491 ], [ 104.564031686780055, 21.606226206367275 ], [ 104.567504549516286, 21.604527824489651 ], [ 104.567262459808092, 21.602796247440256 ], [ 104.573919983571585, 21.602968806235506 ], [ 104.576648244206496, 21.598306935517805 ], [ 104.575928837256299, 21.594892874246344 ], [ 104.57405344298769, 21.593396235387765 ], [ 104.573532390731188, 21.589423632546644 ], [ 104.569106794729151, 21.589220804444139 ], [ 104.567342115618928, 21.586496266338603 ], [ 104.564225499808131, 21.58733273364718 ], [ 104.560671142964452, 21.584849449430457 ], [ 104.559648113254369, 21.572609573599088 ], [ 104.5582779729653, 21.570328783854979 ], [ 104.553315835766071, 21.568886046403936 ], [ 104.553742804748282, 21.565533747184837 ], [ 104.558406581239097, 21.566150302424045 ], [ 104.56013382218535, 21.564533684139342 ], [ 104.563549057756077, 21.564190698199162 ], [ 104.564713491226925, 21.562111035294709 ], [ 104.563845313605768, 21.556160009018807 ], [ 104.568133051579679, 21.554295948021107 ], [ 104.565857324991057, 21.551999412518001 ], [ 104.557260096196529, 21.551486503369279 ], [ 104.548587448508286, 21.548371291258853 ], [ 104.545493910969199, 21.545510321671927 ], [ 104.544120636599146, 21.545855474387778 ], [ 104.54338395817814, 21.544103822023835 ], [ 104.541184320677587, 21.543869854164459 ], [ 104.537774986718404, 21.540446894527069 ], [ 104.537690230152833, 21.538184090606197 ], [ 104.53521007691019, 21.537404674673926 ], [ 104.534383405972164, 21.534458155489283 ], [ 104.532753334235508, 21.538168430857528 ], [ 104.527141461244312, 21.541102142797875 ], [ 104.527598005380696, 21.54560646224887 ], [ 104.523128235315085, 21.547830436778803 ], [ 104.52271300858142, 21.551968489596966 ], [ 104.523950016532382, 21.554145067832646 ], [ 104.522106748142221, 21.554269733605736 ], [ 104.526530903846762, 21.564565987087075 ], [ 104.530318499681314, 21.568417438930194 ], [ 104.53345225281231, 21.569225056632732 ], [ 104.532961252801442, 21.57031696761446 ], [ 104.534800838934459, 21.573014689016198 ], [ 104.529281375887678, 21.576235617824718 ], [ 104.530070882073787, 21.577208448789293 ], [ 104.528293647270715, 21.576267725696606 ], [ 104.527808334668023, 21.577895063183536 ], [ 104.526172571405382, 21.577272082332811 ], [ 104.524264116543421, 21.579019155783392 ], [ 104.524192267646299, 21.58076536491393 ], [ 104.522514078153108, 21.580647557958773 ], [ 104.521997236007053, 21.584722678602819 ], [ 104.525903419632641, 21.591974414820232 ], [ 104.521394107250103, 21.592683460832575 ], [ 104.519592689774569, 21.591257036313163 ], [ 104.517718344374117, 21.593070193448089 ], [ 104.517237485039672, 21.59222473158059 ], [ 104.510030633612104, 21.601365918644618 ], [ 104.506754343432931, 21.601659317633406 ], [ 104.506033840245294, 21.604017944820153 ], [ 104.506651860800687, 21.611655363065459 ], [ 104.510397919166735, 21.613694686424093 ], [ 104.512203434916543, 21.617867022000507 ], [ 104.515736847630279, 21.619119391893882 ], [ 104.516576889155644, 21.620589851060387 ], [ 104.51339873569475, 21.623120263064081 ], [ 104.512459043200977, 21.625954238461858 ], [ 104.51480416081499, 21.628773015802654 ], [ 104.513697810515922, 21.632443236755453 ], [ 104.516819559354857, 21.63261979978348 ], [ 104.516186625723577, 21.639034784832869 ], [ 104.522208135318564, 21.643016611144173 ] ], [ [ 104.539133970928916, 21.59182460096379 ], [ 104.539133987278063, 21.591813310606739 ], [ 104.539140063355646, 21.591819008652976 ], [ 104.539133970928916, 21.59182460096379 ] ] ] } },
{ "type": "Feature", "properties": { "xa": "Văn Chấn", "hat_kl": "Hạt KL Nghĩa Lộ", "che_phu": 48.4, "dt_rung": 6953.9, "DTBD": 14024.69 }, "geometry": { "type": "Polygon", "coordinates": [ [ [ 104.611311352572855, 21.661142452066539 ], [ 104.611444196513816, 21.657613661091027 ], [ 104.613136376611465, 21.656215064237621 ], [ 104.628525237861027, 21.650160059165803 ], [ 104.629868000083377, 21.646894063090386 ], [ 104.629493087630976, 21.642299073138378 ], [ 104.635130946240494, 21.635386143620302 ], [ 104.638594724432011, 21.634791466970544 ], [ 104.639870986340654, 21.627006481226307 ], [ 104.643817227856573, 21.625524138243861 ], [ 104.650884019962589, 21.616218903092328 ], [ 104.652878656735581, 21.6090045244073 ], [ 104.65208074686106, 21.598801323811458 ], [ 104.653794240220975, 21.594943349347432 ], [ 104.648468881770697, 21.590492483897012 ], [ 104.654109075347264, 21.582640488868599 ], [ 104.654366903422599, 21.578986870984242 ], [ 104.658153780791309, 21.574480682741822 ], [ 104.663661074406718, 21.572416301371124 ], [ 104.665914904600015, 21.574889068907879 ], [ 104.66938596239055, 21.574890784594892 ], [ 104.672986093880084, 21.572400098039388 ], [ 104.676416935106957, 21.573141489268611 ], [ 104.681364380849118, 21.571188455304824 ], [ 104.68369613629315, 21.56770516392087 ], [ 104.687457968368633, 21.567243709166675 ], [ 104.689006366178305, 21.561362762972809 ], [ 104.69088369580156, 21.553087068624706 ], [ 104.683533863604623, 21.54831682639508 ], [ 104.678491718782965, 21.546954824087781 ], [ 104.671298622811449, 21.548799159902966 ], [ 104.669696631588508, 21.546797812535509 ], [ 104.679533477642366, 21.542127543665011 ], [ 104.679878553745098, 21.538854077218449 ], [ 104.672392532163897, 21.537511799951513 ], [ 104.670861568615749, 21.534510336487578 ], [ 104.668043759463828, 21.533351654445386 ], [ 104.665987959630328, 21.530357835057835 ], [ 104.669889948939826, 21.521924836270671 ], [ 104.669594042647361, 21.518311365504754 ], [ 104.671169771558951, 21.513658251455805 ], [ 104.668419023336966, 21.50945070959737 ], [ 104.6687674510992, 21.504617986376807 ], [ 104.664240629334699, 21.501763099885128 ], [ 104.663992008040509, 21.499122880685555 ], [ 104.659501851499115, 21.495149125171746 ], [ 104.663077742297787, 21.49355128729281 ], [ 104.663543445458558, 21.491862280730977 ], [ 104.658457329732599, 21.488604368057388 ], [ 104.6570412628828, 21.485706066403502 ], [ 104.655367587674917, 21.48548961293541 ], [ 104.654261872311238, 21.490565400769501 ], [ 104.64460930373032, 21.492736230804621 ], [ 104.64606172233924, 21.4977399382751 ], [ 104.648582172672661, 21.499876665031618 ], [ 104.646733226756822, 21.502317089689789 ], [ 104.649546581742925, 21.507298293960549 ], [ 104.645667591352392, 21.515551821402489 ], [ 104.631598994276061, 21.520857199360965 ], [ 104.628663398104408, 21.518791005053529 ], [ 104.619610038125984, 21.519265516483213 ], [ 104.609889636871486, 21.522828150372085 ], [ 104.609746539963211, 21.526387427982492 ], [ 104.611655210147049, 21.52923368414714 ], [ 104.605571886139586, 21.531719754114246 ], [ 104.603828763602152, 21.536205526574793 ], [ 104.597013624693048, 21.539329136503444 ], [ 104.595135904914031, 21.545677164257697 ], [ 104.583293571245463, 21.546493202244729 ], [ 104.582228542791583, 21.548275033046181 ], [ 104.578816196496859, 21.549388868385577 ], [ 104.578837868726012, 21.552313569368444 ], [ 104.576705606452379, 21.554296679143118 ], [ 104.571674621163609, 21.553231878371253 ], [ 104.566635363821732, 21.554352566176071 ], [ 104.563845313605768, 21.556160009018807 ], [ 104.564713491226925, 21.562111035294709 ], [ 104.563549057756077, 21.564190698199162 ], [ 104.56013382218535, 21.564533684139342 ], [ 104.558406581239097, 21.566150302424045 ], [ 104.55645386922113, 21.565338748449911 ], [ 104.55321385358971, 21.566177219283794 ], [ 104.553315835766071, 21.568886046403936 ], [ 104.5582779729653, 21.570328783854979 ], [ 104.559648113254369, 21.572609573599088 ], [ 104.560671142964452, 21.584849449430457 ], [ 104.564225499808131, 21.58733273364718 ], [ 104.567342115618928, 21.586496266338603 ], [ 104.569106794729151, 21.589220804444139 ], [ 104.573532390731188, 21.589423632546644 ], [ 104.57405344298769, 21.593396235387765 ], [ 104.575928837256299, 21.594892874246344 ], [ 104.576648244206496, 21.598306935517805 ], [ 104.573919983571585, 21.602968806235506 ], [ 104.567262459808092, 21.602796247440256 ], [ 104.567504549516286, 21.604527824489651 ], [ 104.564031686780055, 21.606226206367275 ], [ 104.564235748300547, 21.608061796792491 ], [ 104.561483548251758, 21.60808886909431 ], [ 104.555527333218407, 21.611376902806583 ], [ 104.549136476119173, 21.619840324024558 ], [ 104.548931185452943, 21.621814802218601 ], [ 104.543998236259782, 21.625123156138823 ], [ 104.546040371987928, 21.625991506893442 ], [ 104.547278722854429, 21.624159199621317 ], [ 104.551305793668078, 21.628618775900549 ], [ 104.552072183408967, 21.627444862908565 ], [ 104.555283506489417, 21.628066100797195 ], [ 104.563504012657859, 21.63907800029833 ], [ 104.567379349972157, 21.640232201145892 ], [ 104.567883101997467, 21.641901012440684 ], [ 104.572174400021751, 21.644129583019748 ], [ 104.576417847274598, 21.649239463286595 ], [ 104.593171495235751, 21.652967478437535 ], [ 104.595537513692733, 21.652194727742266 ], [ 104.600326649267444, 21.658917303560816 ], [ 104.611311352572855, 21.661142452066539 ] ], [ [ 104.617529350210759, 21.581388999690944 ], [ 104.6175293604758, 21.581377709273294 ], [ 104.617535439291032, 21.581383314159297 ], [ 104.617529350210759, 21.581388999690944 ] ] ] } },
{ "type": "Feature", "properties": { "xa": "Hưng Khánh", "hat_kl": "Hạt KL Trấn Yên", "che_phu": 77.0, "dt_rung": 9995.0, "DTBD": 12218.4 }, "geometry": { "type": "Polygon", "coordinates": [ [ [ 104.689578383704088, 21.664824407698102 ], [ 104.692938966114838, 21.662756304337279 ], [ 104.694261630940005, 21.663322896004189 ], [ 104.695283742076327, 21.660974123665952 ], [ 104.700328533867918, 21.657852530189839 ], [ 104.704414481059473, 21.652496839239074 ], [ 104.709065867867722, 21.652729999238503 ], [ 104.718235915033674, 21.647539526466709 ], [ 104.718370026328088, 21.640833077163904 ], [ 104.721971131323286, 21.640438560468795 ], [ 104.733125979212332, 21.63347598430575 ], [ 104.738291875086517, 21.623231081728314 ], [ 104.740561409500629, 21.622282200673688 ], [ 104.740411731109177, 21.614225544749978 ], [ 104.742543995569349, 21.610525200670196 ], [ 104.745629600631517, 21.608781348243998 ], [ 104.748467441671565, 21.610908963120629 ], [ 104.753863605511782, 21.610225448696873 ], [ 104.760760352521316, 21.611237217177649 ], [ 104.761592805671739, 21.608112066134854 ], [ 104.767126085519848, 21.605229552006222 ], [ 104.768077755726893, 21.602964412981777 ], [ 104.770408915784316, 21.602937046201678 ], [ 104.770913585732188, 21.599689497270735 ], [ 104.773624971912312, 21.600469437877276 ], [ 104.775415568534015, 21.598527221197962 ], [ 104.776909301057316, 21.595404686691932 ], [ 104.775787811258851, 21.590450713275896 ], [ 104.776505173570385, 21.586706420546189 ], [ 104.774169557466706, 21.580425224567055 ], [ 104.774408703449211, 21.575476900744597 ], [ 104.780129337418018, 21.574304917707437 ], [ 104.784226655342849, 21.565035017609091 ], [ 104.779621991897884, 21.56105180883721 ], [ 104.780694928656686, 21.557375435364122 ], [ 104.775780483768003, 21.552869107654985 ], [ 104.774405685197692, 21.547650398936863 ], [ 104.77233562423578, 21.547162036696683 ], [ 104.767390699888196, 21.541083822065538 ], [ 104.769128001152126, 21.537406540241726 ], [ 104.768921991833039, 21.534500838388606 ], [ 104.764370678375002, 21.532801393392781 ], [ 104.763073955983785, 21.53469541581638 ], [ 104.758923456086166, 21.533350312410171 ], [ 104.756226412993243, 21.534451305178351 ], [ 104.747503866212654, 21.531267568937476 ], [ 104.742115373377416, 21.53105622394968 ], [ 104.738155268345665, 21.536626367470447 ], [ 104.73317872329622, 21.538085938338931 ], [ 104.728985333022038, 21.537498085797338 ], [ 104.726637193572387, 21.531266585914196 ], [ 104.720933183803126, 21.532352740852417 ], [ 104.717097441673673, 21.53581776391465 ], [ 104.713503955990817, 21.535722266802203 ], [ 104.708387424659875, 21.53880653869513 ], [ 104.703884728251694, 21.543321464555152 ], [ 104.69123928699031, 21.550708244284611 ], [ 104.687457968368633, 21.567243709166675 ], [ 104.68369613629315, 21.56770516392087 ], [ 104.681364380849118, 21.571188455304824 ], [ 104.676416935106957, 21.573141489268611 ], [ 104.672986093880084, 21.572400098039388 ], [ 104.66938596239055, 21.574890784594892 ], [ 104.665914904600015, 21.574889068907879 ], [ 104.663960592051808, 21.572457734195343 ], [ 104.660149738673155, 21.573468250209967 ], [ 104.654177430765898, 21.579288532962202 ], [ 104.654109075347264, 21.582640488868599 ], [ 104.648468881770697, 21.590492483897012 ], [ 104.653794240220975, 21.594943349347432 ], [ 104.65208074686106, 21.598801323811458 ], [ 104.652878656735581, 21.6090045244073 ], [ 104.651794582414226, 21.614105159539356 ], [ 104.657510409046722, 21.616070976582499 ], [ 104.664813409585946, 21.623361240908469 ], [ 104.663301097847167, 21.62914835865465 ], [ 104.666237836811121, 21.632425878484483 ], [ 104.665128522194919, 21.639556310421302 ], [ 104.671287824747949, 21.643993291077024 ], [ 104.674858181381566, 21.644790688112096 ], [ 104.673402168449556, 21.648579968783892 ], [ 104.67890774828065, 21.661628360534021 ], [ 104.689578383704088, 21.664824407698102 ] ], [ [ 104.715294178157336, 21.591794014440751 ], [ 104.715294180847295, 21.591782724008905 ], [ 104.715300263848107, 21.591788415654417 ], [ 104.715294178157336, 21.591794014440751 ] ] ] } },
{ "type": "Feature", "properties": { "xa": "Trạm Tấu", "hat_kl": "Hạt KL Nghĩa Lộ", "che_phu": 58.1, "dt_rung": 14918.8, "DTBD": 23829.12 }, "geometry": { "type": "Polygon", "coordinates": [ [ [ 104.356243716463254, 21.669339313928642 ], [ 104.363266434607979, 21.668265918603844 ], [ 104.36945823819417, 21.65931954878608 ], [ 104.378372965914181, 21.656058634231272 ], [ 104.383140302625364, 21.651129372910411 ], [ 104.387465446244548, 21.651448671579427 ], [ 104.390508923251886, 21.650006167514018 ], [ 104.395952164278256, 21.64335546479386 ], [ 104.397598503379001, 21.643431854216924 ], [ 104.400631145165775, 21.646382202792466 ], [ 104.403862982452821, 21.651662938566105 ], [ 104.407839598246852, 21.650960165492062 ], [ 104.411411686246495, 21.64460748178271 ], [ 104.417121490214754, 21.641615367906496 ], [ 104.418823287524944, 21.64211084160446 ], [ 104.423505734468264, 21.638507504059053 ], [ 104.426668214811855, 21.641132389733347 ], [ 104.433458861208464, 21.640992277932273 ], [ 104.435706238489971, 21.643730046538408 ], [ 104.450315308043912, 21.62925736328128 ], [ 104.44806482377588, 21.615614816657853 ], [ 104.446291797000185, 21.61260096581459 ], [ 104.447231233096176, 21.60614851374293 ], [ 104.443860833976075, 21.605021445989998 ], [ 104.445683066715233, 21.600557441842504 ], [ 104.444936260337428, 21.596518660678903 ], [ 104.452168111898061, 21.594159888166281 ], [ 104.458890339241748, 21.594434618413633 ], [ 104.458200099012359, 21.58725221953426 ], [ 104.454082284702551, 21.584462924219068 ], [ 104.452206367524724, 21.584756019025424 ], [ 104.455607336693603, 21.581787830535781 ], [ 104.454957310872018, 21.579554535031999 ], [ 104.453782816874664, 21.579475946980853 ], [ 104.45541221808331, 21.577656214391666 ], [ 104.453655352412596, 21.574534795182501 ], [ 104.455470626341224, 21.571212600067604 ], [ 104.455042376111976, 21.567821845883511 ], [ 104.465492831907156, 21.570086257502432 ], [ 104.469970616007132, 21.565150288432935 ], [ 104.47157256680191, 21.564824106710198 ], [ 104.471762090036023, 21.562709600727263 ], [ 104.478898984266678, 21.561422517569884 ], [ 104.479528580299288, 21.560666813854418 ], [ 104.477569988347497, 21.55930128119131 ], [ 104.474730409169752, 21.55853383760191 ], [ 104.473650627797809, 21.555483827770413 ], [ 104.475513779477666, 21.544200213880234 ], [ 104.474900424710995, 21.540822017375895 ], [ 104.475531238655435, 21.539381406929838 ], [ 104.479376739703298, 21.53883021482547 ], [ 104.481341323683822, 21.53664295958945 ], [ 104.484353583740315, 21.536894727574111 ], [ 104.485919204123689, 21.5346352451743 ], [ 104.483013353571181, 21.528531622895564 ], [ 104.478590960084091, 21.527573473420809 ], [ 104.477632631325591, 21.525574228849361 ], [ 104.47130736794864, 21.524852308536531 ], [ 104.469183333699945, 21.522714135036072 ], [ 104.470861632204446, 21.515982252101253 ], [ 104.47341251398376, 21.514101716678386 ], [ 104.473817540390343, 21.516141169808428 ], [ 104.478519590555265, 21.519432684261904 ], [ 104.483994050573131, 21.514953500725095 ], [ 104.484746504380368, 21.517964911597286 ], [ 104.48373861900933, 21.51915368107494 ], [ 104.489418051440353, 21.522186585649916 ], [ 104.493832065031995, 21.519614228839714 ], [ 104.501564294582693, 21.520014487933938 ], [ 104.502575247101888, 21.518357918499241 ], [ 104.502993160304527, 21.516846609730354 ], [ 104.50103585913422, 21.514935072952234 ], [ 104.500156201574399, 21.509467549292776 ], [ 104.49660500588368, 21.506547813052798 ], [ 104.497184177507108, 21.504619465720204 ], [ 104.495550020617856, 21.501511110855894 ], [ 104.490793992393492, 21.500190310041614 ], [ 104.485979338425224, 21.486849708570041 ], [ 104.483216747603521, 21.484774736665184 ], [ 104.481586828731267, 21.486110546546737 ], [ 104.478419929102785, 21.484675784372758 ], [ 104.477908109705893, 21.481794794006404 ], [ 104.473030341150761, 21.479700481977957 ], [ 104.474057320740343, 21.476266800016933 ], [ 104.471232986667616, 21.469660697495787 ], [ 104.472539521411846, 21.466101122852752 ], [ 104.470767687139514, 21.465000556485354 ], [ 104.471491689100489, 21.462553078124991 ], [ 104.470102436261982, 21.462389621247443 ], [ 104.470105593594326, 21.460685482072844 ], [ 104.467873228267322, 21.461127029976236 ], [ 104.463664901111599, 21.45614573306846 ], [ 104.463688437063666, 21.453530077233722 ], [ 104.460246547819153, 21.451617591312804 ], [ 104.461070375673387, 21.448261124906274 ], [ 104.46024152289354, 21.443659751884017 ], [ 104.450442870925485, 21.445135652857829 ], [ 104.439651650357661, 21.454218306915838 ], [ 104.433754014279614, 21.454925159472968 ], [ 104.433196354548343, 21.458753115742319 ], [ 104.430382886635371, 21.460598681137014 ], [ 104.428942396287397, 21.465048706400868 ], [ 104.42530535545707, 21.468427471565789 ], [ 104.417399172097561, 21.471067812381833 ], [ 104.415965534229969, 21.473478131270344 ], [ 104.416170321693784, 21.477238260012044 ], [ 104.414566760157655, 21.478426056921524 ], [ 104.417650644788367, 21.481443693778868 ], [ 104.419769003637654, 21.481048661909128 ], [ 104.420360980307279, 21.483222111760849 ], [ 104.426303189325111, 21.484154754264324 ], [ 104.426050540765772, 21.485593661071359 ], [ 104.421101050768996, 21.490619529343288 ], [ 104.421113255480165, 21.492446525941634 ], [ 104.417019162818818, 21.495048312304458 ], [ 104.41539132680893, 21.498960035872933 ], [ 104.409771224813014, 21.503677198015193 ], [ 104.404132275532959, 21.504129787173358 ], [ 104.402390834634943, 21.506716279410217 ], [ 104.393807463047253, 21.509288298012642 ], [ 104.392490147369472, 21.516786178106759 ], [ 104.39488199005676, 21.519041499894072 ], [ 104.395459879281532, 21.522711014855638 ], [ 104.388464027231308, 21.529083459585319 ], [ 104.389219135922218, 21.531733810543034 ], [ 104.386871306238007, 21.535647009089452 ], [ 104.385764576033253, 21.541689352952105 ], [ 104.387032413969834, 21.544468093684674 ], [ 104.386464683735412, 21.549604317271221 ], [ 104.384532597984887, 21.5519834350469 ], [ 104.366976892360654, 21.562781807241716 ], [ 104.362288034716144, 21.560452933911197 ], [ 104.354041525055763, 21.565134997665208 ], [ 104.349707826455045, 21.56513304380843 ], [ 104.346684274577328, 21.567067678620273 ], [ 104.334246135454535, 21.565103585199001 ], [ 104.332895551744272, 21.561604476970796 ], [ 104.33040336687057, 21.560899128665 ], [ 104.328440082140702, 21.561780594476076 ], [ 104.322382679796632, 21.571528146324983 ], [ 104.32044543648064, 21.572584353714401 ], [ 104.310876164948155, 21.574232343671227 ], [ 104.306498831602696, 21.570716175165074 ], [ 104.297275852525303, 21.572847887094628 ], [ 104.292990414182213, 21.59144213684058 ], [ 104.291557963860527, 21.595232507133037 ], [ 104.28752216008354, 21.598710633515314 ], [ 104.287728627994127, 21.600571553468296 ], [ 104.290687086762304, 21.602682965338754 ], [ 104.299006481183994, 21.604364019460686 ], [ 104.303651674223147, 21.608576394998892 ], [ 104.306190267523561, 21.608063025958252 ], [ 104.307230071214789, 21.609376990893093 ], [ 104.306570318050362, 21.610571177889732 ], [ 104.309927111121709, 21.614660175322815 ], [ 104.313925555607909, 21.615466888388404 ], [ 104.318801314827724, 21.619294230646574 ], [ 104.322066984672105, 21.627549811793262 ], [ 104.327735261564541, 21.629994128074895 ], [ 104.331033965114614, 21.637503112041234 ], [ 104.336844658108944, 21.638535218244453 ], [ 104.340427312854942, 21.641958139587196 ], [ 104.338335099883835, 21.658367028543154 ], [ 104.339886716946339, 21.661818421641012 ], [ 104.344968221652366, 21.667298026742039 ], [ 104.352122622839431, 21.666151992617493 ], [ 104.356243716463254, 21.669339313928642 ] ], [ [ 104.404229825059261, 21.568112898854956 ], [ 104.404229851836192, 21.568101608595672 ], [ 104.404235921598115, 21.568107311510012 ], [ 104.404229825059261, 21.568112898854956 ] ] ] } },
{ "type": "Feature", "properties": { "xa": "Việt Hồng", "hat_kl": "Hạt KL Trấn Yên", "che_phu": 69.7, "dt_rung": 7387.4, "DTBD": 10136.99 }, "geometry": { "type": "Polygon", "coordinates": [ [ [ 104.856527997495988, 21.67622077643842 ], [ 104.856631280073302, 21.674225306465988 ], [ 104.858515958207192, 21.673412898661322 ], [ 104.857594744096616, 21.672593280104049 ], [ 104.858727746426823, 21.670670117838622 ], [ 104.860404009123812, 21.670712456333966 ], [ 104.860456057159368, 21.669143881130768 ], [ 104.861294240441438, 21.671573267302534 ], [ 104.860061362306624, 21.671859779517952 ], [ 104.859976778213877, 21.673855058984671 ], [ 104.862585671298561, 21.673277865116873 ], [ 104.862189244506169, 21.671345323005902 ], [ 104.864083749790495, 21.670951851306601 ], [ 104.862458396989823, 21.670024174434442 ], [ 104.862924282239746, 21.667589756817343 ], [ 104.867843682712632, 21.664385487372304 ], [ 104.870532676972942, 21.660910473750189 ], [ 104.874099161082938, 21.653045082374241 ], [ 104.874861027984664, 21.645561908594896 ], [ 104.882543184045375, 21.638047787746697 ], [ 104.883955535313916, 21.635791023863803 ], [ 104.881794756467414, 21.632714549292697 ], [ 104.883806904114493, 21.631435144092258 ], [ 104.884578535671423, 21.628685273447271 ], [ 104.888613040708265, 21.626300685420482 ], [ 104.888053131737692, 21.623842471156038 ], [ 104.891147846836532, 21.621255191448785 ], [ 104.890667438189709, 21.615728193316286 ], [ 104.887317214433693, 21.612045903501414 ], [ 104.893671338113322, 21.604149369563213 ], [ 104.892155337399856, 21.600687772413551 ], [ 104.893738570955065, 21.593988585551827 ], [ 104.892692831074342, 21.592521190614796 ], [ 104.893274812770542, 21.589681559289481 ], [ 104.896077792777703, 21.586285225356079 ], [ 104.898454691322954, 21.576562522807407 ], [ 104.897940340945382, 21.571581010402046 ], [ 104.896335759272674, 21.571402232373309 ], [ 104.899074760301758, 21.565152217506078 ], [ 104.897331486407012, 21.562864969273207 ], [ 104.888878430774326, 21.557889707113954 ], [ 104.882140917045191, 21.559016643693141 ], [ 104.877025828083092, 21.555824336869069 ], [ 104.871973164353335, 21.555661644397791 ], [ 104.867571195671928, 21.549167187508004 ], [ 104.868439172283885, 21.542271884418987 ], [ 104.859858833053622, 21.531911279205136 ], [ 104.857605025110246, 21.532895111987035 ], [ 104.853313294359637, 21.531749987728773 ], [ 104.848398721509255, 21.535823229386338 ], [ 104.84558885162663, 21.536446292358175 ], [ 104.841520414473834, 21.543784685215744 ], [ 104.831675073941668, 21.544395871906179 ], [ 104.826952708562729, 21.552946370033766 ], [ 104.818192350639549, 21.552396499110117 ], [ 104.815531044843993, 21.555890389349749 ], [ 104.812282571493441, 21.557165200782364 ], [ 104.802897178469337, 21.556250754176194 ], [ 104.803082126986595, 21.557710328285012 ], [ 104.79662161327235, 21.564190102103474 ], [ 104.803940405837523, 21.574165499220658 ], [ 104.808459864897358, 21.575142449890855 ], [ 104.813479556082982, 21.58754149276729 ], [ 104.812255184172116, 21.592050179401994 ], [ 104.808338261285783, 21.595324648110655 ], [ 104.812530491175309, 21.600062212127423 ], [ 104.813314929674419, 21.607596685211689 ], [ 104.811577713918155, 21.616055925958673 ], [ 104.809033361352178, 21.619406573254551 ], [ 104.808668653339566, 21.624761327207803 ], [ 104.817573369433219, 21.626906370169884 ], [ 104.8200836563704, 21.625966422646581 ], [ 104.827540064596946, 21.635143992174463 ], [ 104.828215990694645, 21.638685779078909 ], [ 104.826501799091758, 21.641299076472798 ], [ 104.826762216612039, 21.653277296590314 ], [ 104.822729032137573, 21.660283096506259 ], [ 104.825061234354393, 21.66200884712233 ], [ 104.82915415952634, 21.669343851500532 ], [ 104.830792224881208, 21.669548636330084 ], [ 104.834770248725832, 21.666759929838634 ], [ 104.837977057558916, 21.66971478963038 ], [ 104.841685038492642, 21.667796228396515 ], [ 104.849999800499731, 21.669984638980917 ], [ 104.854172646176309, 21.666514951494509 ], [ 104.857808477390435, 21.667765674458522 ], [ 104.85904627555081, 21.669179406875188 ], [ 104.858206097747185, 21.670612381396477 ], [ 104.856736289643322, 21.66932867611785 ], [ 104.854212548933603, 21.673904482166247 ], [ 104.856527997495988, 21.67622077643842 ] ], [ [ 104.850746843500815, 21.599923692997066 ], [ 104.850746835684745, 21.599912402591674 ], [ 104.850752924312033, 21.599918089271888 ], [ 104.850746843500815, 21.599923692997066 ] ] ] } },
{ "type": "Feature", "properties": { "xa": "Liên Sơn", "hat_kl": "Hạt KL Nghĩa Lộ", "che_phu": 24.6, "dt_rung": 598.2, "DTBD": 2357.63 }, "geometry": { "type": "Polygon", "coordinates": [ [ [ 104.484998564201234, 21.676321695657261 ], [ 104.492353222988967, 21.667318966690051 ], [ 104.504601381789271, 21.656830353147765 ], [ 104.507939733182567, 21.656571872865037 ], [ 104.51007201676758, 21.659092697596147 ], [ 104.514400586181353, 21.655023647425509 ], [ 104.513698058228172, 21.6544391678202 ], [ 104.519227973321236, 21.651962809766765 ], [ 104.520361987945492, 21.650174645018275 ], [ 104.519793115618597, 21.647677077812542 ], [ 104.522836616737678, 21.644850654682465 ], [ 104.522711761066404, 21.643143390853407 ], [ 104.520264452112087, 21.640802030055909 ], [ 104.517304013926321, 21.640589537224844 ], [ 104.516186625723577, 21.639034784832869 ], [ 104.516819559354857, 21.63261979978348 ], [ 104.51350800370804, 21.631778554734101 ], [ 104.514829228220236, 21.628922625343861 ], [ 104.512596802031524, 21.624943545363685 ], [ 104.516529444547245, 21.620479590875689 ], [ 104.512203434916543, 21.617867022000507 ], [ 104.510639623267721, 21.613967899136835 ], [ 104.508178206948671, 21.61227259581851 ], [ 104.506339560433787, 21.612593538938587 ], [ 104.507070482620236, 21.61425663486596 ], [ 104.505238010777688, 21.615082116674099 ], [ 104.504104496459647, 21.613372895757571 ], [ 104.498850942293842, 21.615432531018339 ], [ 104.497976326728107, 21.611570910724371 ], [ 104.496229987785327, 21.61074035887761 ], [ 104.492892905591887, 21.613762757660417 ], [ 104.495219695094065, 21.618113381681425 ], [ 104.491029603521511, 21.619330689710488 ], [ 104.483116484613035, 21.617430078640496 ], [ 104.481393496643932, 21.615941771227195 ], [ 104.479608060900745, 21.616161794197225 ], [ 104.479820230687665, 21.617901207650213 ], [ 104.478338849173355, 21.619463811419656 ], [ 104.477265065910032, 21.618968441900375 ], [ 104.477016392482028, 21.626192018362552 ], [ 104.475645628151597, 21.627227565749319 ], [ 104.478395891872751, 21.633394772580679 ], [ 104.472971068293248, 21.633664012508145 ], [ 104.472214739137186, 21.642715743451621 ], [ 104.473125899130125, 21.645183058431364 ], [ 104.471214657661989, 21.648338426095524 ], [ 104.472639947866185, 21.651754985839315 ], [ 104.475214605664021, 21.651840554762142 ], [ 104.472593458733726, 21.656869844123978 ], [ 104.474337836582094, 21.664290891288605 ], [ 104.478234026419557, 21.671459299367637 ], [ 104.480703756646378, 21.672145254725638 ], [ 104.481978983383271, 21.675123153137129 ], [ 104.484998564201234, 21.676321695657261 ] ], [ [ 104.49439852146935, 21.641584023239634 ], [ 104.494398541337475, 21.641572732985995 ], [ 104.494404521094992, 21.641578432486991 ], [ 104.49439852146935, 21.641584023239634 ] ] ] } },
{ "type": "Feature", "properties": { "xa": "P. Âu Lâu", "hat_kl": "Hạt KL Trấn Yên", "che_phu": 31.9, "dt_rung": 2677.3, "DTBD": 6617.19 }, "geometry": { "type": "Polygon", "coordinates": [ [ [ 104.839178149350957, 21.715698765845161 ], [ 104.846194192793561, 21.712230809611874 ], [ 104.860206870635864, 21.713373237197192 ], [ 104.863630855975188, 21.712481071976313 ], [ 104.867344866667537, 21.706941199712837 ], [ 104.868289747435512, 21.696762216683645 ], [ 104.874255689194854, 21.693645892241271 ], [ 104.880184646389552, 21.697192631029839 ], [ 104.887170113031573, 21.705978590333334 ], [ 104.891292190407285, 21.707489557225198 ], [ 104.895480713354985, 21.706747099693892 ], [ 104.900173952655749, 21.701662751582695 ], [ 104.906509636786708, 21.687163985741893 ], [ 104.922271947911753, 21.679113031739337 ], [ 104.932329126610284, 21.669819416496065 ], [ 104.932913562269292, 21.663556907444111 ], [ 104.937861763547303, 21.652336862472282 ], [ 104.936697501498998, 21.644727330011058 ], [ 104.932573034298429, 21.640340429709628 ], [ 104.919610050663735, 21.640187431976358 ], [ 104.910309453854353, 21.634012268694633 ], [ 104.906972809969261, 21.629533727134937 ], [ 104.904871299255149, 21.623791706956155 ], [ 104.904242004162256, 21.619096494167788 ], [ 104.905790949374918, 21.608137516650469 ], [ 104.901083694747143, 21.610783355964131 ], [ 104.893440347941294, 21.608305876981159 ], [ 104.893436508772538, 21.60960400356846 ], [ 104.89160622553554, 21.608984239255896 ], [ 104.887783679790957, 21.612486023301003 ], [ 104.890667438189709, 21.615728193316286 ], [ 104.891147846836532, 21.621255191448785 ], [ 104.888053131737692, 21.623842471156038 ], [ 104.888613040708265, 21.626300685420482 ], [ 104.884578535671423, 21.628685273447271 ], [ 104.883806904114493, 21.631435144092258 ], [ 104.881794756467414, 21.632714549292697 ], [ 104.883955535313916, 21.635791023863803 ], [ 104.874861027984664, 21.645561908594896 ], [ 104.873997736071729, 21.653298784138652 ], [ 104.869686209440928, 21.66213694405803 ], [ 104.862924282239746, 21.667589756817343 ], [ 104.862458396989823, 21.670024174434442 ], [ 104.864083749790495, 21.670951851306601 ], [ 104.862189244506169, 21.671345323005902 ], [ 104.862585671298561, 21.673277865116873 ], [ 104.859976778213877, 21.673855058984671 ], [ 104.860061362306624, 21.671859779517952 ], [ 104.861294240441438, 21.671573267302534 ], [ 104.860456057159368, 21.669143881130768 ], [ 104.860404009123812, 21.670712456333966 ], [ 104.858727746426823, 21.670670117838622 ], [ 104.857594744096616, 21.672593280104049 ], [ 104.858515958207192, 21.673412898661322 ], [ 104.856631280073302, 21.674225306465988 ], [ 104.856698089458206, 21.676244783243707 ], [ 104.854749775261155, 21.675312993709358 ], [ 104.85421630302028, 21.673884247574787 ], [ 104.856671132720891, 21.669420214716212 ], [ 104.858206097747185, 21.670612381396477 ], [ 104.85904627555081, 21.669179406875188 ], [ 104.854172646176309, 21.666514951494509 ], [ 104.849999800499731, 21.669984638980917 ], [ 104.841685038492642, 21.667796228396515 ], [ 104.837977057558916, 21.66971478963038 ], [ 104.834770248725832, 21.666759929838634 ], [ 104.826876158329355, 21.670653515637266 ], [ 104.825694771003455, 21.678250182469206 ], [ 104.827577081068597, 21.680894767530646 ], [ 104.826600125873227, 21.686084876722983 ], [ 104.825211080736011, 21.690099438575388 ], [ 104.821892268605637, 21.693186321576395 ], [ 104.825527852849348, 21.698767525897253 ], [ 104.824861949069103, 21.703071230686557 ], [ 104.820379563661405, 21.70983435150044 ], [ 104.828370936401214, 21.712481086725106 ], [ 104.832997232281087, 21.710768675383299 ], [ 104.836578783932069, 21.712309905595934 ], [ 104.839178149350957, 21.715698765845161 ] ], [ [ 104.881902332089467, 21.670731898343096 ], [ 104.881902321819723, 21.670720608046111 ], [ 104.881908318013799, 21.67072629359436 ], [ 104.881902332089467, 21.670731898343096 ] ] ] } },
{ "type": "Feature", "properties": { "xa": "Lương Thịnh", "hat_kl": "Hạt KL Trấn Yên", "che_phu": 71.2, "dt_rung": 7001.6, "DTBD": 9421.12 }, "geometry": { "type": "Polygon", "coordinates": [ [ [ 104.814242333124938, 21.720315471716308 ], [ 104.81676038584429, 21.714641979436905 ], [ 104.819982265826937, 21.712143153400486 ], [ 104.820564717310162, 21.70856605947327 ], [ 104.824861949069103, 21.703071230686557 ], [ 104.825527852849348, 21.698767525897253 ], [ 104.821892268605637, 21.693186321576395 ], [ 104.825866913176284, 21.689024484475123 ], [ 104.827577081068597, 21.680894767530646 ], [ 104.825694771003455, 21.678250182469206 ], [ 104.82670012540477, 21.671250629173837 ], [ 104.82915415952634, 21.669343851500532 ], [ 104.825061234354393, 21.66200884712233 ], [ 104.822728930800182, 21.660080954398648 ], [ 104.826762216612039, 21.653277296590314 ], [ 104.826501799091758, 21.641299076472798 ], [ 104.828208004331898, 21.638566014669308 ], [ 104.827485134730296, 21.635035720589027 ], [ 104.8200836563704, 21.625966422646581 ], [ 104.817573369433219, 21.626906370169884 ], [ 104.808668653339566, 21.624761327207803 ], [ 104.809033361352178, 21.619406573254551 ], [ 104.811577713918155, 21.616055925958673 ], [ 104.813314929674419, 21.607596685211689 ], [ 104.812530491175309, 21.600062212127423 ], [ 104.808338261285783, 21.595324648110655 ], [ 104.812255184172116, 21.592050179401994 ], [ 104.813479556082982, 21.58754149276729 ], [ 104.808459864897358, 21.575142449890855 ], [ 104.803940405837523, 21.574165499220658 ], [ 104.796622762791202, 21.564161378829919 ], [ 104.791329903080083, 21.565897895146133 ], [ 104.784226655342849, 21.565035017609091 ], [ 104.780129337418018, 21.574304917707437 ], [ 104.774408703449211, 21.575476900744597 ], [ 104.774169557466706, 21.580425224567055 ], [ 104.776505173570385, 21.586706420546189 ], [ 104.775787811258851, 21.590450713275896 ], [ 104.776909301057316, 21.595404686691932 ], [ 104.775415568534015, 21.598527221197962 ], [ 104.773624971912312, 21.600469437877276 ], [ 104.770913585732188, 21.599689497270735 ], [ 104.770408915784316, 21.602937046201678 ], [ 104.768077755726893, 21.602964412981777 ], [ 104.767126085519848, 21.605229552006222 ], [ 104.761592805671739, 21.608112066134854 ], [ 104.760760352521316, 21.611237217177649 ], [ 104.753863605511782, 21.610225448696873 ], [ 104.748467441671565, 21.610908963120629 ], [ 104.745629600631517, 21.608781348243998 ], [ 104.742543995569349, 21.610525200670196 ], [ 104.740411731109177, 21.614225544749978 ], [ 104.740561409500629, 21.622282200673688 ], [ 104.738291875086517, 21.623231081728314 ], [ 104.733125979212332, 21.63347598430575 ], [ 104.721971131323286, 21.640438560468795 ], [ 104.718370026328088, 21.640833077163904 ], [ 104.718576399561556, 21.647017434733744 ], [ 104.726062939790651, 21.652085160573051 ], [ 104.738965608597638, 21.645375981387094 ], [ 104.745287160227306, 21.657646726476347 ], [ 104.758760912573081, 21.663575164182429 ], [ 104.762821665162875, 21.675563422225565 ], [ 104.765098573869025, 21.676010507818145 ], [ 104.766871033444005, 21.673652014671507 ], [ 104.769702025164719, 21.676331753698502 ], [ 104.779252045173649, 21.677965091943996 ], [ 104.781320783995028, 21.681046698929492 ], [ 104.787535126965537, 21.681572531013082 ], [ 104.789489712815339, 21.684091261153444 ], [ 104.789167367565241, 21.690675029120833 ], [ 104.790931078543508, 21.692309438083669 ], [ 104.791256158943227, 21.695935980319895 ], [ 104.792957806729675, 21.696896758225268 ], [ 104.794818206066708, 21.695780333451154 ], [ 104.796288980213291, 21.698234076786079 ], [ 104.799118760039718, 21.699165207828454 ], [ 104.798576183533669, 21.702646207163593 ], [ 104.796736753984987, 21.703335714137339 ], [ 104.79421871837998, 21.707832825751282 ], [ 104.796421279276046, 21.712962070673655 ], [ 104.796073617157205, 21.715439432587367 ], [ 104.799698626329345, 21.71738590978849 ], [ 104.807129747442758, 21.716511273385091 ], [ 104.809890973230381, 21.718926955481979 ], [ 104.814242333124938, 21.720315471716308 ] ], [ [ 104.787063722768224, 21.641075549259835 ], [ 104.787063719886063, 21.641064258894971 ], [ 104.787069711124374, 21.6410698575793 ], [ 104.787063722768224, 21.641075549259835 ] ] ] } },
{ "type": "Feature", "properties": { "xa": "P. Yên Bái", "hat_kl": "Hạt KL Trấn Yên", "che_phu": 29.4, "dt_rung": 534.8, "DTBD": 1691.65 }, "geometry": { "type": "Polygon", "coordinates": [ [ [ 104.890447432815137, 21.73555896936589 ], [ 104.894435448733347, 21.730700926233393 ], [ 104.899009245790964, 21.733028077754458 ], [ 104.904600721772312, 21.730434692740968 ], [ 104.907348499067666, 21.731993044578214 ], [ 104.906719770544811, 21.733789778008546 ], [ 104.908012507902285, 21.734805752147931 ], [ 104.911978131441757, 21.735098536595782 ], [ 104.91308069495453, 21.732456719839167 ], [ 104.91547865631226, 21.733006838562968 ], [ 104.916205177057918, 21.728500323279359 ], [ 104.918568278087548, 21.727304333562845 ], [ 104.918383429719668, 21.723882592322063 ], [ 104.922408627125535, 21.723380056357268 ], [ 104.924968590421415, 21.720104021470025 ], [ 104.924280523841844, 21.718639095156057 ], [ 104.927492334301334, 21.717811770171025 ], [ 104.926865625898216, 21.716262608608847 ], [ 104.922257043215225, 21.716306302206043 ], [ 104.921813954625605, 21.714189437772916 ], [ 104.918632872923993, 21.711236560938143 ], [ 104.918911409289706, 21.700859730851796 ], [ 104.917339234547342, 21.698786809069098 ], [ 104.909785865385999, 21.699978924495788 ], [ 104.906111325373033, 21.695630617194535 ], [ 104.906079081044069, 21.693869818005485 ], [ 104.904172471281655, 21.693595486809251 ], [ 104.897189332589576, 21.705397535141405 ], [ 104.891292190407285, 21.707489557225198 ], [ 104.886162827676714, 21.705189644839272 ], [ 104.880184646389552, 21.697192631029839 ], [ 104.876044914272143, 21.69402714677118 ], [ 104.872406070253973, 21.694178994735594 ], [ 104.868289747435512, 21.696762216683645 ], [ 104.867344866667537, 21.706941199712837 ], [ 104.863630855975188, 21.712481071976313 ], [ 104.867120096414496, 21.715119025947139 ], [ 104.866519615419435, 21.71759589747122 ], [ 104.867745578070711, 21.718564275721146 ], [ 104.871344346173842, 21.715185985771335 ], [ 104.878313239004385, 21.716347424457673 ], [ 104.879637307067483, 21.719391688157419 ], [ 104.880969200378672, 21.719059701093652 ], [ 104.883202939958466, 21.724606935405824 ], [ 104.887072484818788, 21.726985384423777 ], [ 104.887308012125203, 21.734769842352236 ], [ 104.890447432815137, 21.73555896936589 ] ], [ [ 104.8962715873798, 21.714357294022275 ], [ 104.896271575966153, 21.714346003791409 ], [ 104.89627767119589, 21.714351688692279 ], [ 104.8962715873798, 21.714357294022275 ] ] ] } },
{ "type": "Feature", "properties": { "xa": "P. Văn Phú", "hat_kl": "Hạt KL Trấn Yên", "che_phu": 52.4, "dt_rung": 3008.4, "DTBD": 5145.0 }, "geometry": { "type": "Polygon", "coordinates": [ [ [ 104.924979537409982, 21.744642321835531 ], [ 104.932790567204549, 21.746001527890538 ], [ 104.93194077258913, 21.742945172343468 ], [ 104.933877583584703, 21.74026671565062 ], [ 104.934261066481739, 21.736983372338138 ], [ 104.93728567963386, 21.737274968784071 ], [ 104.937122420368453, 21.735649636435816 ], [ 104.939205115367145, 21.73371556239071 ], [ 104.943461201577833, 21.735261104294384 ], [ 104.95007425733256, 21.733094199901164 ], [ 104.954493275918466, 21.728928320605359 ], [ 104.953752031487696, 21.724678880798052 ], [ 104.955838404272953, 21.72376260790368 ], [ 104.956106299203938, 21.725552448981162 ], [ 104.959962308373306, 21.725029611774769 ], [ 104.962546479473474, 21.719581278246217 ], [ 104.965196116145975, 21.719935170150958 ], [ 104.973432300791771, 21.717626666678601 ], [ 104.977625867718984, 21.720364747236932 ], [ 104.980125960464548, 21.717766535611602 ], [ 104.981596908404029, 21.718653521191172 ], [ 104.980844101497894, 21.716526324591655 ], [ 104.97914455287173, 21.716292673339797 ], [ 104.981642109095986, 21.709875914211757 ], [ 104.978474401576818, 21.704407719763971 ], [ 104.985042533269393, 21.703507332789162 ], [ 104.986298730209882, 21.700739896068836 ], [ 104.97897452812478, 21.68977002031211 ], [ 104.976542899511173, 21.687651788236494 ], [ 104.972327167396216, 21.688035309050068 ], [ 104.971579272682234, 21.685385541279437 ], [ 104.973130382964712, 21.682849388965675 ], [ 104.976258719231268, 21.681363419934563 ], [ 104.975703671033571, 21.67877599898404 ], [ 104.97953077536279, 21.6763322352848 ], [ 104.979793340979271, 21.671768531041991 ], [ 104.985734736491239, 21.668156077141337 ], [ 104.988050468310163, 21.663953156086784 ], [ 104.983787111820249, 21.660358612017294 ], [ 104.979259115131569, 21.660361583900595 ], [ 104.97666793411446, 21.657165024927433 ], [ 104.9728059197043, 21.657469128000734 ], [ 104.972462818316657, 21.653307085549482 ], [ 104.969099522711531, 21.650910969557586 ], [ 104.969277419364289, 21.649521576991159 ], [ 104.96563967272894, 21.650236724873462 ], [ 104.963034660440059, 21.653087860270475 ], [ 104.960852260035196, 21.653149083870627 ], [ 104.960289099201248, 21.656365002358992 ], [ 104.958906767126422, 21.655562155714605 ], [ 104.958914373449971, 21.658161171101035 ], [ 104.957557160909388, 21.660538620710764 ], [ 104.955918244770103, 21.660873318402313 ], [ 104.953760711312398, 21.658499690331354 ], [ 104.952290890341018, 21.659107369673169 ], [ 104.952329725585813, 21.656885212101837 ], [ 104.950363889018831, 21.656599828635613 ], [ 104.949468509112492, 21.654909258749989 ], [ 104.946691062622918, 21.655800982590332 ], [ 104.943617952206594, 21.652947063744417 ], [ 104.937911016720562, 21.651797852618799 ], [ 104.932913562269292, 21.663556907444111 ], [ 104.932968651331606, 21.668469749244586 ], [ 104.930385844048786, 21.672395453977384 ], [ 104.922271947911753, 21.679113031739337 ], [ 104.90810251305372, 21.685793913230764 ], [ 104.905159889481311, 21.689535849834069 ], [ 104.904172471281655, 21.693595486809251 ], [ 104.906079081044069, 21.693869818005485 ], [ 104.906111325373033, 21.695630617194535 ], [ 104.909703955411928, 21.699935016583378 ], [ 104.916408486914676, 21.69867881747129 ], [ 104.91881092422382, 21.70063700881656 ], [ 104.918632872923993, 21.711236560938143 ], [ 104.921813954625605, 21.714189437772916 ], [ 104.922160293272555, 21.716230442106319 ], [ 104.92702866222433, 21.716318343698386 ], [ 104.927492334301334, 21.717811770171025 ], [ 104.924280523841844, 21.718639095156057 ], [ 104.924968590421415, 21.720104021470025 ], [ 104.922408627125535, 21.723380056357268 ], [ 104.918383429719668, 21.723882592322063 ], [ 104.918568278087548, 21.727304333562845 ], [ 104.916205177057918, 21.728500323279359 ], [ 104.916078055257159, 21.731863308089682 ], [ 104.918956070703871, 21.732733445905499 ], [ 104.918353279899833, 21.734185257792138 ], [ 104.923573355197732, 21.73796931104367 ], [ 104.924979537409982, 21.744642321835531 ] ], [ [ 104.947898958368071, 21.694638714237321 ], [ 104.947898942941734, 21.694627424010399 ], [ 104.947905039347972, 21.694633107018475 ], [ 104.947898958368071, 21.694638714237321 ] ] ] } },
{ "type": "Feature", "properties": { "xa": "Sơn Lương", "hat_kl": "Hạt KL Nghĩa Lộ", "che_phu": 60.4, "dt_rung": 7987.4, "DTBD": 12377.43 }, "geometry": { "type": "Polygon", "coordinates": [ [ [ 104.521020779802058, 21.758912339349088 ], [ 104.5303664797609, 21.758634265208595 ], [ 104.532667441536162, 21.757358987689024 ], [ 104.535943714373644, 21.751855649608011 ], [ 104.546751752367996, 21.743192824480914 ], [ 104.550918947547515, 21.737222400665342 ], [ 104.559687575507127, 21.731092650674629 ], [ 104.558164816394978, 21.729068593313958 ], [ 104.561446179624724, 21.724277184619528 ], [ 104.55792387811583, 21.719782344007299 ], [ 104.563283642143404, 21.714647355715176 ], [ 104.560537047150035, 21.705450379638719 ], [ 104.561738347275295, 21.701801840078247 ], [ 104.565109702438363, 21.698612752705337 ], [ 104.569424039728645, 21.690876909136907 ], [ 104.573430891148888, 21.687666659132177 ], [ 104.580336107216425, 21.686628837685841 ], [ 104.585384206537569, 21.681847750249531 ], [ 104.589086928918576, 21.683075248494294 ], [ 104.591013913560602, 21.680402664498668 ], [ 104.593972560300742, 21.681616694272325 ], [ 104.595365895531074, 21.679052846073336 ], [ 104.591200307174915, 21.668152426202063 ], [ 104.582057005587615, 21.650965001132221 ], [ 104.575887056131165, 21.648907695064441 ], [ 104.572174400021751, 21.644129583019748 ], [ 104.567883101997467, 21.641901012440684 ], [ 104.567379349972157, 21.640232201145892 ], [ 104.563504012657859, 21.63907800029833 ], [ 104.555283506489417, 21.628066100797195 ], [ 104.552072183408967, 21.627444862908565 ], [ 104.551305793668078, 21.628618775900549 ], [ 104.547278722854429, 21.624159199621317 ], [ 104.546040371987928, 21.625991506893442 ], [ 104.54544201298738, 21.624977802921567 ], [ 104.543501181225082, 21.625909430742883 ], [ 104.543026707815073, 21.635322354472759 ], [ 104.539322446474969, 21.63480195876318 ], [ 104.5364603228888, 21.637366627608198 ], [ 104.530770819220294, 21.638414277145888 ], [ 104.526748562607693, 21.637598007518918 ], [ 104.52448277974004, 21.642116580066119 ], [ 104.522052330943197, 21.643183132618031 ], [ 104.522836616737678, 21.644850654682465 ], [ 104.519793115618597, 21.647677077812542 ], [ 104.520361987945492, 21.650174645018275 ], [ 104.519227973321236, 21.651962809766765 ], [ 104.513698058228172, 21.6544391678202 ], [ 104.514400586181353, 21.655023647425509 ], [ 104.51007201676758, 21.659092697596147 ], [ 104.507939733182567, 21.656571872865037 ], [ 104.504601381789271, 21.656830353147765 ], [ 104.492353222988967, 21.667318966690051 ], [ 104.485135408919234, 21.676261669439331 ], [ 104.481978983383271, 21.675123153137129 ], [ 104.480821099299803, 21.672230979874428 ], [ 104.478234026419557, 21.671459299367637 ], [ 104.474492407696246, 21.664509184964938 ], [ 104.470723344436195, 21.666129404475399 ], [ 104.467391959914764, 21.675363869034086 ], [ 104.46797149799464, 21.678573805917534 ], [ 104.470378211811664, 21.680905108478541 ], [ 104.46198315379641, 21.681947783403619 ], [ 104.455236587567825, 21.696584373035094 ], [ 104.458573039144298, 21.705688076710381 ], [ 104.457594228443938, 21.715886520587681 ], [ 104.460653438750725, 21.717453635486351 ], [ 104.46399536505416, 21.736756557675228 ], [ 104.460769412132137, 21.743027633350696 ], [ 104.472786888538593, 21.741493496083134 ], [ 104.476840821942787, 21.745217217603138 ], [ 104.483831863387067, 21.748300877547216 ], [ 104.494151791546429, 21.750951907853487 ], [ 104.498580737270714, 21.750496883319464 ], [ 104.505841053536813, 21.754291214904445 ], [ 104.51239965958861, 21.751003316740995 ], [ 104.517944649960597, 21.754101433355132 ], [ 104.517870797244356, 21.757701350157706 ], [ 104.521020779802058, 21.758912339349088 ] ], [ [ 104.522113234557793, 21.695680140932733 ], [ 104.522113252320324, 21.695668850729291 ], [ 104.522119332031252, 21.695674549358241 ], [ 104.522113234557793, 21.695680140932733 ] ] ] } },
{ "type": "Feature", "properties": { "xa": "Chế Tạo", "hat_kl": "Hạt KL Mù Cang Chải", "che_phu": 82.9, "dt_rung": 19424.8, "DTBD": 23443.82 }, "geometry": { "type": "Polygon", "coordinates": [ [ [ 103.98886699392132, 21.771729673287911 ], [ 104.001229525458371, 21.770553301254381 ], [ 104.008790883271445, 21.766641637861362 ], [ 104.009862677749993, 21.764150913795955 ], [ 104.013813451881418, 21.762826897941046 ], [ 104.015699533158568, 21.765403421866051 ], [ 104.022388614146379, 21.766002336323478 ], [ 104.02558679986501, 21.768592466346767 ], [ 104.040285088080125, 21.763845575449444 ], [ 104.047602326198628, 21.766585404565621 ], [ 104.052360375830858, 21.766942242973819 ], [ 104.052874574806964, 21.765819516627118 ], [ 104.064385374024567, 21.763397645335793 ], [ 104.073577716500992, 21.756966170305706 ], [ 104.077793491873805, 21.75236751235175 ], [ 104.083181968781375, 21.752124864053517 ], [ 104.088228217408528, 21.760102977169556 ], [ 104.094280506301033, 21.757883593802703 ], [ 104.097916811298475, 21.754532828763701 ], [ 104.102177247731746, 21.753973789293273 ], [ 104.108755133368504, 21.750485423720001 ], [ 104.116656894242297, 21.748250412264234 ], [ 104.118540059486676, 21.746305750211427 ], [ 104.123008373881305, 21.745624579414027 ], [ 104.12772163807017, 21.741168827920788 ], [ 104.129168306990593, 21.737868891649601 ], [ 104.134384389965561, 21.736905345650225 ], [ 104.143803845944191, 21.716992758012257 ], [ 104.141308016588923, 21.712044546059364 ], [ 104.140365278671439, 21.705821841918564 ], [ 104.14175384087136, 21.703819071615118 ], [ 104.141407365122276, 21.69671207701386 ], [ 104.136775167734484, 21.692810319642611 ], [ 104.134292150083752, 21.686407015151744 ], [ 104.133979669687946, 21.680622932126496 ], [ 104.131753560749232, 21.678265644292605 ], [ 104.135010723051337, 21.674725872894349 ], [ 104.138359818542312, 21.666028712616491 ], [ 104.144157815621398, 21.659186270477157 ], [ 104.145784200850755, 21.654912697420784 ], [ 104.120060397488587, 21.649698120118952 ], [ 104.115412262236688, 21.646376566328652 ], [ 104.111876322753517, 21.647640942439395 ], [ 104.107182418995023, 21.645266972360794 ], [ 104.100861630434366, 21.647235366915581 ], [ 104.092737335604028, 21.642161841511221 ], [ 104.08728036666507, 21.642753157575935 ], [ 104.085706209130478, 21.645679782606884 ], [ 104.079373714518795, 21.650119769946976 ], [ 104.048238565125416, 21.658373728924786 ], [ 104.044750296449351, 21.662775757905614 ], [ 104.035119449558906, 21.666790278002818 ], [ 104.033074961826358, 21.670089338129706 ], [ 104.027223314814535, 21.672285405851778 ], [ 104.025939596533433, 21.671135399671059 ], [ 104.026688517591666, 21.66900699491022 ], [ 104.02356407020909, 21.67040654555996 ], [ 104.02186901391741, 21.6683832364251 ], [ 104.018048109192151, 21.668589244765233 ], [ 104.01526923051577, 21.670633851629983 ], [ 104.013653800842036, 21.667774928228734 ], [ 104.009858940913958, 21.667404279112159 ], [ 104.007369986698322, 21.665533172517183 ], [ 104.005524276691233, 21.668879101084048 ], [ 104.005710668071998, 21.672567762158319 ], [ 103.996778784227786, 21.67580172381145 ], [ 103.987789065219289, 21.67386230978909 ], [ 103.987694001045639, 21.675917752607834 ], [ 103.984817295758035, 21.678230166801697 ], [ 103.976244832546456, 21.675024820219345 ], [ 103.974969244589644, 21.67161348281476 ], [ 103.968831482655233, 21.674381989278825 ], [ 103.964059393918703, 21.678847186238766 ], [ 103.961381893661681, 21.676489600821323 ], [ 103.96046927808149, 21.670593838236019 ], [ 103.958475599877005, 21.669808344969692 ], [ 103.949323234833798, 21.670233098460542 ], [ 103.944496095119817, 21.668316988159845 ], [ 103.942111482358328, 21.669653908420731 ], [ 103.935980584703472, 21.670059187070603 ], [ 103.936966912980921, 21.676140296648686 ], [ 103.935750124339108, 21.678234987403631 ], [ 103.937833270065369, 21.691071217662245 ], [ 103.922418145954396, 21.699943018449492 ], [ 103.922944626717339, 21.703110929308501 ], [ 103.92102527741396, 21.708849551548216 ], [ 103.917214997614792, 21.710570734376045 ], [ 103.911906839241112, 21.716348256344361 ], [ 103.916234926766009, 21.719704344369248 ], [ 103.918029658830221, 21.727543232534178 ], [ 103.916927993989759, 21.73231282959302 ], [ 103.914356322882853, 21.735012480978906 ], [ 103.919324554819397, 21.736183576343191 ], [ 103.920636451898034, 21.738348861372433 ], [ 103.931143314741163, 21.742991696971202 ], [ 103.935158974650719, 21.741558702723555 ], [ 103.938553765605604, 21.738539069410937 ], [ 103.939467180059381, 21.741589516108334 ], [ 103.942659052742087, 21.743678029625681 ], [ 103.949800086628017, 21.743604867525328 ], [ 103.953130967489201, 21.740700224128442 ], [ 103.953528334667652, 21.746389480887448 ], [ 103.951505171829965, 21.752280035193255 ], [ 103.951727346206255, 21.756895135335345 ], [ 103.955495712137974, 21.753809857725269 ], [ 103.957886392286056, 21.754687624585312 ], [ 103.959174731574606, 21.757283220113955 ], [ 103.96139153535205, 21.757475696488981 ], [ 103.964060038013102, 21.755785766908414 ], [ 103.963450417370495, 21.758067490071955 ], [ 103.966116448073976, 21.763258380554777 ], [ 103.9669555685566, 21.770565439939801 ], [ 103.973596937472777, 21.769426084841221 ], [ 103.977081827834638, 21.771118574820143 ], [ 103.98886699392132, 21.771729673287911 ] ], [ [ 104.036879872116117, 21.710401778902938 ], [ 104.036879927742447, 21.71039048950859 ], [ 104.036885892360004, 21.710396114830733 ], [ 104.036879872116117, 21.710401778902938 ] ] ] } },
{ "type": "Feature", "properties": { "xa": "P. Nam Cường", "hat_kl": "Hạt KL Trấn Yên", "che_phu": 50.0, "dt_rung": 2720.6, "DTBD": 4609.27 }, "geometry": { "type": "Polygon", "coordinates": [ [ [ 104.891424449189913, 21.792734745350163 ], [ 104.89440410977096, 21.790511172405527 ], [ 104.896546786827642, 21.786689154283497 ], [ 104.898532635040979, 21.787225695360586 ], [ 104.901902262377916, 21.78516936223609 ], [ 104.904010154880737, 21.781090946691062 ], [ 104.906457204370582, 21.780179114403051 ], [ 104.905810084275998, 21.77786389016843 ], [ 104.909533724994077, 21.775046652376442 ], [ 104.908916411409251, 21.767772229977691 ], [ 104.912064429814919, 21.766347517680757 ], [ 104.912946335166893, 21.763235081417406 ], [ 104.917468906632919, 21.761435337383215 ], [ 104.9168919816059, 21.756437445064883 ], [ 104.917905194919285, 21.752975483715009 ], [ 104.919325715769645, 21.752017080538614 ], [ 104.923317012225326, 21.752746990503162 ], [ 104.925434683166216, 21.750041348141561 ], [ 104.925322128035532, 21.74731917859917 ], [ 104.927888642504627, 21.747427535357371 ], [ 104.92870508869612, 21.744988427576118 ], [ 104.924979537409982, 21.744642321835531 ], [ 104.923573355197732, 21.73796931104367 ], [ 104.918353279899833, 21.734185257792138 ], [ 104.918956070703871, 21.732733445905499 ], [ 104.916078055257159, 21.731863308089682 ], [ 104.91547865631226, 21.733006838562968 ], [ 104.91308069495453, 21.732456719839167 ], [ 104.911978131441757, 21.735098536595782 ], [ 104.909080802575815, 21.735131151725973 ], [ 104.906775988614228, 21.733926833106839 ], [ 104.907348499067666, 21.731993044578214 ], [ 104.904963251053559, 21.730453231147994 ], [ 104.899009245790964, 21.733028077754458 ], [ 104.894435448733347, 21.730700926233393 ], [ 104.891217570959626, 21.735603836450014 ], [ 104.887485420101697, 21.734886842423123 ], [ 104.887072484818788, 21.726985384423777 ], [ 104.883202939958466, 21.724606935405824 ], [ 104.880969200378672, 21.719059701093652 ], [ 104.879663621424143, 21.719416596413939 ], [ 104.878965993453889, 21.717118267114241 ], [ 104.876478008849887, 21.71529929429353 ], [ 104.870711406717803, 21.715398795074826 ], [ 104.867419254931363, 21.718690235484548 ], [ 104.866313030519322, 21.716247354843627 ], [ 104.867120096414496, 21.715119025947139 ], [ 104.863630855975188, 21.712481071976313 ], [ 104.860206870635864, 21.713373237197192 ], [ 104.847897893524518, 21.712119709249176 ], [ 104.841283851260982, 21.713820365518707 ], [ 104.838593612061558, 21.716427075118172 ], [ 104.838111959438422, 21.718814181910744 ], [ 104.841819306972837, 21.726562154715555 ], [ 104.842439150330563, 21.732634782908143 ], [ 104.839357920905513, 21.738198131601006 ], [ 104.831024746083884, 21.74643299142458 ], [ 104.833875235425666, 21.749552095947415 ], [ 104.832963840898856, 21.750610764255669 ], [ 104.833590165312714, 21.753639385973319 ], [ 104.835580347889476, 21.753837889030869 ], [ 104.835523938746277, 21.754746734489686 ], [ 104.837178845450865, 21.751602948494572 ], [ 104.838848104673559, 21.751318540908112 ], [ 104.841333632570155, 21.755893333134537 ], [ 104.847205331778184, 21.758526384077822 ], [ 104.849701366167849, 21.756470353738386 ], [ 104.849774838933456, 21.754358409881611 ], [ 104.853930512024618, 21.750922636644379 ], [ 104.854786417414118, 21.75274749689703 ], [ 104.860827302276263, 21.755714779898952 ], [ 104.860984421744149, 21.757858637387045 ], [ 104.86354040017828, 21.758401812754169 ], [ 104.865662270160072, 21.762810380665858 ], [ 104.864952501842808, 21.765895443854365 ], [ 104.866621988463592, 21.76958553105986 ], [ 104.874654021686268, 21.776438223083748 ], [ 104.876830571021557, 21.783062987600079 ], [ 104.879964898265399, 21.783641318219292 ], [ 104.881109586109758, 21.78607854471252 ], [ 104.887239234174274, 21.786589663424071 ], [ 104.891424449189913, 21.792734745350163 ] ], [ [ 104.879217262941609, 21.747994570800422 ], [ 104.879217252841372, 21.747983280607144 ], [ 104.879223252068698, 21.747988875862688 ], [ 104.879217262941609, 21.747994570800422 ] ] ] } },
{ "type": "Feature", "properties": { "xa": "Gia Hội", "hat_kl": "Hạt KL Nghĩa Lộ", "che_phu": 73.2, "dt_rung": 16036.3, "DTBD": 21325.84 }, "geometry": { "type": "Polygon", "coordinates": [ [ [ 104.339735466080327, 21.792875706178073 ], [ 104.341114512940422, 21.789340672126883 ], [ 104.346036352721356, 21.787708596158282 ], [ 104.347653742912286, 21.783625934362469 ], [ 104.352911003047964, 21.781946324634269 ], [ 104.358849296856633, 21.777239099826382 ], [ 104.360775033128419, 21.777141582854469 ], [ 104.361702889009777, 21.775334926736491 ], [ 104.367344474996088, 21.773789697081991 ], [ 104.370803527794322, 21.775587989227844 ], [ 104.37385801287445, 21.772738141958428 ], [ 104.381392977073034, 21.769102561734485 ], [ 104.38955376856309, 21.76816514085051 ], [ 104.393643698843832, 21.773491247054228 ], [ 104.403083681834872, 21.772508584648232 ], [ 104.407422264916164, 21.774539449658963 ], [ 104.415683076670632, 21.774238068522873 ], [ 104.416836431177657, 21.77568507059728 ], [ 104.415380940987177, 21.77772075195465 ], [ 104.416064499758079, 21.779856403168591 ], [ 104.419051058895874, 21.777481022441066 ], [ 104.422394640254154, 21.771181600310811 ], [ 104.428742202720187, 21.770972857736993 ], [ 104.429455720622343, 21.769840178019326 ], [ 104.426474740689187, 21.766294080656539 ], [ 104.425981559474394, 21.76192304594667 ], [ 104.422564960594443, 21.761659989254312 ], [ 104.427023722904735, 21.75900709641391 ], [ 104.435470028017917, 21.758528682336678 ], [ 104.435694622620517, 21.75644550133925 ], [ 104.437523647552723, 21.755319233991969 ], [ 104.443205516715778, 21.755101715589397 ], [ 104.447918254226693, 21.745659665418732 ], [ 104.460769412132137, 21.743027633350696 ], [ 104.46399536505416, 21.736756557675228 ], [ 104.460653438750725, 21.717453635486351 ], [ 104.457511698116264, 21.715495916102938 ], [ 104.458573039144298, 21.705688076710381 ], [ 104.455026913716438, 21.697794759297405 ], [ 104.457086460245662, 21.690957550254993 ], [ 104.46198315379641, 21.681947783403619 ], [ 104.470378211811664, 21.680905108478541 ], [ 104.46797149799464, 21.678573805917534 ], [ 104.467411161164449, 21.674733907418108 ], [ 104.470723344436195, 21.666129404475399 ], [ 104.474492407696246, 21.664509184964938 ], [ 104.472577474802264, 21.657144396272411 ], [ 104.475214605664021, 21.651840554762142 ], [ 104.472639947866185, 21.651754985839315 ], [ 104.471207265026749, 21.648163188861407 ], [ 104.473125899130125, 21.645183058431364 ], [ 104.472214739137186, 21.642715743451621 ], [ 104.472971068293248, 21.633664012508145 ], [ 104.478395891872751, 21.633394772580679 ], [ 104.475645628151597, 21.627227565749319 ], [ 104.477016392482028, 21.626192018362552 ], [ 104.477265065910032, 21.618968441900375 ], [ 104.475543598701933, 21.62007467882734 ], [ 104.467119736555489, 21.619727906079966 ], [ 104.467740641706186, 21.616297252415794 ], [ 104.46551630602292, 21.617039706361858 ], [ 104.464528793023774, 21.613419879844681 ], [ 104.460379534819481, 21.611730543000391 ], [ 104.460440310654306, 21.609730368483469 ], [ 104.458009161375827, 21.609984351127185 ], [ 104.456701622870739, 21.607839874326874 ], [ 104.453531625237019, 21.607706630377592 ], [ 104.450110859637775, 21.610074171923912 ], [ 104.446930803499328, 21.608031915682879 ], [ 104.446291797000185, 21.61260096581459 ], [ 104.44806482377588, 21.615614816657853 ], [ 104.450621313819966, 21.62884803264161 ], [ 104.435706238489971, 21.643730046538408 ], [ 104.433458861208464, 21.640992277932273 ], [ 104.426668214811855, 21.641132389733347 ], [ 104.423505734468264, 21.638507504059053 ], [ 104.418823287524944, 21.64211084160446 ], [ 104.417121490214754, 21.641615367906496 ], [ 104.411411686246495, 21.64460748178271 ], [ 104.407839598246852, 21.650960165492062 ], [ 104.403979291288266, 21.651710328774907 ], [ 104.400631145165775, 21.646382202792466 ], [ 104.397598503379001, 21.643431854216924 ], [ 104.395952164278256, 21.64335546479386 ], [ 104.390508923251886, 21.650006167514018 ], [ 104.387465446244548, 21.651448671579427 ], [ 104.383140302625364, 21.651129372910411 ], [ 104.378372965914181, 21.656058634231272 ], [ 104.36945823819417, 21.65931954878608 ], [ 104.363221146329082, 21.668291103009395 ], [ 104.356243716463254, 21.669339313928642 ], [ 104.352844884688793, 21.666331654542756 ], [ 104.347169840157846, 21.666774102481206 ], [ 104.343579562786132, 21.670420641731873 ], [ 104.335442374978584, 21.671903638832973 ], [ 104.331364419567777, 21.674260351118306 ], [ 104.328023042425656, 21.676653428163799 ], [ 104.325034333670104, 21.681297950374198 ], [ 104.321866677361626, 21.679423511170263 ], [ 104.3174119020684, 21.681034657892912 ], [ 104.315807802694664, 21.680217401905651 ], [ 104.309028530312858, 21.683877285826295 ], [ 104.308164488923964, 21.691710919639771 ], [ 104.303686517330974, 21.694814170009455 ], [ 104.303925977243949, 21.700626475304301 ], [ 104.300642616197521, 21.705004643885744 ], [ 104.29459228524307, 21.709406142795881 ], [ 104.295133767825135, 21.71314796541235 ], [ 104.294098190578211, 21.71428586221807 ], [ 104.29757046954056, 21.718677346197577 ], [ 104.297672029372109, 21.723385373481026 ], [ 104.299868932714702, 21.728678688788211 ], [ 104.297752536613586, 21.738378155868457 ], [ 104.298690908628373, 21.745382848795092 ], [ 104.309700937617563, 21.751938107660774 ], [ 104.315102056652634, 21.751073667700084 ], [ 104.318618831135907, 21.753017523240473 ], [ 104.322026229636151, 21.759667137083525 ], [ 104.33221105395738, 21.770422624465333 ], [ 104.333230294514053, 21.773306487235413 ], [ 104.338704456588786, 21.778125386062896 ], [ 104.338441667810656, 21.78204207934402 ], [ 104.335367377200726, 21.783936709887325 ], [ 104.334922283736276, 21.786276948952349 ], [ 104.336502797071248, 21.79178399430203 ], [ 104.339735466080327, 21.792875706178073 ] ], [ [ 104.390539203779298, 21.707434908588308 ], [ 104.390539231814515, 21.707423618534371 ], [ 104.390545306770278, 21.707429321925552 ], [ 104.390539203779298, 21.707434908588308 ] ] ] } },
{ "type": "Feature", "properties": { "xa": "Quy Mông", "hat_kl": "Hạt KL Trấn Yên", "che_phu": 73.8, "dt_rung": 12149.8, "DTBD": 14917.37 }, "geometry": { "type": "Polygon", "coordinates": [ [ [ 104.776074711662744, 21.803839773632042 ], [ 104.788135878449367, 21.796420793732104 ], [ 104.795472369610707, 21.793630087797826 ], [ 104.802679589548134, 21.786937216542707 ], [ 104.802608738319989, 21.779083705848642 ], [ 104.794989225267159, 21.771407547559654 ], [ 104.793117864267529, 21.767568839511842 ], [ 104.79218923060607, 21.760355365018583 ], [ 104.793131701720625, 21.756927415584396 ], [ 104.800253929434319, 21.754599622179882 ], [ 104.809907305967897, 21.758325698668216 ], [ 104.81438724860233, 21.758538619707551 ], [ 104.823854158803329, 21.753956350684227 ], [ 104.841670157786353, 21.734653813416454 ], [ 104.842478524422901, 21.728751281407408 ], [ 104.838111959438422, 21.718814181910744 ], [ 104.839178149350957, 21.715698765845161 ], [ 104.836578783932069, 21.712309905595934 ], [ 104.832997232281087, 21.710768675383299 ], [ 104.828370936401214, 21.712481086725106 ], [ 104.820379563661405, 21.70983435150044 ], [ 104.819982265826937, 21.712143153400486 ], [ 104.81676038584429, 21.714641979436905 ], [ 104.814230156564378, 21.720322069946899 ], [ 104.809890973230381, 21.718926955481979 ], [ 104.807129747442758, 21.716511273385091 ], [ 104.799698626329345, 21.71738590978849 ], [ 104.796379620725176, 21.715678339498051 ], [ 104.79421871837998, 21.707832825751282 ], [ 104.796736753984987, 21.703335714137339 ], [ 104.798576183533669, 21.702646207163593 ], [ 104.799118760039718, 21.699165207828454 ], [ 104.796288980213291, 21.698234076786079 ], [ 104.794818206066708, 21.695780333451154 ], [ 104.792957806729675, 21.696896758225268 ], [ 104.791256158943227, 21.695935980319895 ], [ 104.790931078543508, 21.692309438083669 ], [ 104.789167367565241, 21.690675029120833 ], [ 104.789489712815339, 21.684091261153444 ], [ 104.787535126965537, 21.681572531013082 ], [ 104.781320783995028, 21.681046698929492 ], [ 104.779252045173649, 21.677965091943996 ], [ 104.769702025164719, 21.676331753698502 ], [ 104.766871033444005, 21.673652014671507 ], [ 104.765098573869025, 21.676010507818145 ], [ 104.762821665162875, 21.675563422225565 ], [ 104.758760912573081, 21.663575164182429 ], [ 104.745287160227306, 21.657646726476347 ], [ 104.738965608597638, 21.645375981387094 ], [ 104.726062939790651, 21.652085160573051 ], [ 104.718576399561556, 21.647017434733744 ], [ 104.709065867867722, 21.652729999238503 ], [ 104.704414481059473, 21.652496839239074 ], [ 104.700328533867918, 21.657852530189839 ], [ 104.694974142469832, 21.661534834955258 ], [ 104.695791993400306, 21.681105748987651 ], [ 104.689240152642853, 21.689369968318669 ], [ 104.688214751735117, 21.701223580073101 ], [ 104.689258979791248, 21.703012888085659 ], [ 104.686499531263024, 21.709982649812833 ], [ 104.688710153422846, 21.711559332263175 ], [ 104.688936183650966, 21.714427233307546 ], [ 104.692161191526623, 21.717111769086287 ], [ 104.690688590777995, 21.725075845613077 ], [ 104.696640853602716, 21.72830597691912 ], [ 104.714610980428134, 21.729364756801463 ], [ 104.717512308111182, 21.730612336074103 ], [ 104.718767658283269, 21.733300739083713 ], [ 104.715379509719469, 21.739405373966981 ], [ 104.712695730086097, 21.749790262768759 ], [ 104.714862275315951, 21.753806801842568 ], [ 104.716822132809753, 21.75484617670962 ], [ 104.717347699734248, 21.757487196732075 ], [ 104.723388534342035, 21.76120781380882 ], [ 104.723073845456412, 21.765157526674475 ], [ 104.727520269552031, 21.766323790324538 ], [ 104.731882363286033, 21.762771164123816 ], [ 104.736491264431535, 21.764577133187466 ], [ 104.733377330279396, 21.769263997291119 ], [ 104.733417952960963, 21.77254005339379 ], [ 104.736574378121276, 21.774388678652667 ], [ 104.736800556709866, 21.776504929035003 ], [ 104.740041527472385, 21.778425028584898 ], [ 104.741829753965533, 21.781470313438135 ], [ 104.744959274928959, 21.78150277329393 ], [ 104.749992988996013, 21.783962030454262 ], [ 104.755950959217515, 21.780610818135155 ], [ 104.760543103869665, 21.782039744388772 ], [ 104.760121802076881, 21.78394880375938 ], [ 104.76134475354722, 21.785387905059508 ], [ 104.762920259187226, 21.786105934450951 ], [ 104.765199017805429, 21.784825706014196 ], [ 104.764701829443467, 21.787437302816492 ], [ 104.762272209232535, 21.789295953089468 ], [ 104.764665790497034, 21.792509570582908 ], [ 104.763598779301617, 21.796619640905046 ], [ 104.766470779846898, 21.799055433254097 ], [ 104.766460170433191, 21.801003211154118 ], [ 104.771531869483852, 21.803400022660945 ], [ 104.776074711662744, 21.803839773632042 ] ], [ [ 104.756849639435544, 21.722006696224692 ], [ 104.756849638899837, 21.721995405967327 ], [ 104.756855728988981, 21.722001096004647 ], [ 104.756849639435544, 21.722006696224692 ] ] ] } },
{ "type": "Feature", "properties": { "xa": "Mỏ Vàng", "hat_kl": "Hạt KL Trấn Yên", "che_phu": 80.7, "dt_rung": 14089.2, "DTBD": 16754.91 }, "geometry": { "type": "Polygon", "coordinates": [ [ [ 104.645821381141488, 21.807175615641182 ], [ 104.649894288669586, 21.803004398296899 ], [ 104.652486555538729, 21.803671073173373 ], [ 104.655015619282366, 21.795640289108011 ], [ 104.661208020188894, 21.792089593266887 ], [ 104.665075949579574, 21.78242390749066 ], [ 104.667319188346056, 21.779738436024868 ], [ 104.667650536228109, 21.773051475908325 ], [ 104.671279924433762, 21.759705620083789 ], [ 104.677241106179082, 21.749114792779167 ], [ 104.677474920849775, 21.743260601240799 ], [ 104.674977302608468, 21.739426412151538 ], [ 104.683519437389236, 21.735025426441776 ], [ 104.686748895461619, 21.728354069490106 ], [ 104.69121917626552, 21.724394555239378 ], [ 104.692161191526623, 21.717111769086287 ], [ 104.688936183650966, 21.714427233307546 ], [ 104.688710153422846, 21.711559332263175 ], [ 104.686499531263024, 21.709982649812833 ], [ 104.689258979791248, 21.703012888085659 ], [ 104.688215090917666, 21.700428473422093 ], [ 104.689331215952166, 21.68907564101147 ], [ 104.695802301927273, 21.680931700944889 ], [ 104.695446469334044, 21.666848311405552 ], [ 104.694055580351986, 21.662692645461952 ], [ 104.688829024416236, 21.664890068878055 ], [ 104.67890774828065, 21.661628360534021 ], [ 104.673402168449556, 21.648579968783892 ], [ 104.674858181381566, 21.644790688112096 ], [ 104.671287824747949, 21.643993291077024 ], [ 104.665128522194919, 21.639556310421302 ], [ 104.666237836811121, 21.632425878484483 ], [ 104.663301097847167, 21.62914835865465 ], [ 104.664813409585946, 21.623361240908469 ], [ 104.657510409046722, 21.616070976582499 ], [ 104.651794389352617, 21.614104978779142 ], [ 104.644042474153835, 21.625291248599261 ], [ 104.639870986340654, 21.627006481226307 ], [ 104.638594724432011, 21.634791466970544 ], [ 104.635130946240494, 21.635386143620302 ], [ 104.629493087630976, 21.642299073138378 ], [ 104.629868000083377, 21.646894063090386 ], [ 104.628525237861027, 21.650160059165803 ], [ 104.613136376611465, 21.656215064237621 ], [ 104.611444196513816, 21.657613661091027 ], [ 104.611277311778153, 21.661375455747972 ], [ 104.600326649267444, 21.658917303560816 ], [ 104.595537513692733, 21.652194727742266 ], [ 104.593171495235751, 21.652967478437535 ], [ 104.581598505968273, 21.650596924203786 ], [ 104.595032314497161, 21.676518994447239 ], [ 104.594768692948747, 21.680856927540912 ], [ 104.593206251592136, 21.681598810714036 ], [ 104.591013913560602, 21.680402664498668 ], [ 104.589837873621249, 21.683010943059081 ], [ 104.585384206537569, 21.681847750249531 ], [ 104.580336107216425, 21.686628837685841 ], [ 104.573430891148888, 21.687666659132177 ], [ 104.568971099255691, 21.69139938019012 ], [ 104.565109702438363, 21.698612752705337 ], [ 104.561738347275295, 21.701801840078247 ], [ 104.560378632187692, 21.706115870733889 ], [ 104.563267627260998, 21.712076779167678 ], [ 104.563283642143404, 21.714647355715176 ], [ 104.55792387811583, 21.719782344007299 ], [ 104.561446179624724, 21.724277184619528 ], [ 104.558164816394978, 21.729068593313958 ], [ 104.559687575507127, 21.731092650674629 ], [ 104.549983224101311, 21.738564353527117 ], [ 104.551991641719155, 21.741735244533409 ], [ 104.553952955051628, 21.741922737569968 ], [ 104.559910447049475, 21.740980406004542 ], [ 104.562935522225814, 21.738677943210273 ], [ 104.567517313799073, 21.739140083019667 ], [ 104.581910003513556, 21.733555378935474 ], [ 104.587032987271201, 21.734079848794455 ], [ 104.587602640417956, 21.730407928734035 ], [ 104.590951736438882, 21.728216360568243 ], [ 104.591012346427704, 21.725842763142683 ], [ 104.594833214059463, 21.724360592637719 ], [ 104.596899231980814, 21.718611723881754 ], [ 104.599775958807697, 21.717783124569618 ], [ 104.605959834617465, 21.723506531075174 ], [ 104.60553459691333, 21.727775040543211 ], [ 104.601702096579103, 21.730248908865995 ], [ 104.604633268992515, 21.735468129039983 ], [ 104.610838629695323, 21.74134635645429 ], [ 104.607425787018201, 21.744939698640962 ], [ 104.609327547712141, 21.748227134801965 ], [ 104.613577296555945, 21.749318253995316 ], [ 104.614991202332021, 21.753733969626477 ], [ 104.609656090504103, 21.759449500692885 ], [ 104.605376486458781, 21.760676264296571 ], [ 104.599599682568126, 21.768468467389312 ], [ 104.602148474482604, 21.772037644386263 ], [ 104.600508250937466, 21.774510792264547 ], [ 104.602099406234913, 21.776890201021889 ], [ 104.604887318377962, 21.790302475811991 ], [ 104.603694201883172, 21.796032837766788 ], [ 104.599039208756579, 21.7999991618792 ], [ 104.596381986676008, 21.805853483693863 ], [ 104.598079113459079, 21.80623367859242 ], [ 104.607203029314206, 21.801032917845287 ], [ 104.613206573506304, 21.806776089755758 ], [ 104.629235187761452, 21.802032281734718 ], [ 104.632561009809933, 21.795260597895055 ], [ 104.640041130966395, 21.793521643188544 ], [ 104.644036277101634, 21.796164340490147 ], [ 104.642992686391636, 21.800144119560773 ], [ 104.645821381141488, 21.807175615641182 ] ], [ [ 104.634179770785337, 21.712692103108715 ], [ 104.634179779892449, 21.712680722539826 ], [ 104.634185864825781, 21.712686326757279 ], [ 104.634179770785337, 21.712692103108715 ] ] ] } },
{ "type": "Feature", "properties": { "xa": "Púng Luông", "hat_kl": "Hạt KL Mù Cang Chải", "che_phu": 69.7, "dt_rung": 17702.5, "DTBD": 25324.03 }, "geometry": { "type": "Polygon", "coordinates": [ [ [ 104.185272708041708, 21.836627898113449 ], [ 104.187993571764764, 21.834614615741415 ], [ 104.190904867458443, 21.828260990169888 ], [ 104.189856767819549, 21.82341884134178 ], [ 104.191506568788455, 21.820826348855515 ], [ 104.191375469361304, 21.816997240164348 ], [ 104.189720533472652, 21.815129909524813 ], [ 104.193874782835323, 21.806739684820744 ], [ 104.193662015763081, 21.803656955113727 ], [ 104.200242660076384, 21.799945055269795 ], [ 104.201342270274154, 21.796113528701632 ], [ 104.204873888841732, 21.795435186889275 ], [ 104.212726204836741, 21.796846210181425 ], [ 104.213308663661735, 21.792231930840931 ], [ 104.216744487871068, 21.791162574528865 ], [ 104.218467257892129, 21.788557920536128 ], [ 104.218782941633577, 21.786553141963736 ], [ 104.214712091990336, 21.778477363522033 ], [ 104.216432169615928, 21.772175793728504 ], [ 104.221100566480672, 21.765265510820011 ], [ 104.226257126838519, 21.761935063264247 ], [ 104.232405605492303, 21.76020430464677 ], [ 104.234308367823274, 21.755772603393787 ], [ 104.237902674406783, 21.753918948503802 ], [ 104.240180501048883, 21.749511905613325 ], [ 104.244940407313322, 21.749182563978028 ], [ 104.24606572169597, 21.748609757546756 ], [ 104.246169679158243, 21.745885233056256 ], [ 104.249880781429582, 21.745477857350419 ], [ 104.254867340877581, 21.738941532293239 ], [ 104.256049637426941, 21.728900454003075 ], [ 104.259501502312347, 21.725672484287958 ], [ 104.26049708523162, 21.722517855088707 ], [ 104.269545729726048, 21.717815743267568 ], [ 104.272131596217378, 21.714579023151838 ], [ 104.272719538349534, 21.71168334657694 ], [ 104.276242674596986, 21.707908507746371 ], [ 104.279723587978893, 21.708714139042268 ], [ 104.283159823326955, 21.712386328295061 ], [ 104.287530303192042, 21.710592813366762 ], [ 104.29199129286765, 21.711256589052542 ], [ 104.300642616197521, 21.705004643885744 ], [ 104.303773114353703, 21.700866586901167 ], [ 104.303686517330974, 21.694814170009455 ], [ 104.308164488923964, 21.691710919639771 ], [ 104.308585709563516, 21.684713198704273 ], [ 104.311139515526648, 21.68213319369578 ], [ 104.321866677361626, 21.679423511170263 ], [ 104.325034333670104, 21.681297950374198 ], [ 104.328023042425656, 21.676653428163799 ], [ 104.331364419567777, 21.674260351118306 ], [ 104.345643587581606, 21.668805143525667 ], [ 104.34585139306165, 21.667639786142914 ], [ 104.338514351891973, 21.659551581604809 ], [ 104.338924473235437, 21.653354494723175 ], [ 104.333205180543175, 21.654936665817221 ], [ 104.323486125844866, 21.654031632855208 ], [ 104.315209716228622, 21.656660819952773 ], [ 104.308594489425161, 21.655699787705942 ], [ 104.305196311621813, 21.653318445536971 ], [ 104.292932129361276, 21.658860734309602 ], [ 104.290506801294114, 21.65711744637758 ], [ 104.289172485419186, 21.654110587887899 ], [ 104.284820525599301, 21.653621834110417 ], [ 104.284007437610242, 21.658426868128309 ], [ 104.287677338901844, 21.661665634849509 ], [ 104.285863479939962, 21.660846515406156 ], [ 104.281208821408981, 21.662209291666095 ], [ 104.276674457182992, 21.661798656259673 ], [ 104.274381732176408, 21.663802998582828 ], [ 104.268224743396999, 21.662380223183458 ], [ 104.263998249236408, 21.663672221537752 ], [ 104.260323986073061, 21.663244687826854 ], [ 104.255016277179777, 21.665615660769841 ], [ 104.255918486101805, 21.66966180254509 ], [ 104.25319021334893, 21.671250519307989 ], [ 104.245054874820397, 21.672305745807151 ], [ 104.240620944801606, 21.669765495390827 ], [ 104.23158246991818, 21.672920566949255 ], [ 104.227146772520811, 21.670986362378741 ], [ 104.223831991514999, 21.672104614421301 ], [ 104.221782972779451, 21.671450332564984 ], [ 104.220485194042027, 21.672953453868381 ], [ 104.211703857896183, 21.670838820953001 ], [ 104.210972370707339, 21.664345168597723 ], [ 104.204779641576621, 21.658719886076582 ], [ 104.204341112234118, 21.655733377542038 ], [ 104.201372530823363, 21.654441327980102 ], [ 104.19635681260813, 21.648139604273382 ], [ 104.191777566918333, 21.647202296047464 ], [ 104.180507410577135, 21.648325915343502 ], [ 104.174826544319188, 21.647578729152478 ], [ 104.174463506588893, 21.64662189116299 ], [ 104.177075970436235, 21.645364640617899 ], [ 104.177430970739351, 21.643561188597076 ], [ 104.174899355386245, 21.643220701359123 ], [ 104.175737414948756, 21.641391376608585 ], [ 104.173748142146678, 21.636241058753207 ], [ 104.171803700984185, 21.638259451651091 ], [ 104.166024357035369, 21.639458466518199 ], [ 104.163485243209649, 21.641502576155453 ], [ 104.153276059151452, 21.643293928677878 ], [ 104.151474672746815, 21.647453155156601 ], [ 104.148479798495742, 21.648002678561966 ], [ 104.148360695223502, 21.65093590511821 ], [ 104.145803549990404, 21.652074760312232 ], [ 104.147011454706913, 21.654412635111825 ], [ 104.145303579767557, 21.655135210509876 ], [ 104.144157815621398, 21.659186270477157 ], [ 104.138749997946348, 21.665382382504774 ], [ 104.135010723051337, 21.674725872894349 ], [ 104.131753560749232, 21.678265644292605 ], [ 104.133979669687946, 21.680622932126496 ], [ 104.134292150083752, 21.686407015151744 ], [ 104.136775167734484, 21.692810319642611 ], [ 104.141476057327679, 21.696947067163723 ], [ 104.14175384087136, 21.703819071615118 ], [ 104.140365278671439, 21.705821841918564 ], [ 104.141308016588923, 21.712044546059364 ], [ 104.143803845944191, 21.716992758012257 ], [ 104.142080240147592, 21.718839505784658 ], [ 104.140593460290873, 21.724504319036814 ], [ 104.137728483340936, 21.728141076273879 ], [ 104.137749219420286, 21.730434964541097 ], [ 104.134384389965561, 21.736905345650225 ], [ 104.129168306990593, 21.737868891649601 ], [ 104.12772163807017, 21.741168827920788 ], [ 104.123008373881305, 21.745624579414027 ], [ 104.118540059486676, 21.746305750211427 ], [ 104.116656894242297, 21.748250412264234 ], [ 104.108755133368504, 21.750485423720001 ], [ 104.102177247731746, 21.753973789293273 ], [ 104.097916811298475, 21.754532828763701 ], [ 104.094280506301033, 21.757883593802703 ], [ 104.088080292719297, 21.760102385383401 ], [ 104.087136366875029, 21.764396350392222 ], [ 104.088177711690477, 21.768313421619659 ], [ 104.09067545004369, 21.771309554585379 ], [ 104.09076766243237, 21.774977339998507 ], [ 104.08816165572658, 21.778452716610918 ], [ 104.089121052814249, 21.782911442382495 ], [ 104.088171746419022, 21.784976896795889 ], [ 104.092021291200552, 21.787675855520199 ], [ 104.096180016407629, 21.786352416118358 ], [ 104.10423162108188, 21.796092981115329 ], [ 104.109000606124411, 21.796707193554397 ], [ 104.111789629426085, 21.801113003279273 ], [ 104.116763470703347, 21.802913289714336 ], [ 104.120655688206554, 21.813520379857586 ], [ 104.122211191382959, 21.813556015751423 ], [ 104.125836595630986, 21.819486706044753 ], [ 104.130043490474932, 21.816648807393655 ], [ 104.132042711271467, 21.816794668564267 ], [ 104.132434366531001, 21.815594373276316 ], [ 104.130844628058298, 21.814786854043906 ], [ 104.133737947046129, 21.813977869046475 ], [ 104.133368280505181, 21.81063484044676 ], [ 104.1370715077678, 21.809283480865712 ], [ 104.137245742754331, 21.806044895275999 ], [ 104.140104822760208, 21.808155718769545 ], [ 104.143142161135231, 21.80408790080763 ], [ 104.146102458095996, 21.807743874203513 ], [ 104.155421660324095, 21.813342423622206 ], [ 104.157582839624382, 21.813497138441114 ], [ 104.160962914008905, 21.816392619564017 ], [ 104.163305069263444, 21.816558834405424 ], [ 104.168987895206143, 21.821655232971057 ], [ 104.176942136867382, 21.824377576422044 ], [ 104.182463556789756, 21.835549168981256 ], [ 104.185272708041708, 21.836627898113449 ] ], [ [ 104.195864491898149, 21.726397959182311 ], [ 104.195864535158279, 21.726386669461515 ], [ 104.195870506410813, 21.726392379529401 ], [ 104.195864491898149, 21.726397959182311 ] ] ] } },
{ "type": "Feature", "properties": { "xa": "Thác Bà", "hat_kl": "Hạt KL Lục Yên", "che_phu": 44.1, "dt_rung": 6959.2, "DTBD": 14254.29 }, "geometry": { "type": "Polygon", "coordinates": [ [ [ 105.065486534551283, 21.841048685860333 ], [ 105.070055975997803, 21.83918037965671 ], [ 105.07132526936914, 21.83591167827786 ], [ 105.077736020000742, 21.829692021292132 ], [ 105.08875078858884, 21.828156921094539 ], [ 105.092329483690563, 21.821014274363623 ], [ 105.097511091999877, 21.818425178217741 ], [ 105.09976965183246, 21.814237878666788 ], [ 105.100047060547809, 21.811454536418655 ], [ 105.095293714397513, 21.810881981464394 ], [ 105.088571601638975, 21.807169299606539 ], [ 105.085575895767747, 21.80251616499184 ], [ 105.084411918011895, 21.79797705108771 ], [ 105.080775347428258, 21.79648225808122 ], [ 105.075933949919801, 21.783195022555773 ], [ 105.071676689741778, 21.78095014026222 ], [ 105.07302870473471, 21.780528417251265 ], [ 105.072420772350952, 21.777990788160146 ], [ 105.078928111085261, 21.772986864399144 ], [ 105.080064362351422, 21.766040312512235 ], [ 105.078639813156499, 21.766089573938125 ], [ 105.076341475893173, 21.761871459157568 ], [ 105.074126425766778, 21.761098966883893 ], [ 105.074152755918178, 21.757624733494609 ], [ 105.071719569578718, 21.758417530305977 ], [ 105.071674306391685, 21.75619816932431 ], [ 105.070229306475767, 21.758318810847769 ], [ 105.067256636536769, 21.758350008425666 ], [ 105.067187184638229, 21.754110850310841 ], [ 105.063042138717435, 21.755225534147733 ], [ 105.062975289165038, 21.754047155845498 ], [ 105.061414333510513, 21.753783022521457 ], [ 105.062070959664339, 21.749016281435647 ], [ 105.058396032427396, 21.749427446131445 ], [ 105.056493500615275, 21.747494592247531 ], [ 105.058052523536801, 21.745210825658116 ], [ 105.064913017549756, 21.743086575941255 ], [ 105.070549974245651, 21.738215412089133 ], [ 105.076519965268204, 21.735397839175697 ], [ 105.076646036073754, 21.731809142719946 ], [ 105.074033874991528, 21.728546463769543 ], [ 105.076594513807237, 21.722479905032259 ], [ 105.078121865311104, 21.721746732107864 ], [ 105.083584885503541, 21.723987612957295 ], [ 105.086660355526803, 21.716890294375435 ], [ 105.091549639173564, 21.713316945608856 ], [ 105.090984395264456, 21.709544949662135 ], [ 105.088047679140288, 21.708066358332999 ], [ 105.086477678082417, 21.702717124503557 ], [ 105.096403445506297, 21.700067796361441 ], [ 105.095945690308426, 21.694957118595305 ], [ 105.100412660255273, 21.688791088702587 ], [ 105.098448006626697, 21.681293868126929 ], [ 105.097535789990872, 21.679690410766412 ], [ 105.096870501050532, 21.681281096499085 ], [ 105.095472618061237, 21.680772342957908 ], [ 105.094499630146956, 21.678060661810949 ], [ 105.091350131624992, 21.678910049655759 ], [ 105.093021443141566, 21.679494594888656 ], [ 105.09220744655758, 21.681480274064118 ], [ 105.090291534259251, 21.680814482030645 ], [ 105.089558862560182, 21.682594681190469 ], [ 105.088093376383938, 21.682057281571723 ], [ 105.087097843906832, 21.683183627396751 ], [ 105.080766047789695, 21.682012349240697 ], [ 105.079790890049495, 21.682859698766702 ], [ 105.077244280336828, 21.68065719572952 ], [ 105.075012591316423, 21.681648795715191 ], [ 105.073153931686264, 21.680536233849086 ], [ 105.071108752016613, 21.683329331182165 ], [ 105.067071502959436, 21.684366580404731 ], [ 105.06116087128342, 21.690133507252469 ], [ 105.059219790456879, 21.686176812233086 ], [ 105.055522174492253, 21.685250732798828 ], [ 105.052535950613517, 21.688442116733633 ], [ 105.049730292495354, 21.68802477663197 ], [ 105.048261477418095, 21.689958498442593 ], [ 105.04472805264318, 21.68999624679525 ], [ 105.03871871667971, 21.697621734010617 ], [ 105.037319054294159, 21.69731634959599 ], [ 105.027985051047992, 21.703213997914474 ], [ 105.018581532245122, 21.718676455246683 ], [ 105.015526999089772, 21.720017502818823 ], [ 105.014844190824306, 21.727571446401583 ], [ 105.01011575473531, 21.734620657765962 ], [ 105.004046809456625, 21.737753479513572 ], [ 105.000374164563254, 21.742600201822878 ], [ 104.992480633331496, 21.747982271386473 ], [ 104.992894395806431, 21.751701180523732 ], [ 104.998099722546513, 21.757334281159821 ], [ 104.996707033240938, 21.775708912325605 ], [ 104.990198760030665, 21.779751503248679 ], [ 104.979484929307034, 21.794975755875903 ], [ 104.978172341699107, 21.803579355642174 ], [ 104.965939314760362, 21.807610917728407 ], [ 104.967912094671988, 21.815898403205086 ], [ 104.958965048013752, 21.826246433944775 ], [ 104.968227801317624, 21.830117139739354 ], [ 104.973794194334246, 21.825282509948039 ], [ 104.976540232663751, 21.834985493311951 ], [ 104.980819854714511, 21.83588086739465 ], [ 104.984630945531208, 21.834716772324246 ], [ 104.988257601572258, 21.830522068229918 ], [ 104.99536645116973, 21.829341189817939 ], [ 105.002106247995371, 21.831202465836121 ], [ 105.009324487866095, 21.829093411702996 ], [ 105.01265065810145, 21.829750559346664 ], [ 105.01530613248103, 21.831373338781109 ], [ 105.016171703941794, 21.833711868768702 ], [ 105.024884413252963, 21.837057308450564 ], [ 105.039532123703253, 21.832494303312142 ], [ 105.044966164848915, 21.834540180128609 ], [ 105.050415413836305, 21.831798440236604 ], [ 105.058607954911025, 21.83875538244645 ], [ 105.065486534551283, 21.841048685860333 ] ], [ [ 105.038455802523785, 21.770656819408202 ], [ 105.03845577995223, 21.770645529360692 ], [ 105.038461882940396, 21.770651118598067 ], [ 105.038455802523785, 21.770656819408202 ] ] ] } },
{ "type": "Feature", "properties": { "xa": "Tú Lệ", "hat_kl": "Hạt KL Mù Cang Chải", "che_phu": 63.3, "dt_rung": 7330.1, "DTBD": 11534.71 }, "geometry": { "type": "Polygon", "coordinates": [ [ [ 104.204287225866452, 21.854409790472097 ], [ 104.207998415144772, 21.851158402685815 ], [ 104.215897882528154, 21.848177770334981 ], [ 104.219856835586938, 21.844128768736471 ], [ 104.223557826338478, 21.844550937739022 ], [ 104.229971990140655, 21.839281177902457 ], [ 104.236205797590827, 21.837194672998354 ], [ 104.241685201860946, 21.831294537207082 ], [ 104.24938430816249, 21.828008448088951 ], [ 104.253790572443108, 21.828901186111302 ], [ 104.263836155490523, 21.820205860248528 ], [ 104.26736642300034, 21.821296340051109 ], [ 104.26906765138132, 21.816294398573437 ], [ 104.268780913765994, 21.811938574313395 ], [ 104.276675308364602, 21.803999872892728 ], [ 104.278616046386745, 21.803843480959898 ], [ 104.28244134934063, 21.806262527848158 ], [ 104.282623869044087, 21.80461914904091 ], [ 104.288619384738524, 21.80611642427127 ], [ 104.295102253513917, 21.804167437851827 ], [ 104.299750769007645, 21.799177576982348 ], [ 104.305635149547044, 21.804522794331483 ], [ 104.309710951887695, 21.803081737256292 ], [ 104.311602628116859, 21.789982067486747 ], [ 104.319395467706983, 21.789246491922007 ], [ 104.319078500083847, 21.791142645250414 ], [ 104.320798066832964, 21.792831487685064 ], [ 104.329834435141322, 21.794640328042242 ], [ 104.336502797071248, 21.79178399430203 ], [ 104.335083059059954, 21.784813993813192 ], [ 104.338441667810656, 21.78204207934402 ], [ 104.338704456588786, 21.778125386062896 ], [ 104.333230294514053, 21.773306487235413 ], [ 104.33221105395738, 21.770422624465333 ], [ 104.322026229636151, 21.759667137083525 ], [ 104.318618831135907, 21.753017523240473 ], [ 104.315102056652634, 21.751073667700084 ], [ 104.309700937617563, 21.751938107660774 ], [ 104.298767780856807, 21.745564149478213 ], [ 104.297752536613586, 21.738378155868457 ], [ 104.299868932714702, 21.728678688788211 ], [ 104.297672029372109, 21.723385373481026 ], [ 104.29757046954056, 21.718677346197577 ], [ 104.294098190578211, 21.71428586221807 ], [ 104.295133767825135, 21.71314796541235 ], [ 104.294603466435873, 21.709354420093202 ], [ 104.291885986324104, 21.711302903165862 ], [ 104.287530303192042, 21.710592813366762 ], [ 104.283465215491248, 21.712428012879855 ], [ 104.279723587978893, 21.708714139042268 ], [ 104.276242674596986, 21.707908507746371 ], [ 104.272719538349534, 21.71168334657694 ], [ 104.272131596217378, 21.714579023151838 ], [ 104.269545729726048, 21.717815743267568 ], [ 104.260771172568099, 21.722131012770134 ], [ 104.259501502312347, 21.725672484287958 ], [ 104.256049637426941, 21.728900454003075 ], [ 104.254867340877581, 21.738941532293239 ], [ 104.249880781429582, 21.745477857350419 ], [ 104.246169679158243, 21.745885233056256 ], [ 104.24606572169597, 21.748609757546756 ], [ 104.244940407313322, 21.749182563978028 ], [ 104.240241293361876, 21.749462507652424 ], [ 104.237902674406783, 21.753918948503802 ], [ 104.234308367823274, 21.755772603393787 ], [ 104.232554737847579, 21.760084737261572 ], [ 104.226257126838519, 21.761935063264247 ], [ 104.221361355800454, 21.764970460156899 ], [ 104.216432169615928, 21.772175793728504 ], [ 104.21474344990466, 21.77886077704596 ], [ 104.218813430124641, 21.787569503940116 ], [ 104.216744487871068, 21.791162574528865 ], [ 104.213308663661735, 21.792231930840931 ], [ 104.212726204836741, 21.796846210181425 ], [ 104.204873888841732, 21.795435186889275 ], [ 104.201342270274154, 21.796113528701632 ], [ 104.200242660076384, 21.799945055269795 ], [ 104.193662015763081, 21.803656955113727 ], [ 104.193874782835323, 21.806739684820744 ], [ 104.189720533472652, 21.815129909524813 ], [ 104.191375469361304, 21.816997240164348 ], [ 104.191506568788455, 21.820826348855515 ], [ 104.189856767819549, 21.82341884134178 ], [ 104.191270429733095, 21.826663422861412 ], [ 104.187157638362493, 21.83581091364151 ], [ 104.189682194477939, 21.839406201655322 ], [ 104.189345732647368, 21.842160739272749 ], [ 104.190571826488238, 21.843826836563796 ], [ 104.189775901709652, 21.845496997216753 ], [ 104.195764627035118, 21.846694702322097 ], [ 104.204287225866452, 21.854409790472097 ] ], [ [ 104.259653341197279, 21.783280383910412 ], [ 104.259653379588045, 21.783269094151837 ], [ 104.259659355717062, 21.783274801974954 ], [ 104.259653341197279, 21.783280383910412 ] ] ] } },
{ "type": "Feature", "properties": { "xa": "Xuân Ái", "hat_kl": "Hạt KL Trấn Yên", "che_phu": 62.1, "dt_rung": 8714.6, "DTBD": 12393.42 }, "geometry": { "type": "Polygon", "coordinates": [ [ [ 104.683802399441007, 21.871223123520988 ], [ 104.693839233164852, 21.867023427115349 ], [ 104.704677122587725, 21.868651447532887 ], [ 104.713522362955814, 21.863640946143143 ], [ 104.722314774309694, 21.853421439880972 ], [ 104.725325053573954, 21.848138069243582 ], [ 104.73993480961586, 21.838816790918369 ], [ 104.746008532153681, 21.82620735449818 ], [ 104.755129108385688, 21.819334348702842 ], [ 104.755831950537441, 21.817175653142613 ], [ 104.753598764018491, 21.807989612348052 ], [ 104.754614123069274, 21.801276737770781 ], [ 104.758639338578092, 21.798918018239409 ], [ 104.766460170433191, 21.801003211154118 ], [ 104.76688066334566, 21.79991118534382 ], [ 104.763598779301617, 21.796619640905046 ], [ 104.764512619905275, 21.79174492404108 ], [ 104.76223395685183, 21.789817651890033 ], [ 104.765888204508656, 21.785376872471531 ], [ 104.76134475354722, 21.785387905059508 ], [ 104.760121802076881, 21.78394880375938 ], [ 104.760543103869665, 21.782039744388772 ], [ 104.755950959217515, 21.780610818135155 ], [ 104.749992988996013, 21.783962030454262 ], [ 104.744959274928959, 21.78150277329393 ], [ 104.741829753965533, 21.781470313438135 ], [ 104.740041527472385, 21.778425028584898 ], [ 104.736800556709866, 21.776504929035003 ], [ 104.736574378121276, 21.774388678652667 ], [ 104.733417952960963, 21.77254005339379 ], [ 104.733377330279396, 21.769263997291119 ], [ 104.736491264431535, 21.764577133187466 ], [ 104.731882363286033, 21.762771164123816 ], [ 104.727520269552031, 21.766323790324538 ], [ 104.723209584342541, 21.765252476686815 ], [ 104.723176450944891, 21.760914324607235 ], [ 104.717050748032008, 21.757169928202227 ], [ 104.716822132809753, 21.75484617670962 ], [ 104.713401345581957, 21.751589900160301 ], [ 104.712648804893178, 21.748052551986422 ], [ 104.715535547541222, 21.738984325993883 ], [ 104.718767658283269, 21.733300739083713 ], [ 104.717512308111182, 21.730612336074103 ], [ 104.714610980428134, 21.729364756801463 ], [ 104.696640853602716, 21.72830597691912 ], [ 104.690688590777995, 21.725075845613077 ], [ 104.686748895461619, 21.728354069490106 ], [ 104.683519437389236, 21.735025426441776 ], [ 104.674977302608468, 21.739426412151538 ], [ 104.677474920849775, 21.743260601240799 ], [ 104.677241106179082, 21.749114792779167 ], [ 104.671279924433762, 21.759705620083789 ], [ 104.667650536228109, 21.773051475908325 ], [ 104.667319188346056, 21.779738436024868 ], [ 104.665075949579574, 21.78242390749066 ], [ 104.661208020188894, 21.792089593266887 ], [ 104.655145738005146, 21.795432986444233 ], [ 104.652486555538729, 21.803671073173373 ], [ 104.651476635672779, 21.802943931211281 ], [ 104.649048897770029, 21.80587338394302 ], [ 104.648760723872059, 21.807176540137878 ], [ 104.650448302969821, 21.807462980308301 ], [ 104.652099284563903, 21.810375013485238 ], [ 104.650795421078953, 21.816047295448818 ], [ 104.644917955459391, 21.823153719908021 ], [ 104.638650641188136, 21.824510746329057 ], [ 104.641950954516176, 21.826059231967783 ], [ 104.644830870341437, 21.831131701048132 ], [ 104.643234915888712, 21.832161236061598 ], [ 104.643060219271177, 21.830323998785264 ], [ 104.640972698126333, 21.832813679132169 ], [ 104.638380425241351, 21.833668186553592 ], [ 104.636136340776332, 21.837019357567129 ], [ 104.636709536070981, 21.840081622560028 ], [ 104.63228769834663, 21.844233636239348 ], [ 104.630173769229344, 21.84810867272672 ], [ 104.633308531617587, 21.849867835591315 ], [ 104.63622911461519, 21.853890493976603 ], [ 104.63667442490123, 21.858357147847343 ], [ 104.639905323138478, 21.860185164764498 ], [ 104.645465745098974, 21.860016543243329 ], [ 104.648547229380597, 21.862633425685519 ], [ 104.648683755901587, 21.864826850548642 ], [ 104.651528699630504, 21.865503268092926 ], [ 104.657123256562699, 21.862075874610738 ], [ 104.661562174819579, 21.863074911576415 ], [ 104.670989569064929, 21.858795257234746 ], [ 104.670845615182714, 21.862274152718271 ], [ 104.672753226952409, 21.863656418796374 ], [ 104.676166497504553, 21.864582864391529 ], [ 104.679105195266587, 21.861606649784363 ], [ 104.68229359438115, 21.862119113705798 ], [ 104.683802399441007, 21.871223123520988 ] ], [ [ 104.697321039200858, 21.806653444057936 ], [ 104.697321043329225, 21.806642153920464 ], [ 104.697327037950117, 21.806647755740741 ], [ 104.697321039200858, 21.806653444057936 ] ] ] } },
{ "type": "Feature", "properties": { "xa": "Yên Bình", "hat_kl": "Hạt KL Lục Yên", "che_phu": 48.4, "dt_rung": 7674.0, "DTBD": 15083.25 }, "geometry": { "type": "Polygon", "coordinates": [ [ [ 104.877905554739357, 21.874360163001668 ], [ 104.880910280339464, 21.872185058944943 ], [ 104.88098277762397, 21.868814339183196 ], [ 104.884600518828648, 21.867058216425924 ], [ 104.88640076228306, 21.861054769790098 ], [ 104.888926093564422, 21.85952994954226 ], [ 104.889357318353063, 21.856122610258215 ], [ 104.896755317653771, 21.847341469964284 ], [ 104.901532007744734, 21.844100966791494 ], [ 104.906659819794854, 21.844469108761583 ], [ 104.91729157774769, 21.834651215266465 ], [ 104.919519041781854, 21.838302768024953 ], [ 104.926502655544979, 21.83140028465969 ], [ 104.93744201265477, 21.843403549414788 ], [ 104.941534566695054, 21.845549916991072 ], [ 104.948675469056226, 21.843914799638409 ], [ 104.953191213977547, 21.848001710498838 ], [ 104.955997560846924, 21.851566058806274 ], [ 104.95296541435826, 21.867729719418811 ], [ 104.958407547693824, 21.869527068827995 ], [ 104.959776250456613, 21.868202324315476 ], [ 104.970139642624957, 21.853148436995642 ], [ 104.976772388773668, 21.84012710823411 ], [ 104.973794194334246, 21.825282509948039 ], [ 104.968227801317624, 21.830117139739354 ], [ 104.958965048013752, 21.826246433944775 ], [ 104.967912094671988, 21.815898403205086 ], [ 104.965939314760362, 21.807610917728407 ], [ 104.978172341699107, 21.803579355642174 ], [ 104.979484929307034, 21.794975755875903 ], [ 104.990198760030665, 21.779751503248679 ], [ 104.996707033240938, 21.775708912325605 ], [ 104.998099722546513, 21.757334281159821 ], [ 104.992894395806431, 21.751701180523732 ], [ 104.992480633331496, 21.747982271386473 ], [ 105.000374164563254, 21.742600201822878 ], [ 105.004046809456625, 21.737753479513572 ], [ 105.01011575473531, 21.734620657765962 ], [ 105.014844190824306, 21.727571446401583 ], [ 105.015526999089772, 21.720017502818823 ], [ 105.018581532245122, 21.718676455246683 ], [ 105.027985051047992, 21.703213997914474 ], [ 105.030779095300844, 21.701458136314166 ], [ 105.027844664520885, 21.695733081789967 ], [ 105.026280087378169, 21.695893307078471 ], [ 105.026056566382309, 21.694382689556022 ], [ 105.025788868595015, 21.696112341709078 ], [ 105.024314501455436, 21.696245843896335 ], [ 105.024272915545339, 21.692760402099367 ], [ 105.023662025239943, 21.696234999547162 ], [ 105.022594701158141, 21.695173672373251 ], [ 105.019974541106876, 21.696876546993092 ], [ 105.020898069562648, 21.692937198992233 ], [ 105.01993620987588, 21.691347751515703 ], [ 105.021795830049427, 21.690382066198406 ], [ 105.01985195610267, 21.687673873672036 ], [ 105.012353559616642, 21.687304022739173 ], [ 105.011006644760613, 21.688566768179442 ], [ 105.000422090840345, 21.687631546113938 ], [ 104.99891646642044, 21.686186134282924 ], [ 105.0017321942195, 21.684544711885888 ], [ 105.001999304778593, 21.682434478519301 ], [ 104.999851149496806, 21.679621130164069 ], [ 104.990436892280655, 21.678227552606636 ], [ 104.987413167175973, 21.67518868792779 ], [ 104.979497065616485, 21.672923076375987 ], [ 104.97953077536279, 21.6763322352848 ], [ 104.975703671033571, 21.67877599898404 ], [ 104.976258719231268, 21.681363419934563 ], [ 104.973130382964712, 21.682849388965675 ], [ 104.971579272682234, 21.685385541279437 ], [ 104.972327167396216, 21.688035309050068 ], [ 104.974137681446678, 21.6873800255118 ], [ 104.976542899511173, 21.687651788236494 ], [ 104.97897452812478, 21.68977002031211 ], [ 104.986298730209882, 21.700739896068836 ], [ 104.985042533269393, 21.703507332789162 ], [ 104.978474401576818, 21.704407719763971 ], [ 104.981642109095986, 21.709875914211757 ], [ 104.97914455287173, 21.716292673339797 ], [ 104.980844101497894, 21.716526324591655 ], [ 104.981596908404029, 21.718653521191172 ], [ 104.980125960464548, 21.717766535611602 ], [ 104.977625867718984, 21.720364747236932 ], [ 104.973432300791771, 21.717626666678601 ], [ 104.965196116145975, 21.719935170150958 ], [ 104.962546479473474, 21.719581278246217 ], [ 104.959962308373306, 21.725029611774769 ], [ 104.956106299203938, 21.725552448981162 ], [ 104.955838404272953, 21.72376260790368 ], [ 104.953752031487696, 21.724678880798052 ], [ 104.954493275918466, 21.728928320605359 ], [ 104.95007425733256, 21.733094199901164 ], [ 104.943461201577833, 21.735261104294384 ], [ 104.939205115367145, 21.73371556239071 ], [ 104.937122420368453, 21.735649636435816 ], [ 104.93728567963386, 21.737274968784071 ], [ 104.93467139489556, 21.736641319051898 ], [ 104.93194077258913, 21.742945172343468 ], [ 104.932790567204549, 21.746001527890538 ], [ 104.928734057756614, 21.745038615044361 ], [ 104.927888642504627, 21.747427535357371 ], [ 104.925322128035532, 21.74731917859917 ], [ 104.925434683166216, 21.750041348141561 ], [ 104.923317012225326, 21.752746990503162 ], [ 104.919325715769645, 21.752017080538614 ], [ 104.917905194919285, 21.752975483715009 ], [ 104.9168919816059, 21.756437445064883 ], [ 104.917468906632919, 21.761435337383215 ], [ 104.912946335166893, 21.763235081417406 ], [ 104.912064429814919, 21.766347517680757 ], [ 104.908916411409251, 21.767772229977691 ], [ 104.909533724994077, 21.775046652376442 ], [ 104.905917537321201, 21.777701933254708 ], [ 104.906457204370582, 21.780179114403051 ], [ 104.904010154880737, 21.781090946691062 ], [ 104.903320761429924, 21.783731133332651 ], [ 104.898770342260718, 21.787132812066698 ], [ 104.896546786827642, 21.786689154283497 ], [ 104.886378769788308, 21.80001200043522 ], [ 104.877977916717455, 21.806633110994124 ], [ 104.872907474180138, 21.81515883359075 ], [ 104.848714198254939, 21.827353037126905 ], [ 104.849778951857971, 21.829443594238477 ], [ 104.848581040671647, 21.831795093219583 ], [ 104.849280287000383, 21.835480663531069 ], [ 104.848033320164021, 21.837054525245581 ], [ 104.850542326092182, 21.838484327129599 ], [ 104.853130784515741, 21.842713800401818 ], [ 104.856775010046391, 21.844602885379185 ], [ 104.858403863279349, 21.843372288185325 ], [ 104.859300188567872, 21.845639014734115 ], [ 104.862696276018511, 21.848343275025137 ], [ 104.872419058506807, 21.84670217358914 ], [ 104.878853020267115, 21.850131167305996 ], [ 104.877558530326638, 21.85374914784844 ], [ 104.871022753361203, 21.858475306009304 ], [ 104.871656003590303, 21.861087718984635 ], [ 104.877734656869507, 21.869565373537409 ], [ 104.877905554739357, 21.874360163001668 ] ], [ [ 104.945363575236954, 21.781317395289083 ], [ 104.945363559941171, 21.78130610517827 ], [ 104.945369659935167, 21.781311788193719 ], [ 104.945363575236954, 21.781317395289083 ] ] ] } },
{ "type": "Feature", "properties": { "xa": "Trấn Yên", "hat_kl": "Hạt KL Trấn Yên", "che_phu": 61.2, "dt_rung": 7437.8, "DTBD": 11071.7 }, "geometry": { "type": "Polygon", "coordinates": [ [ [ 104.795433287178454, 21.878698197764098 ], [ 104.803980376344626, 21.875019399351878 ], [ 104.814457983794938, 21.864731118555284 ], [ 104.826254522371642, 21.855811629517266 ], [ 104.829641676472363, 21.842558910362822 ], [ 104.831622807141173, 21.839313351312526 ], [ 104.831901509314292, 21.83096865876394 ], [ 104.833841764089755, 21.828156539047288 ], [ 104.836049646747796, 21.828974792924413 ], [ 104.843476485398313, 21.826110743723017 ], [ 104.84668486862715, 21.82744157887922 ], [ 104.850801542096406, 21.8268164437618 ], [ 104.86161969453417, 21.819970839102794 ], [ 104.872907474180138, 21.81515883359075 ], [ 104.877977916717455, 21.806633110994124 ], [ 104.886378769788308, 21.80001200043522 ], [ 104.891232544541609, 21.79290137126419 ], [ 104.887239234174274, 21.786589663424071 ], [ 104.881109586109758, 21.78607854471252 ], [ 104.879964898265399, 21.783641318219292 ], [ 104.876830571021557, 21.783062987600079 ], [ 104.874654021686268, 21.776438223083748 ], [ 104.866621988463592, 21.76958553105986 ], [ 104.864952501842808, 21.765895443854365 ], [ 104.865662270160072, 21.762810380665858 ], [ 104.86354040017828, 21.758401812754169 ], [ 104.860984421744149, 21.757858637387045 ], [ 104.860827302276263, 21.755714779898952 ], [ 104.854786417414118, 21.75274749689703 ], [ 104.853930512024618, 21.750922636644379 ], [ 104.849774838933456, 21.754358409881611 ], [ 104.849701366167849, 21.756470353738386 ], [ 104.847205331778184, 21.758526384077822 ], [ 104.841333632570155, 21.755893333134537 ], [ 104.838848104673559, 21.751318540908112 ], [ 104.837178845450865, 21.751602948494572 ], [ 104.835523938746277, 21.754746734489686 ], [ 104.835580347889476, 21.753837889030869 ], [ 104.833590165312714, 21.753639385973319 ], [ 104.832963840898856, 21.750610764255669 ], [ 104.833875235425666, 21.749552095947415 ], [ 104.831024746083884, 21.74643299142458 ], [ 104.823854158803329, 21.753956350684227 ], [ 104.816493098048994, 21.758076694740893 ], [ 104.81060266560128, 21.758506269268057 ], [ 104.80176159583263, 21.754734188222368 ], [ 104.795086272692657, 21.755509115158837 ], [ 104.792426649447236, 21.758539297505671 ], [ 104.793117864267529, 21.767568839511842 ], [ 104.794989225267159, 21.771407547559654 ], [ 104.802608738319989, 21.779083705848642 ], [ 104.803418195442063, 21.784469852072032 ], [ 104.801234888900964, 21.788594434749832 ], [ 104.795472369610707, 21.793630087797826 ], [ 104.788135878449367, 21.796420793732104 ], [ 104.777407068764745, 21.803637780346001 ], [ 104.771531869483852, 21.803400022660945 ], [ 104.76022285431965, 21.798861025341015 ], [ 104.754614123069274, 21.801276737770781 ], [ 104.753598764018491, 21.807989612348052 ], [ 104.755666597572016, 21.818472759024761 ], [ 104.7457295414832, 21.826573779521315 ], [ 104.741286400720526, 21.837103843522314 ], [ 104.741855847614858, 21.838292494281173 ], [ 104.744955082206218, 21.840622984359964 ], [ 104.750350362105834, 21.840849675491349 ], [ 104.758159494679077, 21.844215727615829 ], [ 104.760351331499464, 21.843729678910666 ], [ 104.761871959813362, 21.847042178851943 ], [ 104.768944442508328, 21.845110280180666 ], [ 104.76934482785073, 21.849783426134216 ], [ 104.774343558820917, 21.854770268969876 ], [ 104.776180188697253, 21.858853200360087 ], [ 104.775008259606452, 21.869259930398059 ], [ 104.786310678743092, 21.876387899760097 ], [ 104.795433287178454, 21.878698197764098 ] ], [ [ 104.815593282060789, 21.810488991359907 ], [ 104.8155932769169, 21.81047770123029 ], [ 104.815599373059314, 21.810483389034601 ], [ 104.815593282060789, 21.810488991359907 ] ] ] } },
{ "type": "Feature", "properties": { "xa": "Lao Chải", "hat_kl": "Hạt KL Mù Cang Chải", "che_phu": 54.2, "dt_rung": 8702.1, "DTBD": 15799.03 }, "geometry": { "type": "Polygon", "coordinates": [ [ [ 103.951108636549719, 21.88208787347817 ], [ 103.959947789699243, 21.879310274010944 ], [ 103.964484093557161, 21.874967175153326 ], [ 103.967365729093672, 21.875405367178768 ], [ 103.970670644012941, 21.873770992322488 ], [ 103.97228133143372, 21.871371635519861 ], [ 103.981286949787119, 21.873251075809133 ], [ 103.986894874406659, 21.875951089806673 ], [ 103.988941905849316, 21.87521094846203 ], [ 103.989965759038611, 21.869156285235395 ], [ 103.991224298677736, 21.870358935709898 ], [ 103.996086106457156, 21.868894401074915 ], [ 103.996471544796265, 21.86565702405407 ], [ 103.999057209494495, 21.865988631470305 ], [ 103.99917440046498, 21.867927321866063 ], [ 104.003213313253667, 21.869705551084522 ], [ 104.005669577875878, 21.867374167039639 ], [ 104.008597917352049, 21.869765451312617 ], [ 104.010888767545126, 21.864948044689552 ], [ 104.013737824604149, 21.86293945566349 ], [ 104.015586573004313, 21.864850191954243 ], [ 104.020127633458173, 21.863039225491203 ], [ 104.022040615242858, 21.864855073912569 ], [ 104.024353311689339, 21.865662034147462 ], [ 104.025821530245167, 21.864824225574434 ], [ 104.02775031116245, 21.866057455180346 ], [ 104.027724115029017, 21.863667327080435 ], [ 104.029788552422374, 21.863857714646286 ], [ 104.030639536137826, 21.861667581154542 ], [ 104.033341493954012, 21.862333776922366 ], [ 104.033311733081206, 21.860639150016272 ], [ 104.035506930045258, 21.859548728491159 ], [ 104.036390924114485, 21.860973581243858 ], [ 104.037977024020421, 21.860748600735107 ], [ 104.034424382773281, 21.84698105583939 ], [ 104.037542952203623, 21.845050966103035 ], [ 104.04202667852033, 21.838533312122031 ], [ 104.045378999889806, 21.836931824927124 ], [ 104.048729826058249, 21.831951633141763 ], [ 104.051010280091091, 21.830599796192985 ], [ 104.051817067072108, 21.827580425320807 ], [ 104.062417119441506, 21.82455273500381 ], [ 104.067531630114985, 21.820137806831209 ], [ 104.075306850096553, 21.820300456948335 ], [ 104.075896302206388, 21.817427370011139 ], [ 104.07820135143281, 21.815407083153872 ], [ 104.086420481390945, 21.81200350277491 ], [ 104.084300724930742, 21.807789284956666 ], [ 104.084744718442138, 21.804843859395305 ], [ 104.081974912109757, 21.794247829064744 ], [ 104.083301076812177, 21.791275710497597 ], [ 104.091649804354006, 21.78745391233759 ], [ 104.088171746419022, 21.784976896795889 ], [ 104.089121052814249, 21.782911442382495 ], [ 104.08816165572658, 21.778452716610918 ], [ 104.09076766243237, 21.774977339998507 ], [ 104.09067545004369, 21.771309554585379 ], [ 104.088177711690477, 21.768313421619659 ], [ 104.087136366875029, 21.764396350392222 ], [ 104.088080292719297, 21.760102385383401 ], [ 104.083181968781375, 21.752124864053517 ], [ 104.077687150893894, 21.752386950134273 ], [ 104.073577716500992, 21.756966170305706 ], [ 104.064385374024567, 21.763397645335793 ], [ 104.052874574806964, 21.765819516627118 ], [ 104.052360375830858, 21.766942242973819 ], [ 104.047602326198628, 21.766585404565621 ], [ 104.040285088080125, 21.763845575449444 ], [ 104.02558679986501, 21.768592466346767 ], [ 104.022388614146379, 21.766002336323478 ], [ 104.015699533158568, 21.765403421866051 ], [ 104.013813451881418, 21.762826897941046 ], [ 104.009862677749993, 21.764150913795955 ], [ 104.008790883271445, 21.766641637861362 ], [ 104.000435513343831, 21.770737832202727 ], [ 103.988078099940608, 21.771819968615247 ], [ 103.981112305013156, 21.770530533512186 ], [ 103.977081827834638, 21.771118574820143 ], [ 103.973596937472777, 21.769426084841221 ], [ 103.967454609489977, 21.770329008322669 ], [ 103.964475755069742, 21.772272741099691 ], [ 103.958075445932167, 21.779874116509227 ], [ 103.956036688834004, 21.78721887362769 ], [ 103.951094415701363, 21.789382484393293 ], [ 103.951195979697275, 21.7925010072078 ], [ 103.952620711326404, 21.793114714524009 ], [ 103.951602052808994, 21.795658210433945 ], [ 103.952229825879087, 21.798251292426158 ], [ 103.949376550938709, 21.800496623258063 ], [ 103.950381044473374, 21.802365947068225 ], [ 103.944263545223421, 21.806059801960124 ], [ 103.944497274272976, 21.810525554702117 ], [ 103.934294728836747, 21.814088047098657 ], [ 103.93546682778468, 21.818811134383811 ], [ 103.934790304319776, 21.821279427145058 ], [ 103.932142753659292, 21.821491393374071 ], [ 103.923978093964294, 21.827095639241339 ], [ 103.917866731284136, 21.829180089503598 ], [ 103.917608752034511, 21.832139640359024 ], [ 103.920222837739686, 21.833170826361133 ], [ 103.920008000572466, 21.838315832861138 ], [ 103.915994721796579, 21.840661000322889 ], [ 103.915282998230282, 21.84270011713571 ], [ 103.906972997023615, 21.850037374526618 ], [ 103.908181387680074, 21.854531318576271 ], [ 103.915537873481824, 21.861812049956828 ], [ 103.916856145841336, 21.868490000476879 ], [ 103.923321810675191, 21.874415526921332 ], [ 103.9246913458108, 21.875204418827447 ], [ 103.925808964482897, 21.873982832915651 ], [ 103.923956277982285, 21.872579473378796 ], [ 103.925037095918668, 21.871091643511452 ], [ 103.930402585794653, 21.870371887839124 ], [ 103.931897839802261, 21.874822573308673 ], [ 103.934041464383981, 21.876486758568085 ], [ 103.941160945414765, 21.874281544396442 ], [ 103.941965735582556, 21.877882423292345 ], [ 103.951108636549719, 21.88208787347817 ] ], [ [ 104.000485220289505, 21.817965006784682 ], [ 104.000485279074027, 21.81795371762869 ], [ 104.000491342792955, 21.817959435028147 ], [ 104.000485220289505, 21.817965006784682 ] ] ] } },
{ "type": "Feature", "properties": { "xa": "Phong Dụ Thượng", "hat_kl": "Hạt KL Trấn Yên", "che_phu": 80.0, "dt_rung": 16060.2, "DTBD": 19520.57 }, "geometry": { "type": "Polygon", "coordinates": [ [ [ 104.409374081892096, 21.901525299075061 ], [ 104.41052480328122, 21.900066857637572 ], [ 104.414003165259373, 21.899319198799208 ], [ 104.421146498446191, 21.899626981036267 ], [ 104.422661004834495, 21.893198648597142 ], [ 104.424071035698091, 21.892142544369641 ], [ 104.427666358939419, 21.891771275132964 ], [ 104.429539663003737, 21.893244876310277 ], [ 104.436039696408983, 21.894546073883067 ], [ 104.441457351828504, 21.892842869936846 ], [ 104.445939154744096, 21.894879868604786 ], [ 104.446209983242753, 21.890017849581909 ], [ 104.447602935639893, 21.891687346637315 ], [ 104.454340975114519, 21.888516639270726 ], [ 104.460523172659776, 21.891279564434367 ], [ 104.466133902775056, 21.886237676482423 ], [ 104.472662571093451, 21.88741003804282 ], [ 104.472764775130457, 21.878389727033781 ], [ 104.47446493438018, 21.876704054485192 ], [ 104.475057237684851, 21.871301851833994 ], [ 104.473393129158538, 21.867070027906813 ], [ 104.474807652586307, 21.864654717356363 ], [ 104.47436239305658, 21.858289319106795 ], [ 104.476689313077898, 21.856013249589932 ], [ 104.476114913435907, 21.851128610419558 ], [ 104.479283938703688, 21.848873135628473 ], [ 104.482207891018604, 21.84179366057765 ], [ 104.486289711258237, 21.839670670012694 ], [ 104.488757985304872, 21.841108518915657 ], [ 104.493124697128138, 21.840661066458278 ], [ 104.500329898442786, 21.835813265072247 ], [ 104.502933424269457, 21.831377312592561 ], [ 104.507464351993463, 21.828230500986844 ], [ 104.5106922932804, 21.823395758185857 ], [ 104.511820106554381, 21.810577303777507 ], [ 104.508794452251237, 21.809526097494821 ], [ 104.508581427036404, 21.805628454776713 ], [ 104.506112513025798, 21.799722377530866 ], [ 104.508416650275805, 21.791995216741746 ], [ 104.505402924717629, 21.784727189902988 ], [ 104.509436147103202, 21.77971939981035 ], [ 104.511332435226905, 21.774012513011957 ], [ 104.517774802528791, 21.772415869259444 ], [ 104.518711994819867, 21.768430865495265 ], [ 104.517764392068813, 21.765665894876626 ], [ 104.519421696732394, 21.760522892457562 ], [ 104.517681530721987, 21.753886009479142 ], [ 104.512068737031584, 21.750931306963352 ], [ 104.505841053536813, 21.754291214904445 ], [ 104.498580737270714, 21.750496883319464 ], [ 104.494151791546429, 21.750951907853487 ], [ 104.483831863387067, 21.748300877547216 ], [ 104.476840821942787, 21.745217217603138 ], [ 104.472786888538593, 21.741493496083134 ], [ 104.447918254226693, 21.745659665418732 ], [ 104.443205516715778, 21.755101715589397 ], [ 104.437523647552723, 21.755319233991969 ], [ 104.435694622620517, 21.75644550133925 ], [ 104.435470028017917, 21.758528682336678 ], [ 104.427023722904735, 21.75900709641391 ], [ 104.422564960594443, 21.761659989254312 ], [ 104.425981559474394, 21.76192304594667 ], [ 104.426474740689187, 21.766294080656539 ], [ 104.429455720622343, 21.769840178019326 ], [ 104.428742202720187, 21.770972857736993 ], [ 104.422394640254154, 21.771181600310811 ], [ 104.419051058895874, 21.777481022441066 ], [ 104.416249842779834, 21.77945295530666 ], [ 104.415401821441975, 21.783725739151013 ], [ 104.41767048674248, 21.785995277049416 ], [ 104.417117101867987, 21.791455556324141 ], [ 104.412692437860926, 21.79448477334234 ], [ 104.409143613519007, 21.793466899124201 ], [ 104.403730355523322, 21.795193944308814 ], [ 104.400538697477231, 21.793991116554274 ], [ 104.394429115480705, 21.795003034022589 ], [ 104.384539728190745, 21.803231726338446 ], [ 104.385134667493944, 21.8076472419128 ], [ 104.383995994059632, 21.811107220943803 ], [ 104.380946168403014, 21.813592444349457 ], [ 104.373489701268213, 21.816936042316904 ], [ 104.3701494479795, 21.816576506032423 ], [ 104.36287108892553, 21.819040225805924 ], [ 104.342694345859343, 21.829991483137594 ], [ 104.339493739490436, 21.839804765499821 ], [ 104.343135284187611, 21.841951459856478 ], [ 104.344210110220772, 21.844378813825251 ], [ 104.347157533231893, 21.844165660441945 ], [ 104.347379111613819, 21.847503672383517 ], [ 104.349859531390223, 21.851346553674542 ], [ 104.349018097495005, 21.854574227583953 ], [ 104.351623891221493, 21.861378222506367 ], [ 104.351277758481203, 21.863866394826939 ], [ 104.352786259862938, 21.864651025031627 ], [ 104.355022762244246, 21.869454953780288 ], [ 104.354009708618264, 21.875510749653191 ], [ 104.361359697380564, 21.879979074851818 ], [ 104.362776467159605, 21.884071957089205 ], [ 104.37295945121717, 21.887584871952672 ], [ 104.384563531929103, 21.898534013801395 ], [ 104.389048410150764, 21.900129094794625 ], [ 104.397218435433601, 21.899039227489343 ], [ 104.409374081892096, 21.901525299075061 ] ], [ [ 104.435158887868099, 21.825517304415694 ], [ 104.435158912570486, 21.825506014470466 ], [ 104.435164897486402, 21.825511716042943 ], [ 104.435158887868099, 21.825517304415694 ] ] ] } },
{ "type": "Feature", "properties": { "xa": "Tân Hợp", "hat_kl": "Hạt KL Trấn Yên", "che_phu": 77.0, "dt_rung": 17104.9, "DTBD": 20045.43 }, "geometry": { "type": "Polygon", "coordinates": [ [ [ 104.59348343274057, 21.936825781218488 ], [ 104.596692389781012, 21.931977925012347 ], [ 104.602202344899297, 21.927923556997015 ], [ 104.604714685423517, 21.927981252025774 ], [ 104.609321712835012, 21.930714625690442 ], [ 104.617430667471169, 21.921744402393113 ], [ 104.619869247575465, 21.922117383091454 ], [ 104.624819961172207, 21.928458957647919 ], [ 104.627873819178561, 21.930123677412883 ], [ 104.633439120872225, 21.929925219876392 ], [ 104.637133047578246, 21.926236340980502 ], [ 104.63667111472941, 21.922810196262116 ], [ 104.631224926037405, 21.915582488296529 ], [ 104.632121484158972, 21.90904569240416 ], [ 104.635750934152369, 21.906805338080456 ], [ 104.645647562051082, 21.907370449160442 ], [ 104.645787742250775, 21.905863820784258 ], [ 104.642869369070183, 21.904629802331964 ], [ 104.642112434915362, 21.899957778051874 ], [ 104.638677859500746, 21.897004646187934 ], [ 104.638845267706841, 21.893288992517082 ], [ 104.637082437068059, 21.891207812030988 ], [ 104.629084260004461, 21.884915492829158 ], [ 104.623488228091134, 21.882870415796106 ], [ 104.618731619803469, 21.883708658045933 ], [ 104.617818431811557, 21.879556091333246 ], [ 104.619079625347709, 21.877118182528086 ], [ 104.607615965181338, 21.871142212056753 ], [ 104.606765554405399, 21.867410977810056 ], [ 104.610594463180192, 21.861358283991727 ], [ 104.609020264277973, 21.858459468134885 ], [ 104.611476849861063, 21.857384028327008 ], [ 104.612938219947182, 21.854553162855783 ], [ 104.619436298214751, 21.850203273643675 ], [ 104.623531189496077, 21.844526025753972 ], [ 104.630754628553788, 21.841714035495915 ], [ 104.634819367454924, 21.842385205851496 ], [ 104.636709536070981, 21.840081622560028 ], [ 104.636136340776332, 21.837019357567129 ], [ 104.638380425241351, 21.833668186553592 ], [ 104.640972698126333, 21.832813679132169 ], [ 104.643060219271177, 21.830323998785264 ], [ 104.643234915888712, 21.832161236061598 ], [ 104.644830870341437, 21.831131701048132 ], [ 104.641950954516176, 21.826059231967783 ], [ 104.638650641188136, 21.824510746329057 ], [ 104.645806558723208, 21.822313396005306 ], [ 104.650795421078953, 21.816047295448818 ], [ 104.652099284563903, 21.810375013485238 ], [ 104.650448302969821, 21.807462980308301 ], [ 104.648760723872059, 21.807176540137878 ], [ 104.651476635672779, 21.802943931211281 ], [ 104.645061319670774, 21.806951138378853 ], [ 104.642992686391636, 21.800144119560773 ], [ 104.644036277101634, 21.796164340490147 ], [ 104.640041130966395, 21.793521643188544 ], [ 104.632561009809933, 21.795260597895055 ], [ 104.629235187761452, 21.802032281734718 ], [ 104.613206573506304, 21.806776089755758 ], [ 104.607203029314206, 21.801032917845287 ], [ 104.598079113459079, 21.80623367859242 ], [ 104.596381986676008, 21.805853483693863 ], [ 104.599039208756579, 21.7999991618792 ], [ 104.603694201883172, 21.796032837766788 ], [ 104.604887318377962, 21.790302475811991 ], [ 104.602099406234913, 21.776890201021889 ], [ 104.600508250937466, 21.774510792264547 ], [ 104.602148474482604, 21.772037644386263 ], [ 104.599599682568126, 21.768468467389312 ], [ 104.605376486458781, 21.760676264296571 ], [ 104.609656090504103, 21.759449500692885 ], [ 104.614991202332021, 21.753733969626477 ], [ 104.613577296555945, 21.749318253995316 ], [ 104.609327547712141, 21.748227134801965 ], [ 104.607425787018201, 21.744939698640962 ], [ 104.610838629695323, 21.74134635645429 ], [ 104.604633268992515, 21.735468129039983 ], [ 104.601702096579103, 21.730248908865995 ], [ 104.60553459691333, 21.727775040543211 ], [ 104.605959834617465, 21.723506531075174 ], [ 104.59927525124921, 21.717602297116205 ], [ 104.596765600397973, 21.71883740501044 ], [ 104.596047743407297, 21.723061994958453 ], [ 104.591436272242532, 21.725360851204741 ], [ 104.590951736438882, 21.728216360568243 ], [ 104.587602640417956, 21.730407928734035 ], [ 104.587032987271201, 21.734079848794455 ], [ 104.581910003513556, 21.733555378935474 ], [ 104.567517313799073, 21.739140083019667 ], [ 104.562935522225814, 21.738677943210273 ], [ 104.559910447049475, 21.740980406004542 ], [ 104.553952955051628, 21.741922737569968 ], [ 104.551991641719155, 21.741735244533409 ], [ 104.55008786573579, 21.739094666954447 ], [ 104.543926391127712, 21.745876844613338 ], [ 104.535943714373644, 21.751855649608011 ], [ 104.531097715657609, 21.758452062892314 ], [ 104.519338126412663, 21.759089831494183 ], [ 104.517774802528791, 21.772415869259444 ], [ 104.511332435226905, 21.774012513011957 ], [ 104.509436147103202, 21.77971939981035 ], [ 104.505402924717629, 21.784727189902988 ], [ 104.508416650275805, 21.791995216741746 ], [ 104.506112513025798, 21.799722377530866 ], [ 104.508581427036404, 21.805628454776713 ], [ 104.508794452251237, 21.809526097494821 ], [ 104.511820106554381, 21.810577303777507 ], [ 104.511604758347559, 21.81971652198277 ], [ 104.510389952436881, 21.820814865927321 ], [ 104.510006851626201, 21.824906726027638 ], [ 104.517302594085351, 21.831958999459872 ], [ 104.516778271956341, 21.837452622956462 ], [ 104.52005615960968, 21.843607580729085 ], [ 104.523559818189938, 21.856043822792511 ], [ 104.52847696170474, 21.857015392515144 ], [ 104.52874577923636, 21.861703907194883 ], [ 104.533741949713075, 21.866506622226353 ], [ 104.53666025121538, 21.866368532946844 ], [ 104.547430536643049, 21.871921812381565 ], [ 104.549189985464096, 21.875249729160533 ], [ 104.552114084300797, 21.876150054379327 ], [ 104.554381092608594, 21.878597362382333 ], [ 104.560376504859605, 21.880118858085176 ], [ 104.56077394035546, 21.883932443049027 ], [ 104.562476511640057, 21.887144812022054 ], [ 104.564377270780625, 21.887731606171926 ], [ 104.567585688810354, 21.893935109543694 ], [ 104.568270464956214, 21.898541545862155 ], [ 104.560820021009718, 21.909152583665847 ], [ 104.559885493793374, 21.912602078102388 ], [ 104.560158034364306, 21.915688071730102 ], [ 104.562975469283955, 21.920827772669131 ], [ 104.564423445150737, 21.921508796285561 ], [ 104.564959776959455, 21.92002852119866 ], [ 104.567597504549212, 21.91925110621197 ], [ 104.575519875130055, 21.925921671517614 ], [ 104.581466842233823, 21.927956450305789 ], [ 104.58341675364629, 21.93267221234759 ], [ 104.588948752015, 21.936482883915584 ], [ 104.590917609399085, 21.935802888944394 ], [ 104.59348343274057, 21.936825781218488 ] ], [ [ 104.577138533743934, 21.827771925654208 ], [ 104.577138547307726, 21.827760635592362 ], [ 104.577144538103568, 21.827766241744513 ], [ 104.577138533743934, 21.827771925654208 ] ] ] } },
{ "type": "Feature", "properties": { "xa": "Yên Thành", "hat_kl": "Hạt KL Lục Yên", "che_phu": 51.6, "dt_rung": 7621.2, "DTBD": 14131.96 }, "geometry": { "type": "Polygon", "coordinates": [ [ [ 104.901581233466544, 21.957106267865516 ], [ 104.905037809307956, 21.952858577305545 ], [ 104.909753127060938, 21.952293899063097 ], [ 104.911824436680135, 21.949022132286277 ], [ 104.916792707624907, 21.948484008651928 ], [ 104.920607590724188, 21.943574668366562 ], [ 104.925281228043644, 21.942717135023766 ], [ 104.937293763719381, 21.945837420203578 ], [ 104.938912706590855, 21.947244727841152 ], [ 104.942095706995431, 21.946968724793678 ], [ 104.945528546909031, 21.950426068662392 ], [ 104.949234370387728, 21.947963850668302 ], [ 104.961457648737067, 21.949242576146855 ], [ 104.963240190533057, 21.948243600607086 ], [ 104.965577152904487, 21.949291052601328 ], [ 104.976225203344768, 21.944771890367843 ], [ 104.977482181639786, 21.941945063056547 ], [ 104.988491425214931, 21.934905336164693 ], [ 104.989256368031576, 21.931534686788787 ], [ 104.99641755700101, 21.928787437714295 ], [ 105.000019260966468, 21.929666224972653 ], [ 105.002804619633025, 21.93572436585352 ], [ 105.007322717040495, 21.938484369522474 ], [ 105.013937828498825, 21.935641475321908 ], [ 105.019136302642494, 21.935668992933874 ], [ 105.019305738381703, 21.931823924849045 ], [ 105.017879652924847, 21.928169145153866 ], [ 105.022793563175227, 21.924445248252169 ], [ 105.022110102866534, 21.917487019192059 ], [ 105.019010727144689, 21.911034472365269 ], [ 105.014471872370393, 21.907635980072595 ], [ 105.014380266023409, 21.905932885063034 ], [ 105.016004967570225, 21.904495272808859 ], [ 105.013541133074625, 21.900041794003592 ], [ 105.014046110444937, 21.898657020046407 ], [ 105.018042155520163, 21.895254369746816 ], [ 105.018089007054868, 21.89386238026178 ], [ 105.020534400602415, 21.893449864934258 ], [ 105.022026174621487, 21.894896943468211 ], [ 105.024125150234227, 21.893697813017514 ], [ 105.024190943937427, 21.891968898946828 ], [ 105.032230412981377, 21.892854443205767 ], [ 105.037133129181584, 21.891287594828128 ], [ 105.037682179392633, 21.888025202690191 ], [ 105.041316259693403, 21.885837689920915 ], [ 105.042540088832297, 21.882962188230699 ], [ 105.041215938765987, 21.880323683971355 ], [ 105.042573484109326, 21.877841375857109 ], [ 105.041011981390639, 21.873754292713937 ], [ 105.042662037117779, 21.872152171671804 ], [ 105.044156890761144, 21.864525270908327 ], [ 105.051986799031539, 21.858552000909054 ], [ 105.058540727441638, 21.858001287769213 ], [ 105.062607972982747, 21.846838153190529 ], [ 105.067389225254573, 21.840635345200521 ], [ 105.06545223171301, 21.841067267019785 ], [ 105.058607954911025, 21.83875538244645 ], [ 105.050415413836305, 21.831798440236604 ], [ 105.044966164848915, 21.834540180128609 ], [ 105.039532123703253, 21.832494303312142 ], [ 105.024884413252963, 21.837057308450564 ], [ 105.016264372327356, 21.833760582432998 ], [ 105.015170137700039, 21.831277366417336 ], [ 105.009505104865838, 21.829100624337521 ], [ 105.003904560206109, 21.8311386519153 ], [ 104.998867633759247, 21.830935247431537 ], [ 104.99536645116973, 21.829341189817939 ], [ 104.989471017014552, 21.830207442131151 ], [ 104.983693301872805, 21.835220916169671 ], [ 104.976540232663751, 21.834985493311951 ], [ 104.976439033267297, 21.841859005391814 ], [ 104.968095824630154, 21.856305855082038 ], [ 104.958407547693824, 21.869527068827995 ], [ 104.95296541435826, 21.867729719418811 ], [ 104.955695987964944, 21.850956141537033 ], [ 104.936648109916248, 21.868711280699571 ], [ 104.933322465324665, 21.88050178212583 ], [ 104.919666985028996, 21.903981168136628 ], [ 104.909118100107278, 21.916171234930921 ], [ 104.898886993219207, 21.917961466992175 ], [ 104.883170704586291, 21.929380241426067 ], [ 104.871454877800545, 21.922481664270904 ], [ 104.859543781199179, 21.927599146009321 ], [ 104.863163229817374, 21.940240176895291 ], [ 104.866648082585755, 21.94720417396363 ], [ 104.869457712357345, 21.947153924571257 ], [ 104.869255224465121, 21.94999886322476 ], [ 104.871671384225536, 21.950561136301204 ], [ 104.87495896713888, 21.949069572257201 ], [ 104.883585646445681, 21.948399117252414 ], [ 104.885428646135708, 21.946470011403047 ], [ 104.897698531673029, 21.956492653717657 ], [ 104.901581233466544, 21.957106267865516 ] ], [ [ 104.972517115176416, 21.894969323347592 ], [ 104.972517097654574, 21.894958033411442 ], [ 104.972523106657476, 21.894963625108911 ], [ 104.972517115176416, 21.894969323347592 ] ] ] } },
{ "type": "Feature", "properties": { "xa": "Bảo Ái", "hat_kl": "Hạt KL Lục Yên", "che_phu": 53.0, "dt_rung": 9056.0, "DTBD": 16340.74 }, "geometry": { "type": "Polygon", "coordinates": [ [ [ 104.800306223402472, 21.966672464998222 ], [ 104.808245971503254, 21.958623555621493 ], [ 104.821755199709585, 21.961331584043737 ], [ 104.832839104432296, 21.942426472881319 ], [ 104.831528358823121, 21.935107987084656 ], [ 104.838768573285861, 21.93108013335576 ], [ 104.846039269676481, 21.931539567071944 ], [ 104.844633041011548, 21.940837614684888 ], [ 104.848416445569256, 21.94792375990982 ], [ 104.851100601109479, 21.948251796206051 ], [ 104.863163229817374, 21.940240176895291 ], [ 104.859543781199179, 21.927599146009321 ], [ 104.871454877800545, 21.922481664270904 ], [ 104.883170704586291, 21.929380241426067 ], [ 104.898886993219207, 21.917961466992175 ], [ 104.909118100107278, 21.916171234930921 ], [ 104.919666985028996, 21.903981168136628 ], [ 104.933322465324665, 21.88050178212583 ], [ 104.936006747536865, 21.869513777576881 ], [ 104.946611594520405, 21.858402475871614 ], [ 104.955695987964944, 21.850956141537033 ], [ 104.949151902067698, 21.844097755929194 ], [ 104.941534566695054, 21.845549916991072 ], [ 104.935255372346148, 21.842041820761224 ], [ 104.926502655544979, 21.83140028465969 ], [ 104.919519041781854, 21.838302768024953 ], [ 104.91729157774769, 21.834651215266465 ], [ 104.906659819794854, 21.844469108761583 ], [ 104.901532007744734, 21.844100966791494 ], [ 104.896755317653771, 21.847341469964284 ], [ 104.889357318353063, 21.856122610258215 ], [ 104.888926093564422, 21.85952994954226 ], [ 104.88640076228306, 21.861054769790098 ], [ 104.884600518828648, 21.867058216425924 ], [ 104.88098277762397, 21.868814339183196 ], [ 104.880910280339464, 21.872185058944943 ], [ 104.877718962452434, 21.874655293657835 ], [ 104.877734656869507, 21.869565373537409 ], [ 104.871656003590303, 21.861087718984635 ], [ 104.871022753361203, 21.858475306009304 ], [ 104.877572642635243, 21.853733963090971 ], [ 104.879212147355702, 21.851414159773423 ], [ 104.878543944758391, 21.849634374841113 ], [ 104.872152110999636, 21.846676539873382 ], [ 104.862696276018511, 21.848343275025137 ], [ 104.859300188567872, 21.845639014734115 ], [ 104.858403863279349, 21.843372288185325 ], [ 104.856775010046391, 21.844602885379185 ], [ 104.853130784515741, 21.842713800401818 ], [ 104.850542326092182, 21.838484327129599 ], [ 104.848033320164021, 21.837054525245581 ], [ 104.849280287000383, 21.835480663531069 ], [ 104.848581040671647, 21.831795093219583 ], [ 104.849778951857971, 21.829443594238477 ], [ 104.848714198254939, 21.827353037126905 ], [ 104.843476485398313, 21.826110743723017 ], [ 104.836049646747796, 21.828974792924413 ], [ 104.833841764089755, 21.828156539047288 ], [ 104.831901509314292, 21.83096865876394 ], [ 104.831622807141173, 21.839313351312526 ], [ 104.829641676472363, 21.842558910362822 ], [ 104.826254522371642, 21.855811629517266 ], [ 104.814457983794938, 21.864731118555284 ], [ 104.803980376344626, 21.875019399351878 ], [ 104.795433287178454, 21.878698197764098 ], [ 104.793407696055496, 21.878301966926749 ], [ 104.790501223186226, 21.88506787871302 ], [ 104.785949319447113, 21.887851521998616 ], [ 104.7854353125351, 21.893586515033721 ], [ 104.786912383413593, 21.895204366471507 ], [ 104.782621725030779, 21.90366745477241 ], [ 104.770825542755503, 21.910170426925138 ], [ 104.767288160610846, 21.91346092306183 ], [ 104.762049564273696, 21.911217209983153 ], [ 104.754777684440469, 21.91480391773268 ], [ 104.74928001398726, 21.915046856346507 ], [ 104.747589501488775, 21.921643174960348 ], [ 104.745991994091852, 21.923446109200121 ], [ 104.750810758509687, 21.940839213776073 ], [ 104.749282657552342, 21.948291938664362 ], [ 104.753280022009307, 21.949377548560211 ], [ 104.757220786086819, 21.953838575989352 ], [ 104.762624994009741, 21.956244451293955 ], [ 104.765826941906994, 21.956825560329115 ], [ 104.768407368680769, 21.954799244100624 ], [ 104.787769761502801, 21.964159168822778 ], [ 104.78900492978903, 21.962555981425528 ], [ 104.791900337837106, 21.964970589449923 ], [ 104.794206123197739, 21.963213362769427 ], [ 104.800306223402472, 21.966672464998222 ] ], [ [ 104.846001690699097, 21.897721211745484 ], [ 104.846001683137871, 21.897709921743477 ], [ 104.846007687413007, 21.897715608404404 ], [ 104.846001690699097, 21.897721211745484 ] ] ] } },
{ "type": "Feature", "properties": { "xa": "Mậu A", "hat_kl": "Hạt KL Trấn Yên", "che_phu": 64.1, "dt_rung": 9909.3, "DTBD": 14451.7 }, "geometry": { "type": "Polygon", "coordinates": [ [ [ 104.683100648665985, 21.966807450802495 ], [ 104.694342552221556, 21.960051961259847 ], [ 104.699213947701153, 21.954631029705112 ], [ 104.698805971087353, 21.953211712768088 ], [ 104.701218198030233, 21.95300498264567 ], [ 104.703967989623095, 21.948699972462933 ], [ 104.70755427699936, 21.947329976923765 ], [ 104.710198361847915, 21.940509429635018 ], [ 104.712807642644265, 21.938872815923411 ], [ 104.715718659941373, 21.934222706258208 ], [ 104.725036577992981, 21.935310479271436 ], [ 104.737666494907856, 21.930120060285365 ], [ 104.745723834410455, 21.937317686147516 ], [ 104.749589879974224, 21.939194674621156 ], [ 104.749481472893564, 21.93353975662119 ], [ 104.745867876271816, 21.924184651616144 ], [ 104.74928001398726, 21.915046856346507 ], [ 104.754777684440469, 21.91480391773268 ], [ 104.762049564273696, 21.911217209983153 ], [ 104.767288160610846, 21.91346092306183 ], [ 104.770825542755503, 21.910170426925138 ], [ 104.782621725030779, 21.90366745477241 ], [ 104.786912383413593, 21.895204366471507 ], [ 104.7854353125351, 21.893586515033721 ], [ 104.785949319447113, 21.887851521998616 ], [ 104.790501223186226, 21.88506787871302 ], [ 104.79368948387372, 21.878293311976361 ], [ 104.786310678743092, 21.876387899760097 ], [ 104.775008259606452, 21.869259930398059 ], [ 104.776180188697253, 21.858853200360087 ], [ 104.774343558820917, 21.854770268969876 ], [ 104.76934482785073, 21.849783426134216 ], [ 104.768944442508328, 21.845110280180666 ], [ 104.761871959813362, 21.847042178851943 ], [ 104.760351331499464, 21.843729678910666 ], [ 104.758159494679077, 21.844215727615829 ], [ 104.750350362105834, 21.840849675491349 ], [ 104.744955082206218, 21.840622984359964 ], [ 104.741286400720526, 21.837103843522314 ], [ 104.731782948754415, 21.844792436271131 ], [ 104.725325053573954, 21.848138069243582 ], [ 104.718353692092336, 21.85851670551023 ], [ 104.708788505427606, 21.866777203102057 ], [ 104.703821340907069, 21.868703866823072 ], [ 104.692429876331673, 21.867102422902839 ], [ 104.683802399441007, 21.871223123520988 ], [ 104.68229359438115, 21.862119113705798 ], [ 104.679105195266587, 21.861606649784363 ], [ 104.676166497504553, 21.864582864391529 ], [ 104.672753226952409, 21.863656418796374 ], [ 104.670845615182714, 21.862274152718271 ], [ 104.670989569064929, 21.858795257234746 ], [ 104.661562174819579, 21.863074911576415 ], [ 104.657123256562699, 21.862075874610738 ], [ 104.651528699630504, 21.865503268092926 ], [ 104.648683755901587, 21.864826850548642 ], [ 104.648313681543513, 21.862323211763773 ], [ 104.64437984171559, 21.859500572965725 ], [ 104.639905323138478, 21.860185164764498 ], [ 104.637312056027483, 21.858831767236474 ], [ 104.63622911461519, 21.853890493976603 ], [ 104.633308531617587, 21.849867835591315 ], [ 104.630179737198617, 21.848145166561427 ], [ 104.634094795704101, 21.842211011807606 ], [ 104.630754628553788, 21.841714035495915 ], [ 104.623531189496077, 21.844526025753972 ], [ 104.619436298214751, 21.850203273643675 ], [ 104.609020264277973, 21.858459468134885 ], [ 104.610594463180192, 21.861358283991727 ], [ 104.606765554405399, 21.867410977810056 ], [ 104.607615965181338, 21.871142212056753 ], [ 104.618939941880598, 21.876958385359568 ], [ 104.617818431811557, 21.879556091333246 ], [ 104.618731619803469, 21.883708658045933 ], [ 104.624746736608017, 21.883321352553914 ], [ 104.629084260004461, 21.884915492829158 ], [ 104.635718997790264, 21.889922971354871 ], [ 104.638845267706841, 21.893288992517082 ], [ 104.638677859500746, 21.897004646187934 ], [ 104.642112434915362, 21.899957778051874 ], [ 104.642869369070183, 21.904629802331964 ], [ 104.64580599766299, 21.90591522439134 ], [ 104.645647562051082, 21.907370449160442 ], [ 104.635750934152369, 21.906805338080456 ], [ 104.632121484158972, 21.90904569240416 ], [ 104.631224926037405, 21.915582488296529 ], [ 104.637401338862858, 21.92518059714838 ], [ 104.632900147924232, 21.932020252657015 ], [ 104.640668506336169, 21.934478050595597 ], [ 104.643798537295211, 21.9380200889713 ], [ 104.64839967808453, 21.936239997616937 ], [ 104.649499486593712, 21.934620339449335 ], [ 104.651012558553774, 21.935063372009118 ], [ 104.656660022651693, 21.941389048095786 ], [ 104.657886089375921, 21.944470269107011 ], [ 104.661066904852746, 21.94538316460644 ], [ 104.663484740525064, 21.948097834521604 ], [ 104.676303818612453, 21.9554497677934 ], [ 104.678770754788957, 21.962172607986368 ], [ 104.683100648665985, 21.966807450802495 ] ], [ [ 104.700932444709892, 21.895768590558699 ], [ 104.700932448572473, 21.895757300542233 ], [ 104.700938447045417, 21.895762902178269 ], [ 104.700932444709892, 21.895768590558699 ] ] ] } },
{ "type": "Feature", "properties": { "xa": "Nậm Có", "hat_kl": "Hạt KL Mù Cang Chải", "che_phu": 58.8, "dt_rung": 12590.6, "DTBD": 20174.82 }, "geometry": { "type": "Polygon", "coordinates": [ [ [ 104.207998415144772, 21.851158402685815 ], [ 104.199542899400171, 21.862193299701985 ], [ 104.195523679863584, 21.863555362557385 ], [ 104.195693102534193, 21.866963337867638 ], [ 104.194692418413425, 21.86784291171011 ], [ 104.196618197740406, 21.87246244045291 ], [ 104.201504901208139, 21.875765791943966 ], [ 104.20397072174454, 21.883474079947248 ], [ 104.209894593397706, 21.891442152443719 ], [ 104.214288918898603, 21.892076104411185 ], [ 104.231185874673827, 21.902309263938495 ], [ 104.227704390665153, 21.911428701071447 ], [ 104.231142860547081, 21.922737996459595 ], [ 104.226079813512754, 21.926109740064351 ], [ 104.22057072411917, 21.934961223523569 ], [ 104.214569844726981, 21.936927945801408 ], [ 104.209519079680774, 21.940810391490164 ], [ 104.208237881418214, 21.944783721611017 ], [ 104.213027334108219, 21.950161003405011 ], [ 104.223173962622795, 21.948029499957947 ], [ 104.234033713265845, 21.941547861793911 ], [ 104.24387564540676, 21.939939841703687 ], [ 104.254163161395454, 21.931654784316635 ], [ 104.270453281687949, 21.932737240960648 ], [ 104.279547587276866, 21.935815526511195 ], [ 104.280604854326484, 21.938099698333779 ], [ 104.283572580455797, 21.939905555384499 ], [ 104.292326202988889, 21.927450972603804 ], [ 104.302258146424606, 21.925840854019519 ], [ 104.302748822678893, 21.923918509418922 ], [ 104.31065156266537, 21.922875775912456 ], [ 104.313428690334348, 21.920644008012911 ], [ 104.321743143854405, 21.91823965248825 ], [ 104.325720245797569, 21.918356534239862 ], [ 104.325459523878024, 21.910439384492747 ], [ 104.329233434370636, 21.908319735644156 ], [ 104.330357281911759, 21.89881479608152 ], [ 104.338569697336311, 21.892713199545252 ], [ 104.337158846196701, 21.887382049210494 ], [ 104.341400056716438, 21.883666262147365 ], [ 104.350463502547328, 21.879944425931782 ], [ 104.353764211642869, 21.8765986816842 ], [ 104.355022762244246, 21.869454953780288 ], [ 104.352786259862938, 21.864651025031627 ], [ 104.351277758481203, 21.863866394826939 ], [ 104.351623891221493, 21.861378222506367 ], [ 104.349018097495005, 21.854574227583953 ], [ 104.349859531390223, 21.851346553674542 ], [ 104.347379111613819, 21.847503672383517 ], [ 104.347157533231893, 21.844165660441945 ], [ 104.344210110220772, 21.844378813825251 ], [ 104.343135284187611, 21.841951459856478 ], [ 104.339493739490436, 21.839804765499821 ], [ 104.340530690448588, 21.834170345301612 ], [ 104.343033770519142, 21.829552736882732 ], [ 104.36287108892553, 21.819040225805924 ], [ 104.3701494479795, 21.816576506032423 ], [ 104.373489701268213, 21.816936042316904 ], [ 104.380946168403014, 21.813592444349457 ], [ 104.383995994059632, 21.811107220943803 ], [ 104.385134667493944, 21.8076472419128 ], [ 104.384539728190745, 21.803231726338446 ], [ 104.394429115480705, 21.795003034022589 ], [ 104.400538697477231, 21.793991116554274 ], [ 104.403730355523322, 21.795193944308814 ], [ 104.409143613519007, 21.793466899124201 ], [ 104.412692437860926, 21.79448477334234 ], [ 104.417117101867987, 21.791455556324141 ], [ 104.41767048674248, 21.785995277049416 ], [ 104.415370857144481, 21.783025513754886 ], [ 104.415380940987177, 21.77772075195465 ], [ 104.416798104894653, 21.775280990385628 ], [ 104.414389714071447, 21.774002783357417 ], [ 104.407422264916164, 21.774539449658963 ], [ 104.403083681834872, 21.772508584648232 ], [ 104.393643698843832, 21.773491247054228 ], [ 104.38955376856309, 21.76816514085051 ], [ 104.381392977073034, 21.769102561734485 ], [ 104.37385801287445, 21.772738141958428 ], [ 104.370803527794322, 21.775587989227844 ], [ 104.367344474996088, 21.773789697081991 ], [ 104.361702889009777, 21.775334926736491 ], [ 104.360775033128419, 21.777141582854469 ], [ 104.358849296856633, 21.777239099826382 ], [ 104.352911003047964, 21.781946324634269 ], [ 104.347653742912286, 21.783625934362469 ], [ 104.346036352721356, 21.787708596158282 ], [ 104.341114512940422, 21.789340672126883 ], [ 104.339616677900651, 21.792919848454869 ], [ 104.337309909671774, 21.791520111028792 ], [ 104.330408214572287, 21.794641786079918 ], [ 104.324885610835381, 21.792919638414233 ], [ 104.32318400034697, 21.79396792526428 ], [ 104.319221387978388, 21.791417137296619 ], [ 104.319395467706983, 21.789246491922007 ], [ 104.311602628116859, 21.789982067486747 ], [ 104.309710951887695, 21.803081737256292 ], [ 104.305635149547044, 21.804522794331483 ], [ 104.299750769007645, 21.799177576982348 ], [ 104.295102253513917, 21.804167437851827 ], [ 104.288619384738524, 21.80611642427127 ], [ 104.282623869044087, 21.80461914904091 ], [ 104.28244134934063, 21.806262527848158 ], [ 104.278616046386745, 21.803843480959898 ], [ 104.276675308364602, 21.803999872892728 ], [ 104.268780913765994, 21.811938574313395 ], [ 104.26906765138132, 21.816294398573437 ], [ 104.26736642300034, 21.821296340051109 ], [ 104.263836155490523, 21.820205860248528 ], [ 104.253790572443108, 21.828901186111302 ], [ 104.24938430816249, 21.828008448088951 ], [ 104.241685201860946, 21.831294537207082 ], [ 104.236205797590827, 21.837194672998354 ], [ 104.229971990140655, 21.839281177902457 ], [ 104.223557826338478, 21.844550937739022 ], [ 104.219856835586938, 21.844128768736471 ], [ 104.215897882528154, 21.848177770334981 ], [ 104.207998415144772, 21.851158402685815 ] ], [ [ 104.294015319467945, 21.858436637900184 ], [ 104.294015355304268, 21.858425348187872 ], [ 104.294021432634452, 21.858431055063086 ], [ 104.294015319467945, 21.858436637900184 ] ] ] } },
{ "type": "Feature", "properties": { "xa": "Đông Cuông", "hat_kl": "Hạt KL Trấn Yên", "che_phu": 55.3, "dt_rung": 8866.5, "DTBD": 14629.69 }, "geometry": { "type": "Polygon", "coordinates": [ [ [ 104.592517218376088, 22.0448312411812 ], [ 104.600916225458889, 22.043001035063508 ], [ 104.611875943847622, 22.035249043253632 ], [ 104.616382946633763, 22.030398614560809 ], [ 104.615596407653356, 22.027770786018792 ], [ 104.616533921917892, 22.024039228131233 ], [ 104.622601001650963, 22.017544457216996 ], [ 104.625089011536204, 22.016449000082183 ], [ 104.63395222146994, 22.017948753313956 ], [ 104.644784823997341, 22.009798112788253 ], [ 104.649969431374444, 22.003013895923065 ], [ 104.650522968931696, 21.999370767729385 ], [ 104.662737836680009, 21.992753545296068 ], [ 104.665723822217075, 21.985654582188097 ], [ 104.666488985156263, 21.979494304490004 ], [ 104.679393063224552, 21.97351382280937 ], [ 104.683098420934229, 21.966808895004498 ], [ 104.678770754788957, 21.962172607986368 ], [ 104.676303818612453, 21.9554497677934 ], [ 104.663484740525064, 21.948097834521604 ], [ 104.661066904852746, 21.94538316460644 ], [ 104.657886089375921, 21.944470269107011 ], [ 104.656660022651693, 21.941389048095786 ], [ 104.651012558553774, 21.935063372009118 ], [ 104.649499486593712, 21.934620339449335 ], [ 104.64839967808453, 21.936239997616937 ], [ 104.643708035876315, 21.937999979531401 ], [ 104.640668506336169, 21.934478050595597 ], [ 104.632998725121936, 21.932102152417109 ], [ 104.633439120872225, 21.929925219876392 ], [ 104.630088799387693, 21.930448922828656 ], [ 104.625690352986197, 21.929191839298237 ], [ 104.619100774258513, 21.921792073972121 ], [ 104.61666082272211, 21.92227639539507 ], [ 104.609217997654383, 21.930753464665308 ], [ 104.604516784169434, 21.927923272519902 ], [ 104.600732011899638, 21.928580658737946 ], [ 104.596692389781012, 21.931977925012347 ], [ 104.593397503590168, 21.936969487979695 ], [ 104.590917609399085, 21.935802888944394 ], [ 104.588948752015, 21.936482883915584 ], [ 104.58341675364629, 21.93267221234759 ], [ 104.581466842233823, 21.927956450305789 ], [ 104.575519875130055, 21.925921671517614 ], [ 104.567597504549212, 21.91925110621197 ], [ 104.564959776959455, 21.92002852119866 ], [ 104.562403428557161, 21.924647094951872 ], [ 104.560022591943309, 21.925924730951966 ], [ 104.552618401051731, 21.924955734576027 ], [ 104.547940050418774, 21.92146905098992 ], [ 104.540020760670444, 21.924573706798476 ], [ 104.536922705362727, 21.923394666694094 ], [ 104.533459735701825, 21.920000094943937 ], [ 104.526046340034355, 21.921829251936959 ], [ 104.525236824622667, 21.925835798039458 ], [ 104.527505362197132, 21.930180803423298 ], [ 104.527384371260737, 21.934155590803108 ], [ 104.530372318193329, 21.933945372267054 ], [ 104.527830571258434, 21.943431073148847 ], [ 104.52822005545373, 21.947171624120926 ], [ 104.521355460382196, 21.95210429402837 ], [ 104.527125956808831, 21.958721046276263 ], [ 104.529648136122944, 21.95900344450331 ], [ 104.529522215270219, 21.961923829791282 ], [ 104.531369867378743, 21.963478160011746 ], [ 104.530974226145673, 21.965569961249564 ], [ 104.533963723059557, 21.968608185354512 ], [ 104.531361481351965, 21.973386853878608 ], [ 104.532502975468972, 21.97431928638381 ], [ 104.532228653376436, 21.977236310776842 ], [ 104.535285869152517, 21.978437243059663 ], [ 104.540159864660879, 21.983214275418238 ], [ 104.538573373521245, 21.985877726064118 ], [ 104.539808509765663, 21.987175296252072 ], [ 104.544208808093302, 21.990737625096287 ], [ 104.548607302539537, 21.992302977623524 ], [ 104.550726763511463, 21.996533473803833 ], [ 104.553720941577652, 21.997718452077475 ], [ 104.54252913862247, 22.005321966075954 ], [ 104.537265832721985, 22.013342366746535 ], [ 104.544081615964174, 22.016184359137519 ], [ 104.545183238212715, 22.019341464561254 ], [ 104.547859885647966, 22.021860154715949 ], [ 104.551453653134743, 22.022513937156837 ], [ 104.553061711904164, 22.025256136941881 ], [ 104.553710546246975, 22.031010193071637 ], [ 104.556144895275594, 22.034596018118123 ], [ 104.563576308183983, 22.033708686407142 ], [ 104.562093173082161, 22.036645045681411 ], [ 104.565606342783653, 22.042273155720011 ], [ 104.569586383034121, 22.041325634471516 ], [ 104.572889470041403, 22.042490732590334 ], [ 104.574134848582659, 22.039753624984325 ], [ 104.577523514194624, 22.038252525762104 ], [ 104.578696218677038, 22.035425076810068 ], [ 104.589552536367023, 22.040979719988147 ], [ 104.592517218376088, 22.0448312411812 ] ], [ [ 104.59603434930861, 21.976535337308604 ], [ 104.596034361480505, 21.976524047439543 ], [ 104.596040456035212, 21.976529652936335 ], [ 104.59603434930861, 21.976535337308604 ] ] ] } },
{ "type": "Feature", "properties": { "xa": "Minh Lương", "hat_kl": "Hạt KL KBT Hoàng Liên - Văn Bàn", "che_phu": 64.7, "dt_rung": 13761.2, "DTBD": 20657.64 }, "geometry": { "type": "Polygon", "coordinates": [ [ [ 104.055983726200978, 22.063274503386374 ], [ 104.055540891962409, 22.059952517779998 ], [ 104.058029653912655, 22.057138411655579 ], [ 104.058364841747945, 22.0512278956814 ], [ 104.060132493331835, 22.047758907658565 ], [ 104.059142286879933, 22.042333737861199 ], [ 104.057457699160381, 22.040389390994321 ], [ 104.061432260191552, 22.041342796147077 ], [ 104.063740999026919, 22.044791097852158 ], [ 104.066756454566729, 22.045824255558202 ], [ 104.070980052575322, 22.042608135261894 ], [ 104.069954827125187, 22.035672643161281 ], [ 104.073567804775578, 22.034652785507802 ], [ 104.08089354023285, 22.035630632168729 ], [ 104.082564321631892, 22.029377679337848 ], [ 104.085211491999857, 22.026512112297286 ], [ 104.085483545488387, 22.020581639189086 ], [ 104.090055640815493, 22.015939887549493 ], [ 104.091549060000347, 22.007767818774287 ], [ 104.096611423077547, 22.003346484368027 ], [ 104.097974098428409, 22.000950077542839 ], [ 104.0980601119265, 21.996857894666448 ], [ 104.101923609168409, 21.993556752685357 ], [ 104.104198737519837, 21.993254138858635 ], [ 104.110523772959681, 21.987270889303044 ], [ 104.113240767650566, 21.987659605542699 ], [ 104.115941939106563, 21.98636040628169 ], [ 104.123420645608448, 21.987653097687936 ], [ 104.130765198371904, 21.982870243244033 ], [ 104.132907257578836, 21.979854280687508 ], [ 104.138427616764048, 21.977393434960106 ], [ 104.146572365106366, 21.976606494828431 ], [ 104.162437483223769, 21.97143593855041 ], [ 104.170249179381983, 21.97415611984103 ], [ 104.171482892653117, 21.977119222948389 ], [ 104.176391267499312, 21.977755655972068 ], [ 104.18657542804651, 21.972480523404396 ], [ 104.187510625117568, 21.969696392304087 ], [ 104.192829212681772, 21.965136395279718 ], [ 104.198699601396399, 21.965277052198594 ], [ 104.202803823143924, 21.96031253771125 ], [ 104.209441554837397, 21.956991180224179 ], [ 104.21114150142607, 21.950286601193326 ], [ 104.213027334108219, 21.950161003405011 ], [ 104.208237881418214, 21.944783721611017 ], [ 104.209519079680774, 21.940810391490164 ], [ 104.214569844726981, 21.936927945801408 ], [ 104.22057072411917, 21.934961223523569 ], [ 104.226079813512754, 21.926109740064351 ], [ 104.231142860547081, 21.922737996459595 ], [ 104.227704390665153, 21.911428701071447 ], [ 104.231185874673827, 21.902309263938495 ], [ 104.213465632779858, 21.891745662017094 ], [ 104.206029133868157, 21.892267409209296 ], [ 104.199626786068265, 21.889974925558338 ], [ 104.194891463388245, 21.891302767883278 ], [ 104.182908566175684, 21.889598653970808 ], [ 104.162966338246434, 21.892003444265374 ], [ 104.152523235906813, 21.895929603833615 ], [ 104.147140556969035, 21.894607163800551 ], [ 104.1394540462733, 21.896356625616992 ], [ 104.137553865101253, 21.898908772469849 ], [ 104.130777161023389, 21.902533189559016 ], [ 104.130182427739939, 21.90472960935552 ], [ 104.126897493370208, 21.90709875154193 ], [ 104.117428240738903, 21.910433126168225 ], [ 104.11588943925598, 21.909208298179962 ], [ 104.113283015280729, 21.909490766221158 ], [ 104.098145082326056, 21.915644671041871 ], [ 104.093123105639791, 21.916438979972003 ], [ 104.087523697497375, 21.915480945904513 ], [ 104.088073951445566, 21.913866512065503 ], [ 104.084380807624171, 21.907096818675935 ], [ 104.081424692776011, 21.905118212677042 ], [ 104.075451538991288, 21.904884214740363 ], [ 104.069354094113521, 21.905944158030508 ], [ 104.064397619645547, 21.90945509272272 ], [ 104.061883313298239, 21.908756755549096 ], [ 104.054912300180746, 21.913113340234897 ], [ 104.048477219880084, 21.914991492603715 ], [ 104.043898177409787, 21.914518972048636 ], [ 104.041145100603316, 21.916561887062539 ], [ 104.036088493368482, 21.914183975208296 ], [ 104.028526769596724, 21.917894893364704 ], [ 104.022832631545256, 21.917397744362667 ], [ 104.016673002927945, 21.919278383790797 ], [ 104.014715929623634, 21.917933533564845 ], [ 104.010004796104099, 21.91851308772755 ], [ 104.002439683600372, 21.924373602805524 ], [ 103.996378582092944, 21.927218018551859 ], [ 103.994729476755992, 21.933637654139471 ], [ 103.992490052716931, 21.935768875962545 ], [ 103.991247747122415, 21.935340838136369 ], [ 103.989513684488898, 21.938212394579772 ], [ 103.99258083239792, 21.942720579256967 ], [ 104.002689217726356, 21.937424507117793 ], [ 104.01148471257396, 21.93425548488494 ], [ 104.014615269131539, 21.93447724213911 ], [ 104.014165097714852, 21.935710005168605 ], [ 104.020346694556395, 21.940942649366029 ], [ 104.028276440447272, 21.944025956989101 ], [ 104.030582575256844, 21.943259093722826 ], [ 104.033415149902538, 21.945925632282567 ], [ 104.03367198804564, 21.950021881230697 ], [ 104.032505628524476, 21.950633729610789 ], [ 104.034236703956765, 21.953809420500598 ], [ 104.033486547788684, 21.955941905029615 ], [ 104.036545200085328, 21.959539436213319 ], [ 104.038049760503981, 21.95932451423354 ], [ 104.040544477712118, 21.963457711373934 ], [ 104.046304546603167, 21.964460872218226 ], [ 104.048978919115129, 21.963224977288561 ], [ 104.048568217830677, 21.960658200523863 ], [ 104.052777330872516, 21.959408558070233 ], [ 104.05408857905212, 21.961687338372929 ], [ 104.057168607175868, 21.960870098526083 ], [ 104.057468149393273, 21.965488246421874 ], [ 104.062940448365524, 21.969759546506268 ], [ 104.059148179283071, 21.969980256911189 ], [ 104.060282804924668, 21.972060818143511 ], [ 104.056302664251902, 21.972832132378269 ], [ 104.047910995250049, 21.978685947472581 ], [ 104.039923031188778, 21.988509103804738 ], [ 104.039308953381664, 21.991936935556769 ], [ 104.040899402736329, 21.999039522956362 ], [ 104.033941234097696, 22.005144313151323 ], [ 104.028036347238071, 22.003882024135613 ], [ 104.024926248084029, 22.005370670213484 ], [ 104.023826871387641, 22.009847441046738 ], [ 104.018533500177725, 22.014984244609813 ], [ 104.020430370314941, 22.018682277604832 ], [ 104.023612238871948, 22.018761617665614 ], [ 104.025943829941568, 22.020377710845185 ], [ 104.032192940122627, 22.019063501993394 ], [ 104.031837813844589, 22.021704614290346 ], [ 104.034618870533265, 22.022031973468554 ], [ 104.036137411090138, 22.02377957290253 ], [ 104.036073565332131, 22.026487982406941 ], [ 104.039138420834789, 22.028371976053734 ], [ 104.033154131213777, 22.031734647025011 ], [ 104.033738520492264, 22.034548122315801 ], [ 104.037468775887334, 22.037253839960616 ], [ 104.03868512200961, 22.039689645919314 ], [ 104.042364789351723, 22.041821815422946 ], [ 104.045416228153911, 22.040843600741674 ], [ 104.048798248292968, 22.043975925634101 ], [ 104.046379423158399, 22.050114368842859 ], [ 104.04408567446977, 22.050118673116295 ], [ 104.042467428706772, 22.05496161043105 ], [ 104.039907464643804, 22.056072126278863 ], [ 104.039624006996689, 22.060101401122733 ], [ 104.049511023875127, 22.065798998574095 ], [ 104.055983726200978, 22.063274503386374 ] ] ] } },
{ "type": "Feature", "properties": { "xa": "Cảm Nhân", "hat_kl": "Hạt KL Lục Yên", "che_phu": 75.0, "dt_rung": 12064.0, "DTBD": 15177.11 }, "geometry": { "type": "Polygon", "coordinates": [ [ [ 104.891670552286726, 22.072363171712251 ], [ 104.897297062176875, 22.070499546919653 ], [ 104.902757552484019, 22.063963730635095 ], [ 104.907845621206079, 22.062874903445426 ], [ 104.912768838131683, 22.065292139160366 ], [ 104.918315600872944, 22.058742260785468 ], [ 104.920957357379081, 22.060702134076756 ], [ 104.927865262217082, 22.061930954087931 ], [ 104.934954085171853, 22.058613842567659 ], [ 104.941437465449511, 22.052313295889068 ], [ 104.940398432274378, 22.044186508162827 ], [ 104.942135787765537, 22.043392388232949 ], [ 104.946145142062207, 22.035847419059795 ], [ 104.949999584521436, 22.034384479301686 ], [ 104.954784695415398, 22.035744900443433 ], [ 104.958600600936791, 22.033961628952671 ], [ 104.959187497970404, 22.031085057689356 ], [ 104.962071791507412, 22.028896821590639 ], [ 104.967332114725565, 22.030787784379385 ], [ 104.969236417576056, 22.033872683806635 ], [ 104.96892491924369, 22.035541276946724 ], [ 104.972601603806041, 22.040682195519032 ], [ 104.978447554319672, 22.041123476664261 ], [ 104.980658424726371, 22.042741676372586 ], [ 104.983167220470591, 22.042152049470726 ], [ 104.990631852717783, 22.045416811601502 ], [ 104.996404939906114, 22.044313029809853 ], [ 104.997923217592898, 22.042736315671071 ], [ 104.995918213524462, 22.040669703077789 ], [ 104.996426387576406, 22.038739295446259 ], [ 104.993770491849332, 22.032448193290897 ], [ 104.995056863897716, 22.030254254045651 ], [ 104.994741866206269, 22.026549514630506 ], [ 104.992182055829886, 22.020474272735434 ], [ 104.992147653114543, 22.017957154565195 ], [ 104.994612639552983, 22.017408062150061 ], [ 104.996346350185107, 22.0144788833239 ], [ 104.992615925357924, 22.00978627002846 ], [ 104.989625140165018, 22.002909763085469 ], [ 104.992058209470187, 21.997169613876768 ], [ 104.990648430879261, 21.993809401850157 ], [ 104.992633433833902, 21.994574546170895 ], [ 104.9972289805483, 21.992324624299179 ], [ 104.999621365046522, 21.98790596148098 ], [ 104.997200966138735, 21.980680436265413 ], [ 104.992478263955235, 21.975352357962645 ], [ 104.993710303280878, 21.974061414368293 ], [ 104.99279095920059, 21.971091832252853 ], [ 104.994794218937457, 21.967546103892261 ], [ 104.994879186094494, 21.960286692314714 ], [ 104.993520023222516, 21.952414168840388 ], [ 104.990539050084749, 21.949859372407687 ], [ 104.986433093986221, 21.943084991105536 ], [ 104.986370814047731, 21.936270502606217 ], [ 104.977482181639786, 21.941945063056547 ], [ 104.976225203344768, 21.944771890367843 ], [ 104.965577152904487, 21.949291052601328 ], [ 104.963240190533057, 21.948243600607086 ], [ 104.961457648737067, 21.949242576146855 ], [ 104.949234370387728, 21.947963850668302 ], [ 104.945528546909031, 21.950426068662392 ], [ 104.942095706995431, 21.946968724793678 ], [ 104.938912706590855, 21.947244727841152 ], [ 104.937293763719381, 21.945837420203578 ], [ 104.925281228043644, 21.942717135023766 ], [ 104.920607590724188, 21.943574668366562 ], [ 104.916792707624907, 21.948484008651928 ], [ 104.911824436680135, 21.949022132286277 ], [ 104.909874561658569, 21.952229021992544 ], [ 104.905037809307956, 21.952858577305545 ], [ 104.901441948595988, 21.957236907689595 ], [ 104.897698531673029, 21.956492653717657 ], [ 104.885428646135708, 21.946470011403047 ], [ 104.883585646445681, 21.948399117252414 ], [ 104.87495896713888, 21.949069572257201 ], [ 104.871671384225536, 21.950561136301204 ], [ 104.869255224465121, 21.94999886322476 ], [ 104.869457712357345, 21.947153924571257 ], [ 104.866648082585755, 21.94720417396363 ], [ 104.863163229817374, 21.940240176895291 ], [ 104.859509706816567, 21.953521332556381 ], [ 104.867637336398147, 21.959318280358531 ], [ 104.864321077427604, 21.972432179997931 ], [ 104.867514423532981, 21.976448676193133 ], [ 104.865578615966271, 21.976832010501269 ], [ 104.868103563551287, 21.981477492559819 ], [ 104.874157157738637, 21.981741181287763 ], [ 104.868818422798469, 21.996594751746983 ], [ 104.870265707400861, 22.004838545266622 ], [ 104.870200655704565, 22.020038966325643 ], [ 104.866321925553621, 22.023736611128658 ], [ 104.861492107747466, 22.035333351435174 ], [ 104.871306941080888, 22.041297419205637 ], [ 104.871352462457892, 22.045146213826232 ], [ 104.877797325770899, 22.047097244166054 ], [ 104.874472150369684, 22.054229624014859 ], [ 104.873328235459184, 22.061312884824829 ], [ 104.87746096638557, 22.067871602322214 ], [ 104.879948280926826, 22.06889493648994 ], [ 104.881794513433746, 22.072280838794875 ], [ 104.886809394984269, 22.070784215242671 ], [ 104.891670552286726, 22.072363171712251 ] ], [ [ 104.927835672462123, 22.000702361040911 ], [ 104.927835658383771, 22.000691071218665 ], [ 104.92784167013329, 22.000696664458506 ], [ 104.927835672462123, 22.000702361040911 ] ] ] } },
{ "type": "Feature", "properties": { "xa": "Phúc Lợi", "hat_kl": "Hạt KL Lục Yên", "che_phu": 77.9, "dt_rung": 13745.2, "DTBD": 16071.44 }, "geometry": { "type": "Polygon", "coordinates": [ [ [ 104.643131308364687, 22.080452325121968 ], [ 104.645991492170353, 22.077788702887371 ], [ 104.648823783809391, 22.071413389217344 ], [ 104.654369639827792, 22.069391791772635 ], [ 104.65621627127463, 22.06565504224324 ], [ 104.662836449741278, 22.059843922669454 ], [ 104.662882164356816, 22.058291917375488 ], [ 104.666754433341183, 22.058398611417648 ], [ 104.671256036048888, 22.056365515308865 ], [ 104.67340303359623, 22.057215797344917 ], [ 104.681490469073367, 22.050708961840964 ], [ 104.683584973294415, 22.047523661234511 ], [ 104.684625920933897, 22.047451735018925 ], [ 104.685849682057054, 22.050397955039976 ], [ 104.685970720535735, 22.054209439194423 ], [ 104.69140032328707, 22.058196138507295 ], [ 104.695742305892765, 22.059659347332339 ], [ 104.694802298723118, 22.063313131507769 ], [ 104.688890656432079, 22.068356931678707 ], [ 104.687108430498085, 22.068552246969592 ], [ 104.685683732150096, 22.071791136438787 ], [ 104.691367886131502, 22.072948803053968 ], [ 104.696197430646805, 22.07188570124795 ], [ 104.700895138814417, 22.066279860946867 ], [ 104.703929259475899, 22.066841439007508 ], [ 104.704172451001682, 22.065997663674668 ], [ 104.707803951031039, 22.068496662829773 ], [ 104.708845822441148, 22.067731029328037 ], [ 104.709625304484646, 22.068949887700331 ], [ 104.711032733649049, 22.067939567598756 ], [ 104.712971305862311, 22.068882127424196 ], [ 104.716031968979905, 22.063013186504172 ], [ 104.717826032003444, 22.063123285704293 ], [ 104.718419646574446, 22.061188782678837 ], [ 104.723969565668469, 22.057465391099083 ], [ 104.727717816318659, 22.056494298762349 ], [ 104.726428448519201, 22.055097795730134 ], [ 104.727931253573217, 22.053436507447515 ], [ 104.730797335655879, 22.050869115113898 ], [ 104.735720541095986, 22.049329868899544 ], [ 104.739640112154262, 22.043902382393551 ], [ 104.742601712310531, 22.04299032544143 ], [ 104.75038023419323, 22.043947506792211 ], [ 104.751454315592966, 22.040291586021265 ], [ 104.748040063921607, 22.037659877827515 ], [ 104.749899614143928, 22.033540366267022 ], [ 104.749827544149085, 22.029809572716875 ], [ 104.7518980572912, 22.028716253764465 ], [ 104.756224060923032, 22.029945654641786 ], [ 104.757738164155995, 22.028219147996911 ], [ 104.756937854349772, 22.024908821800615 ], [ 104.752816239441444, 22.021114653294731 ], [ 104.759122502050005, 22.017102642077241 ], [ 104.755584977555557, 22.014580827880888 ], [ 104.755337592676625, 22.01194903439464 ], [ 104.761457730824034, 22.010665379170106 ], [ 104.765827314957434, 22.008185670608903 ], [ 104.772523974483747, 21.996493003014447 ], [ 104.785011569787372, 21.995404273595405 ], [ 104.786002188989968, 21.994101477490439 ], [ 104.785290265486566, 21.990966927518425 ], [ 104.78917565369234, 21.983450860075287 ], [ 104.787995752567056, 21.97870468216756 ], [ 104.7939018415953, 21.973747028856668 ], [ 104.795886287864278, 21.969661614456662 ], [ 104.800311530880094, 21.966896003792389 ], [ 104.800556169974286, 21.966490394693249 ], [ 104.794206123197739, 21.963213362769427 ], [ 104.791900337837106, 21.964970589449923 ], [ 104.78900492978903, 21.962555981425528 ], [ 104.787769761502801, 21.964159168822778 ], [ 104.768407368680769, 21.954799244100624 ], [ 104.765174948307646, 21.95686617536316 ], [ 104.757220786086819, 21.953838575989352 ], [ 104.753280022009307, 21.949377548560211 ], [ 104.749282657552342, 21.948291938664362 ], [ 104.750608904016104, 21.940005202775307 ], [ 104.744168847309908, 21.936108438104981 ], [ 104.737984489641192, 21.93018520437187 ], [ 104.725036577992981, 21.935310479271436 ], [ 104.715718659941373, 21.934222706258208 ], [ 104.712807642644265, 21.938872815923411 ], [ 104.70986576002926, 21.941057769732677 ], [ 104.708784967667341, 21.946075841332075 ], [ 104.703967989623095, 21.948699972462933 ], [ 104.701218198030233, 21.95300498264567 ], [ 104.698805971087353, 21.953211712768088 ], [ 104.699213947701153, 21.954631029705112 ], [ 104.695063250358174, 21.95945040545784 ], [ 104.682972505813353, 21.966890040752077 ], [ 104.679393063224552, 21.97351382280937 ], [ 104.666488985156263, 21.979494304490004 ], [ 104.665723822217075, 21.985654582188097 ], [ 104.661529584458179, 21.994316681671126 ], [ 104.650759340608104, 21.999150532712711 ], [ 104.649969431374444, 22.003013895923065 ], [ 104.644998169525905, 22.009578232937695 ], [ 104.636072977581904, 22.016814573655559 ], [ 104.63356069254921, 22.017958771987011 ], [ 104.625089011536204, 22.016449000082183 ], [ 104.622133049199121, 22.017877459043053 ], [ 104.616265277980887, 22.024485182897163 ], [ 104.616382946633763, 22.030398614560809 ], [ 104.611875943847622, 22.035249043253632 ], [ 104.606344787702056, 22.038793077041422 ], [ 104.605726867808158, 22.040072255075501 ], [ 104.607122532974714, 22.042059940739279 ], [ 104.611877132219519, 22.044508124803215 ], [ 104.610433157112595, 22.051186300284808 ], [ 104.610804822921324, 22.05612458585345 ], [ 104.615774330140795, 22.061082870184109 ], [ 104.618313173567813, 22.060486394129388 ], [ 104.622961234429013, 22.06248781599788 ], [ 104.624539923988664, 22.06500755591664 ], [ 104.628318203071728, 22.063254172246832 ], [ 104.634506924626834, 22.065391520754329 ], [ 104.636796283766756, 22.065012519733248 ], [ 104.637164094062499, 22.076369103089547 ], [ 104.643131308364687, 22.080452325121968 ] ], [ [ 104.703592125027328, 22.007484777383414 ], [ 104.703592128701089, 22.007473487519569 ], [ 104.703598131958273, 22.007479088991133 ], [ 104.703592125027328, 22.007484777383414 ] ] ] } },
{ "type": "Feature", "properties": { "xa": "Dương Quỳ", "hat_kl": "Hạt KL Văn Bàn", "che_phu": 70.3, "dt_rung": 11060.2, "DTBD": 15710.57 }, "geometry": { "type": "Polygon", "coordinates": [ [ [ 104.1261814605528, 22.09440041980961 ], [ 104.141313552449546, 22.090111999794463 ], [ 104.140676803451939, 22.089380881137398 ], [ 104.143659331121583, 22.082392602761139 ], [ 104.141928315415001, 22.075473052836223 ], [ 104.143500169281779, 22.07223451937654 ], [ 104.149348175424393, 22.071518769077787 ], [ 104.161001699913285, 22.074197342612869 ], [ 104.166563650799688, 22.070111473482786 ], [ 104.174427366239016, 22.068079607063588 ], [ 104.179108125918162, 22.068897372975865 ], [ 104.184284408923617, 22.062181188115613 ], [ 104.183846876648204, 22.057040741155372 ], [ 104.188447358185499, 22.050826641517784 ], [ 104.196897189110274, 22.054353143940258 ], [ 104.2008987225813, 22.059297295640864 ], [ 104.202470549223008, 22.055192849482179 ], [ 104.198938182362397, 22.051772491229062 ], [ 104.200775284870005, 22.049437056149554 ], [ 104.201236577483073, 22.045734132031551 ], [ 104.198642626206777, 22.04326323624554 ], [ 104.190530361546493, 22.039630779021127 ], [ 104.190029871396689, 22.036857015376363 ], [ 104.185842447837629, 22.032970369470725 ], [ 104.186564008198815, 22.029989821736748 ], [ 104.185240555000576, 22.027606443924849 ], [ 104.186731156856169, 22.025323068976437 ], [ 104.198225400537964, 22.029309877872368 ], [ 104.201442914845117, 22.034023962125822 ], [ 104.206170617986288, 22.031205890151615 ], [ 104.211017172695747, 22.033714622957287 ], [ 104.216514231943748, 22.032467654842751 ], [ 104.21863064227459, 22.033767676014165 ], [ 104.218347325826286, 22.035627172459602 ], [ 104.219746820691029, 22.037088774282779 ], [ 104.224480137366001, 22.037642583528829 ], [ 104.22809770735833, 22.034731889435001 ], [ 104.233982533455134, 22.034796143798069 ], [ 104.236423457327504, 22.033387750383532 ], [ 104.242153662014829, 22.035181500906734 ], [ 104.244852429449907, 22.040258383927291 ], [ 104.248139983908871, 22.037076720920126 ], [ 104.249117885856393, 22.033342342274629 ], [ 104.247782097724027, 22.027528483546263 ], [ 104.249681669041067, 22.025678657791392 ], [ 104.249762555722128, 22.023581219281212 ], [ 104.242675701159413, 22.016716170260576 ], [ 104.242827569965172, 22.014132510521843 ], [ 104.239270943603429, 22.010538439844783 ], [ 104.237402141214943, 22.005979490918282 ], [ 104.230004598044403, 22.001481477364731 ], [ 104.226037176576469, 21.997393868615905 ], [ 104.222556429832849, 21.981697469299434 ], [ 104.224468057326675, 21.972122012490932 ], [ 104.218658967031445, 21.964863809913624 ], [ 104.220087042857998, 21.96047334633926 ], [ 104.214848654188444, 21.955863309205689 ], [ 104.210696686378512, 21.953533921832502 ], [ 104.209441554837397, 21.956991180224179 ], [ 104.202803823143924, 21.96031253771125 ], [ 104.198699601396399, 21.965277052198594 ], [ 104.192829212681772, 21.965136395279718 ], [ 104.187510625117568, 21.969696392304087 ], [ 104.18657542804651, 21.972480523404396 ], [ 104.176391267499312, 21.977755655972068 ], [ 104.171482892653117, 21.977119222948389 ], [ 104.170249179381983, 21.97415611984103 ], [ 104.162437483223769, 21.97143593855041 ], [ 104.146572365106366, 21.976606494828431 ], [ 104.138427616764048, 21.977393434960106 ], [ 104.132907257578836, 21.979854280687508 ], [ 104.130765198371904, 21.982870243244033 ], [ 104.123420645608448, 21.987653097687936 ], [ 104.115941939106563, 21.98636040628169 ], [ 104.113240767650566, 21.987659605542699 ], [ 104.110523772959681, 21.987270889303044 ], [ 104.104198737519837, 21.993254138858635 ], [ 104.101923609168409, 21.993556752685357 ], [ 104.0980601119265, 21.996857894666448 ], [ 104.097974098428409, 22.000950077542839 ], [ 104.096611423077547, 22.003346484368027 ], [ 104.091549060000347, 22.007767818774287 ], [ 104.090055640815493, 22.015939887549493 ], [ 104.085483545488387, 22.020581639189086 ], [ 104.085211491999857, 22.026512112297286 ], [ 104.082564321631892, 22.029377679337848 ], [ 104.08089354023285, 22.035630632168729 ], [ 104.073567804775578, 22.034652785507802 ], [ 104.069954827125187, 22.035672643161281 ], [ 104.070980052575322, 22.042608135261894 ], [ 104.066756454566729, 22.045824255558202 ], [ 104.063740999026919, 22.044791097852158 ], [ 104.061432260191552, 22.041342796147077 ], [ 104.057457699160381, 22.040389390994321 ], [ 104.059076321101628, 22.042152922234379 ], [ 104.06014110850758, 22.047460637593666 ], [ 104.058364841747945, 22.0512278956814 ], [ 104.058029653912655, 22.057138411655579 ], [ 104.055654621985539, 22.059538912646378 ], [ 104.055983726200978, 22.063274503386374 ], [ 104.049511023875127, 22.065798998574095 ], [ 104.055458280972843, 22.065201551305876 ], [ 104.062825127335955, 22.067329558765987 ], [ 104.066163467139901, 22.066780079871723 ], [ 104.071055347131733, 22.069879518346109 ], [ 104.070768323327357, 22.072216095829283 ], [ 104.077864454040679, 22.079241739616791 ], [ 104.085782772447971, 22.081703894182077 ], [ 104.095484879573263, 22.081770562306058 ], [ 104.098209607093281, 22.083241731221719 ], [ 104.10148006722504, 22.079447821775936 ], [ 104.098780597362975, 22.077801598996668 ], [ 104.098872655969942, 22.075115486232999 ], [ 104.103649073432237, 22.070356275313593 ], [ 104.110686522801615, 22.066715908754496 ], [ 104.111044384398909, 22.060239696659128 ], [ 104.11472162708705, 22.062892817377492 ], [ 104.114196230519383, 22.064899728044956 ], [ 104.117471722021833, 22.074828298979256 ], [ 104.121458536779329, 22.079985168118739 ], [ 104.123546994894326, 22.088741466552371 ], [ 104.122746292236513, 22.092241500340862 ], [ 104.1261814605528, 22.09440041980961 ] ] ] } },
{ "type": "Feature", "properties": { "xa": "Khánh Yên", "hat_kl": "Hạt KL Văn Bàn", "che_phu": 74.4, "dt_rung": 13583.3, "DTBD": 17357.94 }, "geometry": { "type": "Polygon", "coordinates": [ [ [ 104.291390751206308, 22.106348672267028 ], [ 104.292608176487974, 22.103433349621831 ], [ 104.296823893561537, 22.101273090112215 ], [ 104.298227399773225, 22.095597911747372 ], [ 104.300957348776763, 22.092816748174858 ], [ 104.307330479248193, 22.093502470497768 ], [ 104.310316641965855, 22.088341288223539 ], [ 104.311114426908773, 22.083910624322506 ], [ 104.31847417587602, 22.07755731550608 ], [ 104.319175752923769, 22.070523520373111 ], [ 104.320981305236046, 22.067322573876417 ], [ 104.316629146728303, 22.064757135689405 ], [ 104.315545742139548, 22.062488132659702 ], [ 104.318857339665854, 22.060303013288532 ], [ 104.320803281780812, 22.061329879191131 ], [ 104.321748039084369, 22.060051394944413 ], [ 104.324418874030485, 22.060645510260656 ], [ 104.323417198813871, 22.059038067383888 ], [ 104.317746455958172, 22.056936876269212 ], [ 104.317597894339926, 22.035299503246119 ], [ 104.319340808718195, 22.03719758628495 ], [ 104.320696328708834, 22.036408795726885 ], [ 104.322287804656867, 22.037720114298534 ], [ 104.325562680411991, 22.036217362323704 ], [ 104.33286231010689, 22.03724396144391 ], [ 104.33345455206414, 22.035572077270096 ], [ 104.3380337254696, 22.032503217878467 ], [ 104.338403758838169, 22.030564590671922 ], [ 104.344685832341852, 22.026870840844595 ], [ 104.343825298442468, 22.024445682745984 ], [ 104.345806809135539, 22.020272782022168 ], [ 104.345363790890303, 22.017566237547499 ], [ 104.349651723739342, 22.012297271745428 ], [ 104.34837330849021, 22.009440479397437 ], [ 104.34907158273532, 22.007256057488693 ], [ 104.346106398870631, 22.004995994963085 ], [ 104.345898901014195, 22.003335179895252 ], [ 104.352362033605758, 21.988348972692322 ], [ 104.351417326274699, 21.983153960643758 ], [ 104.352414840879376, 21.980620351213105 ], [ 104.3519028878478, 21.973353774191214 ], [ 104.350150875581278, 21.972781417752095 ], [ 104.349266076490821, 21.969798413779763 ], [ 104.349522904473034, 21.963359923939606 ], [ 104.346046230240219, 21.958494929222983 ], [ 104.348091608279731, 21.953973033444974 ], [ 104.34304872180023, 21.944726423659208 ], [ 104.339127136280865, 21.941737166423639 ], [ 104.337876970114777, 21.938734124523776 ], [ 104.33313867491654, 21.933830734446897 ], [ 104.331751613412592, 21.929905512599753 ], [ 104.329217770693162, 21.928246047007548 ], [ 104.328767960945427, 21.927021266469733 ], [ 104.331682593899913, 21.925632298955431 ], [ 104.330574568612661, 21.920433837112405 ], [ 104.325720245797569, 21.918356534239862 ], [ 104.321743143854405, 21.91823965248825 ], [ 104.313428690334348, 21.920644008012911 ], [ 104.31065156266537, 21.922875775912456 ], [ 104.302748822678893, 21.923918509418922 ], [ 104.302258146424606, 21.925840854019519 ], [ 104.292326202988889, 21.927450972603804 ], [ 104.283572580455797, 21.939905555384499 ], [ 104.280604854326484, 21.938099698333779 ], [ 104.279547587276866, 21.935815526511195 ], [ 104.270453281687949, 21.932737240960648 ], [ 104.254163161395454, 21.931654784316635 ], [ 104.24387564540676, 21.939939841703687 ], [ 104.234033713265845, 21.941547861793911 ], [ 104.223173962622795, 21.948029499957947 ], [ 104.211237726649827, 21.950160292787483 ], [ 104.210813546242719, 21.951402561706196 ], [ 104.211338715578435, 21.954499887360583 ], [ 104.214848654188444, 21.955863309205689 ], [ 104.220087042857998, 21.96047334633926 ], [ 104.218658967031445, 21.964863809913624 ], [ 104.224468057326675, 21.972122012490932 ], [ 104.222556429832849, 21.981697469299434 ], [ 104.226037176576469, 21.997393868615905 ], [ 104.230004598044403, 22.001481477364731 ], [ 104.237402141214943, 22.005979490918282 ], [ 104.239270943603429, 22.010538439844783 ], [ 104.242827569965172, 22.014132510521843 ], [ 104.242675701159413, 22.016716170260576 ], [ 104.249762555722128, 22.023581219281212 ], [ 104.249681669041067, 22.025678657791392 ], [ 104.247782097724027, 22.027528483546263 ], [ 104.248594198794905, 22.03601120774913 ], [ 104.244852429449907, 22.040258383927291 ], [ 104.253112743320955, 22.042725712350766 ], [ 104.260631053971551, 22.053616994012089 ], [ 104.266254511892456, 22.052602751125924 ], [ 104.267307255447804, 22.057827754975623 ], [ 104.27097324721295, 22.062675674561024 ], [ 104.271924005965843, 22.067814727863233 ], [ 104.270859463542067, 22.072918800970282 ], [ 104.272713538695584, 22.07524841188485 ], [ 104.271708289331698, 22.076374153388066 ], [ 104.272750958036241, 22.078041902052746 ], [ 104.275785995838405, 22.078919569787779 ], [ 104.274578119055775, 22.080161248209205 ], [ 104.278881057593864, 22.082338393157347 ], [ 104.27806452139167, 22.083160080858182 ], [ 104.279905285675198, 22.085048650481642 ], [ 104.280656472811586, 22.089075554932855 ], [ 104.284197486987566, 22.091543990416913 ], [ 104.28362939611462, 22.095673326514742 ], [ 104.281556757864792, 22.098738677459473 ], [ 104.285491880298835, 22.104913599193949 ], [ 104.291390751206308, 22.106348672267028 ] ] ] } },
{ "type": "Feature", "properties": { "xa": "Chiềng Ken", "hat_kl": "Hạt KL Văn Bàn", "che_phu": 75.0, "dt_rung": 15582.6, "DTBD": 19125.46 }, "geometry": { "type": "Polygon", "coordinates": [ [ [ 104.321221544423182, 22.128038487898205 ], [ 104.324739039124893, 22.127113732599113 ], [ 104.325647643579785, 22.122216280560764 ], [ 104.326967536873227, 22.121741031068936 ], [ 104.329109705275826, 22.117343844773469 ], [ 104.331522246307472, 22.116301475673925 ], [ 104.334854924328056, 22.117266066381507 ], [ 104.337665352834293, 22.115710447517124 ], [ 104.339745458068222, 22.111378435514883 ], [ 104.339082624596159, 22.110227948332998 ], [ 104.344604358722123, 22.108345556197893 ], [ 104.352247087147475, 22.10950404339836 ], [ 104.354141190690882, 22.106720038758578 ], [ 104.356311763007952, 22.106893994382787 ], [ 104.360909029454859, 22.101185361900324 ], [ 104.361257145881623, 22.09475069216883 ], [ 104.364827679257317, 22.092775794478477 ], [ 104.36630381018189, 22.089886968717472 ], [ 104.37796743657897, 22.082957736086346 ], [ 104.379742147291608, 22.078246415752606 ], [ 104.380133460870709, 22.071426212146683 ], [ 104.377728389141268, 22.067156986897874 ], [ 104.380264353798665, 22.065919524844634 ], [ 104.387285284627524, 22.065632858359024 ], [ 104.385704201000152, 22.063614012395668 ], [ 104.388774453151569, 22.06124728711259 ], [ 104.38898047564453, 22.058792381964558 ], [ 104.392182681737793, 22.054285725583686 ], [ 104.393339776349848, 22.048459269566901 ], [ 104.397479387364626, 22.048260595794705 ], [ 104.401588973004138, 22.045126350655622 ], [ 104.40217253876348, 22.042249900277923 ], [ 104.408746448122542, 22.032055781675503 ], [ 104.412356148372751, 22.032026411758423 ], [ 104.414289643430109, 22.029628480173667 ], [ 104.416957742490638, 22.018271783960941 ], [ 104.419359673609904, 22.013997572346977 ], [ 104.417349985043799, 22.010241886210689 ], [ 104.42183091163264, 22.004081754562069 ], [ 104.421025266281646, 22.001741267649802 ], [ 104.422424864308326, 21.991238099766182 ], [ 104.426417394013029, 21.988871741047372 ], [ 104.425761795021302, 21.987028228359726 ], [ 104.42924678972426, 21.9828173099305 ], [ 104.429049386365136, 21.976031677287448 ], [ 104.430374892998771, 21.971510852584576 ], [ 104.428251208638756, 21.965833538907557 ], [ 104.429875916547175, 21.960364863992556 ], [ 104.428530602017446, 21.955395353642505 ], [ 104.431428912484876, 21.950653858140768 ], [ 104.432511527351878, 21.945938614070826 ], [ 104.430928737199793, 21.94476194850262 ], [ 104.428542057399312, 21.936774032620669 ], [ 104.423696294660658, 21.934263561295538 ], [ 104.421110229249209, 21.931107189295417 ], [ 104.415360881408745, 21.929745956336689 ], [ 104.40511114331089, 21.919791982026489 ], [ 104.395937991746976, 21.919652729591334 ], [ 104.395329711888365, 21.917393091364456 ], [ 104.386804771892955, 21.911180618139507 ], [ 104.385505607771407, 21.898872090112629 ], [ 104.37295945121717, 21.887584871952672 ], [ 104.362776467159605, 21.884071957089205 ], [ 104.361359697380564, 21.879979074851818 ], [ 104.353700599530086, 21.875035019723569 ], [ 104.353764211642869, 21.8765986816842 ], [ 104.350801412295098, 21.879702558727043 ], [ 104.341400056716438, 21.883666262147365 ], [ 104.337158846196701, 21.887382049210494 ], [ 104.338569697336311, 21.892713199545252 ], [ 104.330357281911759, 21.89881479608152 ], [ 104.329233434370636, 21.908319735644156 ], [ 104.325985095490481, 21.909847258765513 ], [ 104.324959862422176, 21.912703726222404 ], [ 104.325484603809699, 21.9187964980324 ], [ 104.330574568612661, 21.920433837112405 ], [ 104.331682593899913, 21.925632298955431 ], [ 104.328767960945427, 21.927021266469733 ], [ 104.329217770693162, 21.928246047007548 ], [ 104.331751613412592, 21.929905512599753 ], [ 104.33313867491654, 21.933830734446897 ], [ 104.337876970114777, 21.938734124523776 ], [ 104.339127136280865, 21.941737166423639 ], [ 104.344171524519922, 21.946269121785409 ], [ 104.3481975095373, 21.954392728890685 ], [ 104.346046230240219, 21.958494929222983 ], [ 104.349522904473034, 21.963359923939606 ], [ 104.349266076490821, 21.969798413779763 ], [ 104.350150875581278, 21.972781417752095 ], [ 104.3519028878478, 21.973353774191214 ], [ 104.352414840879376, 21.980620351213105 ], [ 104.351417326274699, 21.983153960643758 ], [ 104.352362033605758, 21.988348972692322 ], [ 104.345898901014195, 22.003335179895252 ], [ 104.346106398870631, 22.004995994963085 ], [ 104.34907158273532, 22.007256057488693 ], [ 104.34837330849021, 22.009440479397437 ], [ 104.349651723739342, 22.012297271745428 ], [ 104.345363790890303, 22.017566237547499 ], [ 104.345806809135539, 22.020272782022168 ], [ 104.343825298442468, 22.024445682745984 ], [ 104.344685832341852, 22.026870840844595 ], [ 104.338403758838169, 22.030564590671922 ], [ 104.3380337254696, 22.032503217878467 ], [ 104.33345455206414, 22.035572077270096 ], [ 104.33286231010689, 22.03724396144391 ], [ 104.325562680411991, 22.036217362323704 ], [ 104.322287804656867, 22.037720114298534 ], [ 104.320696328708834, 22.036408795726885 ], [ 104.319340808718195, 22.03719758628495 ], [ 104.317597894339926, 22.035299503246119 ], [ 104.317746455958172, 22.056936876269212 ], [ 104.323417198813871, 22.059038067383888 ], [ 104.324418874030485, 22.060645510260656 ], [ 104.321748039084369, 22.060051394944413 ], [ 104.320803281780812, 22.061329879191131 ], [ 104.318857339665854, 22.060303013288532 ], [ 104.315545742139548, 22.062488132659702 ], [ 104.316629146728303, 22.064757135689405 ], [ 104.320981305236046, 22.067322573876417 ], [ 104.319175752923769, 22.070523520373111 ], [ 104.31847417587602, 22.07755731550608 ], [ 104.311114426908773, 22.083910624322506 ], [ 104.310316641965855, 22.088341288223539 ], [ 104.307210745271433, 22.093610706078159 ], [ 104.300957348776763, 22.092816748174858 ], [ 104.298227399773225, 22.095597911747372 ], [ 104.296823893561537, 22.101273090112215 ], [ 104.292608176487974, 22.103433349621831 ], [ 104.291230121911155, 22.107017551393341 ], [ 104.283556407353984, 22.108797439979327 ], [ 104.285724338672068, 22.110497395715814 ], [ 104.281602068021698, 22.115514219780724 ], [ 104.287357144256632, 22.113877666439571 ], [ 104.294605863639219, 22.119104826779058 ], [ 104.297187501103579, 22.12295791713569 ], [ 104.302828966845624, 22.12373166461817 ], [ 104.307736406469459, 22.126900842178159 ], [ 104.321221544423182, 22.128038487898205 ] ] ] } },
{ "type": "Feature", "properties": { "xa": "Nậm Xé", "hat_kl": "Hạt KL KBT Hoàng Liên - Văn Bàn", "che_phu": 88.7, "dt_rung": 15237.3, "DTBD": 17093.73 }, "geometry": { "type": "Polygon", "coordinates": [ [ [ 103.969021398912204, 22.15124703213727 ], [ 103.974543480922975, 22.150037557572162 ], [ 103.977416872319566, 22.144605500264746 ], [ 103.983498944894848, 22.143452099713663 ], [ 103.984855792238761, 22.140933264424174 ], [ 103.987911231258579, 22.139500047309621 ], [ 103.993912783636233, 22.140499811353383 ], [ 104.000974599568863, 22.13847146258296 ], [ 103.99730679231331, 22.130317300906835 ], [ 103.994536712495545, 22.128208544562256 ], [ 103.992546975645553, 22.123675689302367 ], [ 103.993189547421224, 22.118859349570943 ], [ 103.998024831340956, 22.116495550780094 ], [ 104.000758301615505, 22.111431123735958 ], [ 104.009533980179725, 22.110733289582846 ], [ 104.010302207207346, 22.108570988921425 ], [ 104.009093987619991, 22.105198486786495 ], [ 104.014551460377177, 22.100639332742496 ], [ 104.022299380242345, 22.101028226751282 ], [ 104.024169768620794, 22.098367624868391 ], [ 104.026869671264208, 22.098154805807447 ], [ 104.02669621633207, 22.094918402741548 ], [ 104.033892268599459, 22.093038437477855 ], [ 104.035802849169457, 22.088834871586876 ], [ 104.043989219636941, 22.086587948371243 ], [ 104.044602706078521, 22.075879091470902 ], [ 104.04951008500079, 22.066304117504018 ], [ 104.048776114272471, 22.064619337570399 ], [ 104.039611743223915, 22.059957478727036 ], [ 104.039907464643804, 22.056072126278863 ], [ 104.042467428706772, 22.05496161043105 ], [ 104.04408567446977, 22.050118673116295 ], [ 104.046379423158399, 22.050114368842859 ], [ 104.049124188493252, 22.045145889390774 ], [ 104.048388657944372, 22.043288148626836 ], [ 104.044702823049207, 22.040575639825132 ], [ 104.042364789351723, 22.041821815422946 ], [ 104.03868512200961, 22.039689645919314 ], [ 104.037468775887334, 22.037253839960616 ], [ 104.033738520492264, 22.034548122315801 ], [ 104.033154131213777, 22.031734647025011 ], [ 104.039138420834789, 22.028371976053734 ], [ 104.036073565332131, 22.026487982406941 ], [ 104.036137411090138, 22.02377957290253 ], [ 104.034618870533265, 22.022031973468554 ], [ 104.031837813844589, 22.021704614290346 ], [ 104.032192940122627, 22.019063501993394 ], [ 104.025943829941568, 22.020377710845185 ], [ 104.023612238871948, 22.018761617665614 ], [ 104.020430370314941, 22.018682277604832 ], [ 104.018533500177725, 22.014984244609813 ], [ 104.023826871387641, 22.009847441046738 ], [ 104.024926248084029, 22.005370670213484 ], [ 104.028036347238071, 22.003882024135613 ], [ 104.033941234097696, 22.005144313151323 ], [ 104.040899402736329, 21.999039522956362 ], [ 104.039308953381664, 21.991936935556769 ], [ 104.039923031188778, 21.988509103804738 ], [ 104.047910995250049, 21.978685947472581 ], [ 104.056302664251902, 21.972832132378269 ], [ 104.060282804924668, 21.972060818143511 ], [ 104.059148179283071, 21.969980256911189 ], [ 104.062940448365524, 21.969759546506268 ], [ 104.057468149393273, 21.965488246421874 ], [ 104.057168607175868, 21.960870098526083 ], [ 104.05408857905212, 21.961687338372929 ], [ 104.052777330872516, 21.959408558070233 ], [ 104.048568217830677, 21.960658200523863 ], [ 104.048978919115129, 21.963224977288561 ], [ 104.046304546603167, 21.964460872218226 ], [ 104.040544477712118, 21.963457711373934 ], [ 104.038049760503981, 21.95932451423354 ], [ 104.036545200085328, 21.959539436213319 ], [ 104.033486547788684, 21.955941905029615 ], [ 104.034236703956765, 21.953809420500598 ], [ 104.032505628524476, 21.950633729610789 ], [ 104.03367198804564, 21.950021881230697 ], [ 104.033415149902538, 21.945925632282567 ], [ 104.030582575256844, 21.943259093722826 ], [ 104.028276440447272, 21.944025956989101 ], [ 104.020346694556395, 21.940942649366029 ], [ 104.014165097714852, 21.935710005168605 ], [ 104.014615269131539, 21.93447724213911 ], [ 104.01148471257396, 21.93425548488494 ], [ 104.002641109443317, 21.937442531838702 ], [ 103.992882192478348, 21.942902957041962 ], [ 103.994874807342612, 21.943809936203884 ], [ 103.995364195168023, 21.949363149020758 ], [ 103.997036934849902, 21.950347297616002 ], [ 103.992799159022596, 21.961597355546353 ], [ 103.99101795920005, 21.96400773366204 ], [ 103.983273895015046, 21.968441826057134 ], [ 103.981417953549581, 21.971830560154974 ], [ 103.973874709173714, 21.975883644387132 ], [ 103.972116411343691, 21.979046128362025 ], [ 103.972576330956116, 21.981629007652689 ], [ 103.967236756532472, 21.989232009553373 ], [ 103.956477031588093, 21.998034407959018 ], [ 103.956591967700149, 22.001083922640035 ], [ 103.960932673326809, 22.003759881701988 ], [ 103.965764613458461, 22.013416458200805 ], [ 103.960864689984888, 22.019451384953392 ], [ 103.955020807221985, 22.023231889684119 ], [ 103.953017480978346, 22.026082804249686 ], [ 103.955977597077464, 22.03091046799301 ], [ 103.955535914432033, 22.038336066638781 ], [ 103.957253255907062, 22.041462692805233 ], [ 103.956162886915479, 22.045295591961469 ], [ 103.957449746525654, 22.048918470851593 ], [ 103.95463909424511, 22.053430563012192 ], [ 103.955297165988355, 22.054235099109295 ], [ 103.951699976218009, 22.065864684454102 ], [ 103.94784458881557, 22.069036997679088 ], [ 103.94696699498985, 22.073486961811273 ], [ 103.943479849993878, 22.075248855020796 ], [ 103.942620368105722, 22.080043416453563 ], [ 103.938542337192601, 22.081935759389893 ], [ 103.938315673217744, 22.087991016763354 ], [ 103.941843149612723, 22.092591442541874 ], [ 103.944118524032405, 22.098566398271302 ], [ 103.943217679591029, 22.101780563330099 ], [ 103.944573063507008, 22.105749664449451 ], [ 103.942566073078623, 22.111649461872343 ], [ 103.938662296590337, 22.116261819732767 ], [ 103.936310072699058, 22.122424508884393 ], [ 103.936467751812216, 22.123813105297348 ], [ 103.939040683865841, 22.124496465590553 ], [ 103.939612360076296, 22.126481633419502 ], [ 103.937344968380188, 22.129709820088859 ], [ 103.939018223043377, 22.13341737273576 ], [ 103.938296689450993, 22.138263576568189 ], [ 103.944573288197589, 22.145910424924597 ], [ 103.950312454852948, 22.143112282596668 ], [ 103.956635994780271, 22.146171017333202 ], [ 103.960348000340403, 22.145003421175364 ], [ 103.963076860317756, 22.147968069168119 ], [ 103.969021398912204, 22.15124703213727 ] ] ] } },
{ "type": "Feature", "properties": { "xa": "Nậm Chày", "hat_kl": "Hạt KL Văn Bàn", "che_phu": 65.2, "dt_rung": 9473.1, "DTBD": 14213.59 }, "geometry": { "type": "Polygon", "coordinates": [ [ [ 104.043082419011654, 22.172035142535655 ], [ 104.048409395538187, 22.170469205603275 ], [ 104.059265732497011, 22.170457591861322 ], [ 104.06722592139954, 22.166166694009263 ], [ 104.071991581026722, 22.168188814610627 ], [ 104.082520836687223, 22.167764176989824 ], [ 104.088465722112645, 22.165935190590428 ], [ 104.099015133059567, 22.159276881411142 ], [ 104.104043380599805, 22.153913309787072 ], [ 104.110069242489928, 22.151741819331853 ], [ 104.111407627390264, 22.149359270793369 ], [ 104.114863005533621, 22.149351989113427 ], [ 104.123696357324107, 22.144165118826063 ], [ 104.126490401543208, 22.14119592329353 ], [ 104.127479587121215, 22.137914902622494 ], [ 104.131347944306341, 22.138419926391581 ], [ 104.133881064279961, 22.136672004410276 ], [ 104.137494668555249, 22.1391687842317 ], [ 104.140575426367917, 22.136884180094356 ], [ 104.150027134553056, 22.13374611090439 ], [ 104.152422011837118, 22.136178834089016 ], [ 104.154102856944434, 22.145440624684589 ], [ 104.157199021436099, 22.145096970247153 ], [ 104.159238225923886, 22.144135568931979 ], [ 104.163107554066087, 22.138490003248798 ], [ 104.167668329748466, 22.126520473398319 ], [ 104.172382060731451, 22.138375972743557 ], [ 104.171729254195171, 22.142340981291177 ], [ 104.174807404480518, 22.143852973151532 ], [ 104.186141662037642, 22.140774074403371 ], [ 104.187246877808292, 22.137465701257771 ], [ 104.184108139502442, 22.12961926262933 ], [ 104.195238749228508, 22.113637820703719 ], [ 104.203495185895548, 22.104819495252098 ], [ 104.198255124639729, 22.099641562897631 ], [ 104.191870271757409, 22.102143096357242 ], [ 104.183763374158502, 22.101720709907603 ], [ 104.177399088678129, 22.106918807437559 ], [ 104.17342897469014, 22.107649307277658 ], [ 104.168519693549328, 22.105367271463631 ], [ 104.164747056032112, 22.108035869200581 ], [ 104.16149131166614, 22.107258758666426 ], [ 104.15927209274416, 22.101284037458441 ], [ 104.160496218971275, 22.093729947465018 ], [ 104.158685352476425, 22.09146933623942 ], [ 104.151047665948568, 22.094995311804311 ], [ 104.147093495420904, 22.095011299752212 ], [ 104.151910370271878, 22.089636953414793 ], [ 104.155727542868931, 22.087888115290959 ], [ 104.154224510567929, 22.085555871226752 ], [ 104.155337828620034, 22.083341165989712 ], [ 104.151127819736416, 22.077989202932322 ], [ 104.161001699913285, 22.074197342612869 ], [ 104.149348175424393, 22.071518769077787 ], [ 104.143500169281779, 22.07223451937654 ], [ 104.141928315415001, 22.075473052836223 ], [ 104.143659331121583, 22.082392602761139 ], [ 104.140676803451939, 22.089380881137398 ], [ 104.141313552449546, 22.090111999794463 ], [ 104.134325547766267, 22.092891081441717 ], [ 104.125970736951714, 22.09434307877185 ], [ 104.122746292236513, 22.092241500340862 ], [ 104.123546994894326, 22.088741466552371 ], [ 104.121458536779329, 22.079985168118739 ], [ 104.117471722021833, 22.074828298979256 ], [ 104.114196230519383, 22.064899728044956 ], [ 104.11472162708705, 22.062892817377492 ], [ 104.111044384398909, 22.060239696659128 ], [ 104.110686522801615, 22.066715908754496 ], [ 104.103649073432237, 22.070356275313593 ], [ 104.098872655969942, 22.075115486232999 ], [ 104.098780597362975, 22.077801598996668 ], [ 104.10148006722504, 22.079447821775936 ], [ 104.098209607093281, 22.083241731221719 ], [ 104.095484879573263, 22.081770562306058 ], [ 104.085782772447971, 22.081703894182077 ], [ 104.077864454040679, 22.079241739616791 ], [ 104.070768323327357, 22.072216095829283 ], [ 104.071055347131733, 22.069879518346109 ], [ 104.066163467139901, 22.066780079871723 ], [ 104.062825127335955, 22.067329558765987 ], [ 104.055458280972843, 22.065201551305876 ], [ 104.049511023875127, 22.065798998574095 ], [ 104.044602706078521, 22.075879091470902 ], [ 104.043989219636941, 22.086587948371243 ], [ 104.035802849169457, 22.088834871586876 ], [ 104.033892268599459, 22.093038437477855 ], [ 104.02669621633207, 22.094918402741548 ], [ 104.026869671264208, 22.098154805807447 ], [ 104.024169768620794, 22.098367624868391 ], [ 104.022299380242345, 22.101028226751282 ], [ 104.014551460377177, 22.100639332742496 ], [ 104.009093987619991, 22.105198486786495 ], [ 104.010302207207346, 22.108570988921425 ], [ 104.009533980179725, 22.110733289582846 ], [ 104.000758301615505, 22.111431123735958 ], [ 103.998024831340956, 22.116495550780094 ], [ 103.993189547421224, 22.118859349570943 ], [ 103.992220733888772, 22.121804085402747 ], [ 103.994536712495545, 22.128208544562256 ], [ 103.99730679231331, 22.130317300906835 ], [ 104.000974599568863, 22.13847146258296 ], [ 104.003475432506775, 22.139761288243772 ], [ 104.009305965593384, 22.13758325082194 ], [ 104.012558424722755, 22.140718715382746 ], [ 104.021522252053245, 22.143516121524758 ], [ 104.02377220854838, 22.148071112800054 ], [ 104.02579120707783, 22.14913394151484 ], [ 104.032209538554525, 22.158283212762075 ], [ 104.037034575805365, 22.168643138320292 ], [ 104.043082419011654, 22.172035142535655 ] ] ] } },
{ "type": "Feature", "properties": { "xa": "Khánh Hòa", "hat_kl": "Hạt KL Bảo Yên", "che_phu": 76.0, "dt_rung": 12501.0, "DTBD": 14975.83 }, "geometry": { "type": "Polygon", "coordinates": [ [ [ 104.600009494060274, 22.182806456418 ], [ 104.603405559805225, 22.175345221718629 ], [ 104.609261928102839, 22.176681203071269 ], [ 104.615316958665531, 22.175523579348887 ], [ 104.618943833611397, 22.178162796084745 ], [ 104.624630771451066, 22.172491844028045 ], [ 104.6402474840623, 22.164354883054173 ], [ 104.642801327341587, 22.162140109771766 ], [ 104.643085226321347, 22.154574065909241 ], [ 104.64497504699122, 22.152946874153567 ], [ 104.648402200241648, 22.154057778945418 ], [ 104.657091037067275, 22.150623768282092 ], [ 104.673571557198116, 22.149658429700441 ], [ 104.673914212699984, 22.147449879553864 ], [ 104.671578420493503, 22.14593803537916 ], [ 104.671980717126999, 22.144089431744764 ], [ 104.686511948003186, 22.131347692548481 ], [ 104.694906289056817, 22.127192790969939 ], [ 104.69811973511095, 22.121473034651348 ], [ 104.701175128600596, 22.11882432688099 ], [ 104.698251766692792, 22.113747842209659 ], [ 104.698208510732925, 22.106384038842894 ], [ 104.696484489907732, 22.102641344113213 ], [ 104.697482113144005, 22.099716813417512 ], [ 104.700029058025379, 22.098581954513673 ], [ 104.704216920731554, 22.10149945577561 ], [ 104.70692954616257, 22.101741070860182 ], [ 104.71100027772124, 22.095462197279872 ], [ 104.710918925319234, 22.088915568404563 ], [ 104.713023289133361, 22.085466450138 ], [ 104.716308180493982, 22.083187350689574 ], [ 104.726558186685736, 22.080350261492921 ], [ 104.732690168797646, 22.070167468216486 ], [ 104.736383287092721, 22.066984910956386 ], [ 104.736434502384469, 22.063370557301859 ], [ 104.732307101226596, 22.060252283990959 ], [ 104.728897347207649, 22.05323892771948 ], [ 104.726428448519201, 22.055097795730134 ], [ 104.727717816318659, 22.056494298762349 ], [ 104.723969565668469, 22.057465391099083 ], [ 104.718419646574446, 22.061188782678837 ], [ 104.717826032003444, 22.063123285704293 ], [ 104.716031968979905, 22.063013186504172 ], [ 104.712971305862311, 22.068882127424196 ], [ 104.711032733649049, 22.067939567598756 ], [ 104.709625304484646, 22.068949887700331 ], [ 104.708845822441148, 22.067731029328037 ], [ 104.707803951031039, 22.068496662829773 ], [ 104.704172451001682, 22.065997663674668 ], [ 104.703929259475899, 22.066841439007508 ], [ 104.700895138814417, 22.066279860946867 ], [ 104.696197430646805, 22.07188570124795 ], [ 104.689198656658974, 22.072974564847755 ], [ 104.685683732150096, 22.071791136438787 ], [ 104.686773545845455, 22.069002173641348 ], [ 104.692686014205648, 22.065767525928557 ], [ 104.695837992713109, 22.060024355415567 ], [ 104.685970720535735, 22.054209439194423 ], [ 104.685849682057054, 22.050397955039976 ], [ 104.684625920933897, 22.047451735018925 ], [ 104.683584973294415, 22.047523661234511 ], [ 104.681490469073367, 22.050708961840964 ], [ 104.67340303359623, 22.057215797344917 ], [ 104.671256036048888, 22.056365515308865 ], [ 104.666754433341183, 22.058398611417648 ], [ 104.662882164356816, 22.058291917375488 ], [ 104.662836449741278, 22.059843922669454 ], [ 104.65621627127463, 22.06565504224324 ], [ 104.654369639827792, 22.069391791772635 ], [ 104.648823783809391, 22.071413389217344 ], [ 104.645991492170353, 22.077788702887371 ], [ 104.642936220037114, 22.080603660854251 ], [ 104.637164094062499, 22.076369103089547 ], [ 104.636796283766756, 22.065012519733248 ], [ 104.634506924626834, 22.065391520754329 ], [ 104.628318203071728, 22.063254172246832 ], [ 104.624539923988664, 22.06500755591664 ], [ 104.622961234429013, 22.06248781599788 ], [ 104.618313173567813, 22.060486394129388 ], [ 104.615774330140795, 22.061082870184109 ], [ 104.610804822921324, 22.05612458585345 ], [ 104.610491900599555, 22.050562070470132 ], [ 104.61190770846828, 22.044647331156987 ], [ 104.609592625626604, 22.04259432318019 ], [ 104.607122532974714, 22.042059940739279 ], [ 104.605726867808158, 22.040072255075501 ], [ 104.596249529051775, 22.04469000781426 ], [ 104.591712371788915, 22.044966665140798 ], [ 104.590206586084989, 22.051055181038819 ], [ 104.58545506444726, 22.051946882418235 ], [ 104.584271696310452, 22.05336178734105 ], [ 104.581757526892574, 22.064785906459349 ], [ 104.573505785919863, 22.071094143153118 ], [ 104.572703004781445, 22.074333972072271 ], [ 104.568631037736679, 22.0781142777345 ], [ 104.563189608880307, 22.080166947511895 ], [ 104.562528032006824, 22.086322089381063 ], [ 104.565987523424553, 22.089615730769552 ], [ 104.565834775934036, 22.092466255850994 ], [ 104.568428835575503, 22.096049981922821 ], [ 104.572176575033325, 22.098376620283222 ], [ 104.570354528745369, 22.10296510977129 ], [ 104.573632467406753, 22.106491426688592 ], [ 104.574846408309739, 22.110278301316878 ], [ 104.580809676969821, 22.112715210838839 ], [ 104.583724586430193, 22.112213148367978 ], [ 104.579232273837192, 22.117065516710557 ], [ 104.57847800074174, 22.121759786932859 ], [ 104.581243765847759, 22.128067091580416 ], [ 104.58153731091609, 22.134983983399231 ], [ 104.580034804482878, 22.138935068947617 ], [ 104.585359830433902, 22.143518616327142 ], [ 104.583062601157096, 22.151521359795584 ], [ 104.580812526292618, 22.154654669112123 ], [ 104.589230488333243, 22.159412053362672 ], [ 104.583378674552364, 22.16790473314428 ], [ 104.58316927194285, 22.176909921605429 ], [ 104.588576664316506, 22.179654494984689 ], [ 104.590459922409707, 22.182115765734224 ], [ 104.592420384422553, 22.180538303852703 ], [ 104.600009494060274, 22.182806456418 ] ], [ [ 104.636187459097258, 22.107017529987118 ], [ 104.636187468153565, 22.107006240278817 ], [ 104.636193472935275, 22.1070118441598 ], [ 104.636187459097258, 22.107017529987118 ] ] ] } },
{ "type": "Feature", "properties": { "xa": "Mường Lai", "hat_kl": "Hạt KL Lục Yên", "che_phu": 60.2, "dt_rung": 9196.4, "DTBD": 14384.4 }, "geometry": { "type": "Polygon", "coordinates": [ [ [ 104.81754807642946, 22.185749810792931 ], [ 104.827357368347393, 22.181471830550972 ], [ 104.829946495188722, 22.177519573855808 ], [ 104.834619012369785, 22.181100630616569 ], [ 104.83895262285705, 22.179728755779305 ], [ 104.845567733489503, 22.184968810448716 ], [ 104.849014526132038, 22.184869751507868 ], [ 104.848328585829222, 22.182192090124779 ], [ 104.85114507265267, 22.177901304788836 ], [ 104.850367444185281, 22.176252778363637 ], [ 104.852278095657937, 22.171598819561272 ], [ 104.855483052425484, 22.170386980134154 ], [ 104.855750626122699, 22.168626798483732 ], [ 104.853759449378188, 22.165218427875242 ], [ 104.854878130790965, 22.161572332618057 ], [ 104.853755640315825, 22.157249207083144 ], [ 104.858839994768488, 22.152788829212806 ], [ 104.859474428595789, 22.148098320224566 ], [ 104.862245017167382, 22.147722884990316 ], [ 104.862005548324319, 22.144784215355777 ], [ 104.863455467886951, 22.142169159353429 ], [ 104.859528081477251, 22.135363900027428 ], [ 104.861657784719441, 22.132358589468293 ], [ 104.859247648945512, 22.128481265910253 ], [ 104.860354190637295, 22.122117923017221 ], [ 104.863490186455508, 22.11858453685895 ], [ 104.863287751003256, 22.115256744498598 ], [ 104.865030268672342, 22.1121709080311 ], [ 104.864759256874876, 22.096591378207517 ], [ 104.871468610267783, 22.091840236030187 ], [ 104.871211451086609, 22.086335641436833 ], [ 104.873276491535137, 22.084652016097674 ], [ 104.873846514477989, 22.079547987890518 ], [ 104.881166142130979, 22.074722911590939 ], [ 104.881803543480501, 22.072300611172466 ], [ 104.873328235459184, 22.061312884824829 ], [ 104.874472150369684, 22.054229624014859 ], [ 104.877797325770899, 22.047097244166054 ], [ 104.871352462457892, 22.045146213826232 ], [ 104.871306941080888, 22.041297419205637 ], [ 104.861492107747466, 22.035333351435174 ], [ 104.866321925553621, 22.023736611128658 ], [ 104.870200655704565, 22.020038966325643 ], [ 104.870265707400861, 22.004838545266622 ], [ 104.868818422798469, 21.996594751746983 ], [ 104.874157157738637, 21.981741181287763 ], [ 104.868103563551287, 21.981477492559819 ], [ 104.865578615966271, 21.976832010501269 ], [ 104.867514423532981, 21.976448676193133 ], [ 104.864321077427604, 21.972432179997931 ], [ 104.867637336398147, 21.959318280358531 ], [ 104.859509706816567, 21.953521332556381 ], [ 104.863163229817374, 21.940240176895291 ], [ 104.851100601109479, 21.948251796206051 ], [ 104.848416445569256, 21.94792375990982 ], [ 104.844633041011548, 21.940837614684888 ], [ 104.846039269676481, 21.931539567071944 ], [ 104.838769736337539, 21.931082390720206 ], [ 104.840320624609674, 21.934435657507755 ], [ 104.837674713265173, 21.938393361481342 ], [ 104.839756520805054, 21.948146479697076 ], [ 104.835673191701517, 21.950851922587134 ], [ 104.837322155500416, 21.953806578311962 ], [ 104.838519130388562, 21.961767954658832 ], [ 104.834353471314998, 21.96512469851676 ], [ 104.831199990171584, 21.963065742741673 ], [ 104.826787516965325, 21.964113492845318 ], [ 104.826474318365442, 21.967254855380787 ], [ 104.828317161409004, 21.969545929359398 ], [ 104.828728649588214, 21.973336161510527 ], [ 104.827141243843144, 21.97598064977069 ], [ 104.82123900601745, 21.978760814594661 ], [ 104.823365685585344, 21.981874534671757 ], [ 104.82136828276775, 21.985151652568856 ], [ 104.821080387519658, 21.989843223062447 ], [ 104.814776189318735, 21.99339654745398 ], [ 104.814903450151633, 21.996173265645471 ], [ 104.809304443342683, 21.999886865057892 ], [ 104.809879202418273, 22.006682795948716 ], [ 104.812955736204913, 22.007809816718588 ], [ 104.812910305502498, 22.011967573237168 ], [ 104.808186399586262, 22.015081254037671 ], [ 104.806634509664775, 22.019521418358028 ], [ 104.803686195966023, 22.020146694302188 ], [ 104.800392009984776, 22.023129524124819 ], [ 104.801924552329041, 22.025557264563535 ], [ 104.8031849151497, 22.033358496682986 ], [ 104.80138715310423, 22.035024997623943 ], [ 104.801122262327894, 22.04193959959391 ], [ 104.79851842096096, 22.047877388645897 ], [ 104.806052768950039, 22.051076680532702 ], [ 104.804305009934509, 22.055547940639965 ], [ 104.808315092555972, 22.054011780362245 ], [ 104.816510101426275, 22.061571371139618 ], [ 104.815791766731721, 22.065402872776875 ], [ 104.819143530701353, 22.0688937353619 ], [ 104.818541733617607, 22.071177594171882 ], [ 104.821542958642738, 22.072826873627442 ], [ 104.819506820069137, 22.075271490141432 ], [ 104.818478607072961, 22.080331274109614 ], [ 104.821241342444338, 22.083716840649885 ], [ 104.818515792390073, 22.08810917803762 ], [ 104.826289355233641, 22.09287416225466 ], [ 104.827554570832234, 22.095534874781222 ], [ 104.823867350081755, 22.102514903739266 ], [ 104.820515515268156, 22.104421188018353 ], [ 104.826819398531725, 22.113135635547422 ], [ 104.822173920046779, 22.111981055469908 ], [ 104.822287781067018, 22.11021375772529 ], [ 104.820972124189311, 22.110249558662769 ], [ 104.817736219291874, 22.11181776518697 ], [ 104.811338180419312, 22.118381153280634 ], [ 104.807825257551599, 22.125931093710697 ], [ 104.80785435848216, 22.134287805731343 ], [ 104.803473957815015, 22.139289366509242 ], [ 104.803698639521841, 22.148131818944332 ], [ 104.801135586161053, 22.150198923132599 ], [ 104.80086960503634, 22.15279102334603 ], [ 104.79356984350747, 22.156567858500519 ], [ 104.790702616477333, 22.160310624324463 ], [ 104.780907317964946, 22.163999976762035 ], [ 104.78005752003088, 22.165755540771446 ], [ 104.779669139220772, 22.170650079563899 ], [ 104.787214032096074, 22.172663054372538 ], [ 104.78928833146287, 22.17454396281579 ], [ 104.791723944337193, 22.173931278391965 ], [ 104.793779429355325, 22.171169112992501 ], [ 104.796064059344374, 22.171673446161105 ], [ 104.799757671926216, 22.170011970301505 ], [ 104.801703663721241, 22.171758549089684 ], [ 104.805350871888962, 22.171113661068262 ], [ 104.812513052230884, 22.172523720670018 ], [ 104.813965197066963, 22.173892725254181 ], [ 104.814372389341855, 22.176909967218904 ], [ 104.819028765487758, 22.180057866744093 ], [ 104.81754807642946, 22.185749810792931 ] ], [ [ 104.838510154079998, 22.067700240449888 ], [ 104.83851014704895, 22.067688950678626 ], [ 104.838516158207327, 22.067694637472609 ], [ 104.838510154079998, 22.067700240449888 ] ] ] } },
{ "type": "Feature", "properties": { "xa": "Lục Yên", "hat_kl": "Hạt KL Lục Yên", "che_phu": 53.2, "dt_rung": 4621.3, "DTBD": 7993.11 }, "geometry": { "type": "Polygon", "coordinates": [ [ [ 104.746667608672908, 22.186918217392808 ], [ 104.754970588484539, 22.185677942332017 ], [ 104.758249338241569, 22.179494616167428 ], [ 104.755071539050618, 22.180194342118561 ], [ 104.753728202414251, 22.178234046963766 ], [ 104.755862455519804, 22.175432167697359 ], [ 104.757186784699428, 22.175412425444584 ], [ 104.758093229220663, 22.173052035707627 ], [ 104.76127243307225, 22.17271144136274 ], [ 104.761115868068487, 22.169521179902819 ], [ 104.763560498522864, 22.167520379148513 ], [ 104.76401640319331, 22.171162921759077 ], [ 104.766848270685088, 22.172126066235336 ], [ 104.770055884116843, 22.171383115431432 ], [ 104.777344840457218, 22.174723788052127 ], [ 104.780185024368365, 22.169826202183593 ], [ 104.780907317964946, 22.163999976762035 ], [ 104.790702616477333, 22.160310624324463 ], [ 104.79356984350747, 22.156567858500519 ], [ 104.79918723653806, 22.154461687147183 ], [ 104.80086960503634, 22.15279102334603 ], [ 104.801135586161053, 22.150198923132599 ], [ 104.803698639521841, 22.148131818944332 ], [ 104.803473957815015, 22.139289366509242 ], [ 104.80785435848216, 22.134287805731343 ], [ 104.807825257551599, 22.125931093710697 ], [ 104.811338180419312, 22.118381153280634 ], [ 104.817736219291874, 22.11181776518697 ], [ 104.820972124189311, 22.110249558662769 ], [ 104.822287781067018, 22.11021375772529 ], [ 104.822173920046779, 22.111981055469908 ], [ 104.826819398531725, 22.113135635547422 ], [ 104.820515515268156, 22.104421188018353 ], [ 104.823867350081755, 22.102514903739266 ], [ 104.827554570832234, 22.095534874781222 ], [ 104.826289355233641, 22.09287416225466 ], [ 104.818515792390073, 22.08810917803762 ], [ 104.821241342444338, 22.083716840649885 ], [ 104.818478607072961, 22.080331274109614 ], [ 104.819506820069137, 22.075271490141432 ], [ 104.821542958642738, 22.072826873627442 ], [ 104.818541733617607, 22.071177594171882 ], [ 104.819143530701353, 22.0688937353619 ], [ 104.815791766731721, 22.065402872776875 ], [ 104.816510101426275, 22.061571371139618 ], [ 104.808315092555972, 22.054011780362245 ], [ 104.804305009934509, 22.055547940639965 ], [ 104.806164789700532, 22.051374692942137 ], [ 104.802489069129237, 22.04911081685988 ], [ 104.79851842096096, 22.047877388645897 ], [ 104.79772513308572, 22.050461362054445 ], [ 104.794770020354235, 22.052884537550181 ], [ 104.794205369041975, 22.058825654071661 ], [ 104.778977102054881, 22.070731476957498 ], [ 104.772229278238797, 22.07842881821033 ], [ 104.766348339797844, 22.078415332364674 ], [ 104.758417022553928, 22.082021524004855 ], [ 104.757650018469022, 22.087668971225234 ], [ 104.761897202614691, 22.091974900171472 ], [ 104.761713206587061, 22.093669550117347 ], [ 104.757252038195006, 22.097766090480309 ], [ 104.758952879200095, 22.099826609708202 ], [ 104.748890883953294, 22.106703384958294 ], [ 104.740584360307878, 22.116402526675756 ], [ 104.73861529859677, 22.120253187733329 ], [ 104.738624224003431, 22.124996040266751 ], [ 104.730853404411548, 22.13162038197467 ], [ 104.732524424904099, 22.135915620256839 ], [ 104.72974319326508, 22.139399928898762 ], [ 104.728761439791015, 22.148323347326865 ], [ 104.736028605476633, 22.150133459016374 ], [ 104.739872950720184, 22.153592264938855 ], [ 104.741500574777533, 22.149914273932698 ], [ 104.744701087927723, 22.150248854253931 ], [ 104.745079707685719, 22.152578511948757 ], [ 104.748727026141097, 22.156701747188549 ], [ 104.745388919406594, 22.160860255813017 ], [ 104.744604017305392, 22.166071716153979 ], [ 104.741927022511675, 22.171215168324927 ], [ 104.742047481791886, 22.174221469885016 ], [ 104.738816345229097, 22.176679892258427 ], [ 104.740642653323548, 22.184861646367967 ], [ 104.746667608672908, 22.186918217392808 ] ], [ [ 104.779143911306491, 22.118137365704204 ], [ 104.779143908984778, 22.118126075990297 ], [ 104.779149919892276, 22.118131674615306 ], [ 104.779143911306491, 22.118137365704204 ] ] ] } },
{ "type": "Feature", "properties": { "xa": "Lâm Giang", "hat_kl": "Hạt KL Bảo Yên", "che_phu": 47.6, "dt_rung": 9451.1, "DTBD": 17948.41 }, "geometry": { "type": "Polygon", "coordinates": [ [ [ 104.544081615964174, 22.016184359137519 ], [ 104.537265832721985, 22.013342366746532 ], [ 104.537191012490581, 22.013437103982831 ], [ 104.536697254172793, 22.014062639868818 ], [ 104.535689446068787, 22.015272224277087 ], [ 104.535403748201375, 22.015566017522872 ], [ 104.532273639753356, 22.017431209175058 ], [ 104.519422472901539, 22.020453928927942 ], [ 104.511903367648657, 22.020922225785306 ], [ 104.505494481657848, 22.023761425131607 ], [ 104.502239894693446, 22.035770377454874 ], [ 104.498592313021319, 22.042109656716953 ], [ 104.495895466417238, 22.044131595930214 ], [ 104.485992106474512, 22.045780576701926 ], [ 104.481779404745154, 22.047736877706839 ], [ 104.476854420287324, 22.061030994845854 ], [ 104.466753923194005, 22.068285287729179 ], [ 104.464987630808508, 22.076480693739406 ], [ 104.457285736706282, 22.084620574672659 ], [ 104.453385651175893, 22.087513270423731 ], [ 104.427689664361239, 22.09737963046253 ], [ 104.426112711679764, 22.099940067732096 ], [ 104.426862633122056, 22.108379674035522 ], [ 104.422696102799023, 22.112399687256364 ], [ 104.418178361554055, 22.112315880576944 ], [ 104.411946322998787, 22.109494073070046 ], [ 104.409503010002368, 22.110278727701697 ], [ 104.40446886010352, 22.121124298674225 ], [ 104.403165163519418, 22.129108580025559 ], [ 104.393747342096688, 22.139759800791861 ], [ 104.394704931258701, 22.142787391397889 ], [ 104.397922168919848, 22.144366680026145 ], [ 104.402386770657643, 22.149839209228738 ], [ 104.39953614547332, 22.152637155094013 ], [ 104.399474928257135, 22.156998297716409 ], [ 104.393485159142415, 22.160796107715107 ], [ 104.392379638058046, 22.162748395550821 ], [ 104.391831806328895, 22.159302722307565 ], [ 104.389249984236017, 22.169726262299818 ], [ 104.384214148021371, 22.176185444134703 ], [ 104.396693904284078, 22.177381934094676 ], [ 104.39947044598091, 22.184273517155184 ], [ 104.406995813032509, 22.187084717717777 ], [ 104.405395568521897, 22.187688623948159 ], [ 104.404492120179015, 22.191417021890263 ], [ 104.411317376622122, 22.193779295191721 ], [ 104.413720791444476, 22.199114168166695 ], [ 104.415333046208858, 22.200153320500178 ], [ 104.424158227677893, 22.199656690136347 ], [ 104.427540813037695, 22.196473740019691 ], [ 104.435314426950598, 22.193538145293584 ], [ 104.438811414591882, 22.186535712617566 ], [ 104.442319931230941, 22.184500059830484 ], [ 104.445886466074782, 22.184477945127156 ], [ 104.447674996767304, 22.186380891677729 ], [ 104.450204449159216, 22.184647523096874 ], [ 104.453466300989788, 22.185682734819448 ], [ 104.456403206353244, 22.181874364266172 ], [ 104.455511358577638, 22.178650815534457 ], [ 104.458061947350444, 22.176711618992332 ], [ 104.456433776538319, 22.174765450219954 ], [ 104.457542404875269, 22.173135789740542 ], [ 104.456690678933413, 22.171151275164636 ], [ 104.459060551206164, 22.167474770930809 ], [ 104.461322314184329, 22.168677018536524 ], [ 104.469104562593941, 22.162716363268675 ], [ 104.472304006287331, 22.161869797939175 ], [ 104.475109583214859, 22.15512185585489 ], [ 104.481190630742731, 22.151874813055688 ], [ 104.485532524901075, 22.143825841246205 ], [ 104.492594051583509, 22.141480046324784 ], [ 104.496206353548402, 22.137549515609781 ], [ 104.511314401982375, 22.127264160203985 ], [ 104.514519760004617, 22.126952976025034 ], [ 104.521125974849483, 22.123257562035427 ], [ 104.527854452473818, 22.110969529380817 ], [ 104.534499534534575, 22.108915582206293 ], [ 104.541080735298024, 22.102130363430799 ], [ 104.545741303960298, 22.100132200468998 ], [ 104.545513814919161, 22.098666604631639 ], [ 104.547279714358623, 22.097676847081626 ], [ 104.549785589642937, 22.092464818366796 ], [ 104.556021693990814, 22.090546494161241 ], [ 104.562528032006824, 22.086322089381063 ], [ 104.563189608880307, 22.080166947511895 ], [ 104.568631037736679, 22.0781142777345 ], [ 104.572703004781445, 22.074333972072271 ], [ 104.573505785919863, 22.071094143153118 ], [ 104.581757526892574, 22.064785906459349 ], [ 104.584271696310452, 22.05336178734105 ], [ 104.58545506444726, 22.051946882418235 ], [ 104.590206586084989, 22.051055181038819 ], [ 104.591712371788915, 22.044966665140798 ], [ 104.589552536367023, 22.040979719988147 ], [ 104.578696218677038, 22.035425076810068 ], [ 104.577523514194624, 22.038252525762104 ], [ 104.574134848582659, 22.039753624984325 ], [ 104.572889470041403, 22.042490732590334 ], [ 104.569586383034121, 22.041325634471516 ], [ 104.565606342783653, 22.042273155720011 ], [ 104.562093173082161, 22.036645045681411 ], [ 104.563576308183983, 22.033708686407142 ], [ 104.556144895275594, 22.034596018118123 ], [ 104.553710546246975, 22.031010193071637 ], [ 104.553061711904164, 22.025256136941881 ], [ 104.551453653134743, 22.022513937156837 ], [ 104.547859885647966, 22.021860154715949 ], [ 104.545183238212715, 22.019341464561254 ], [ 104.544081615964174, 22.016184359137519 ] ], [ [ 104.483877796514136, 22.103817977058334 ], [ 104.483877817688111, 22.103806687445626 ], [ 104.483883816270733, 22.103812296880129 ], [ 104.483877796514136, 22.103817977058334 ] ] ] } },
{ "type": "Feature", "properties": { "xa": "Văn Bàn", "hat_kl": "Hạt KL Văn Bàn", "che_phu": 53.9, "dt_rung": 9611.3, "DTBD": 15674.74 }, "geometry": { "type": "Polygon", "coordinates": [ [ [ 104.239619910919586, 22.220860331803362 ], [ 104.242936398518154, 22.217598893244411 ], [ 104.249002010582117, 22.216260981197411 ], [ 104.250213256716336, 22.214821575321537 ], [ 104.252874879447361, 22.215929212328152 ], [ 104.255237871058043, 22.215272423200432 ], [ 104.257915202668002, 22.211222178181199 ], [ 104.26054731864734, 22.210209020524758 ], [ 104.264988577576489, 22.20445411373964 ], [ 104.266589123101539, 22.204610692555185 ], [ 104.26862821752141, 22.202331777771754 ], [ 104.271896522665841, 22.197248930845131 ], [ 104.272185358905972, 22.194376419397493 ], [ 104.278120932397613, 22.187315128412283 ], [ 104.281492485369711, 22.185628567085832 ], [ 104.282245716198844, 22.183365906597132 ], [ 104.281267693429214, 22.181156072150912 ], [ 104.285621617760995, 22.177626207271175 ], [ 104.289449422109527, 22.176492237339854 ], [ 104.290747955554366, 22.171172824879328 ], [ 104.290104760244461, 22.16846634641319 ], [ 104.292297909020988, 22.16561305221834 ], [ 104.292427876735402, 22.16260348433584 ], [ 104.301529444144464, 22.15316652933998 ], [ 104.307319771648565, 22.152243518790126 ], [ 104.308537946669844, 22.149208880155644 ], [ 104.318213384690921, 22.140548495409021 ], [ 104.32126470189452, 22.132965506748437 ], [ 104.32097938645127, 22.128106130437057 ], [ 104.307736406469459, 22.126900842178159 ], [ 104.302828966845624, 22.12373166461817 ], [ 104.297187501103579, 22.12295791713569 ], [ 104.294605863639219, 22.119104826779058 ], [ 104.287357144256632, 22.113877666439571 ], [ 104.281680149283545, 22.115644407800623 ], [ 104.285724338672068, 22.110497395715814 ], [ 104.283556407353984, 22.108797439979327 ], [ 104.291230121911155, 22.107017551393341 ], [ 104.285491880298835, 22.104913599193949 ], [ 104.281556757864792, 22.098738677459473 ], [ 104.28362939611462, 22.095673326514742 ], [ 104.284197486987566, 22.091543990416913 ], [ 104.280656472811586, 22.089075554932855 ], [ 104.279905285675198, 22.085048650481642 ], [ 104.27806452139167, 22.083160080858182 ], [ 104.278881057593864, 22.082338393157347 ], [ 104.274578119055775, 22.080161248209205 ], [ 104.275785995838405, 22.078919569787779 ], [ 104.272750958036241, 22.078041902052746 ], [ 104.271708289331698, 22.076374153388066 ], [ 104.272713538695584, 22.07524841188485 ], [ 104.270859463542067, 22.072918800970282 ], [ 104.271924005965843, 22.067814727863233 ], [ 104.27097324721295, 22.062675674561024 ], [ 104.267307255447804, 22.057827754975623 ], [ 104.266254511892456, 22.052602751125924 ], [ 104.260631053971551, 22.053616994012089 ], [ 104.253112743320955, 22.042725712350766 ], [ 104.244096656016708, 22.040026016012082 ], [ 104.241677559231476, 22.034903385958518 ], [ 104.236423457327504, 22.033387750383532 ], [ 104.233982533455134, 22.034796143798069 ], [ 104.22809770735833, 22.034731889435001 ], [ 104.224480137366001, 22.037642583528829 ], [ 104.219746820691029, 22.037088774282779 ], [ 104.218347325826286, 22.035627172459602 ], [ 104.21863064227459, 22.033767676014165 ], [ 104.216514231943748, 22.032467654842751 ], [ 104.211017172695747, 22.033714622957287 ], [ 104.206170617986288, 22.031205890151615 ], [ 104.201442914845117, 22.034023962125822 ], [ 104.198225400537964, 22.029309877872368 ], [ 104.186731156856169, 22.025323068976437 ], [ 104.185240555000576, 22.027606443924849 ], [ 104.186564008198815, 22.029989821736748 ], [ 104.185842447837629, 22.032970369470725 ], [ 104.190029871396689, 22.036857015376363 ], [ 104.190530361546493, 22.039630779021127 ], [ 104.198642626206777, 22.04326323624554 ], [ 104.201236577483073, 22.045734132031551 ], [ 104.200775284870005, 22.049437056149554 ], [ 104.198938182362397, 22.051772491229062 ], [ 104.202470549223008, 22.055192849482179 ], [ 104.2008987225813, 22.059297295640864 ], [ 104.196897189110274, 22.054353143940258 ], [ 104.188447358185499, 22.050826641517784 ], [ 104.183846876648204, 22.057040741155372 ], [ 104.184284408923617, 22.062181188115613 ], [ 104.179108125918162, 22.068897372975865 ], [ 104.174427366239016, 22.068079607063588 ], [ 104.166563650799688, 22.070111473482786 ], [ 104.160350643935359, 22.074710874700934 ], [ 104.151127819736416, 22.077989202932322 ], [ 104.155337828620034, 22.083341165989712 ], [ 104.154224510567929, 22.085555871226752 ], [ 104.155727542868931, 22.087888115290959 ], [ 104.151910370271878, 22.089636953414793 ], [ 104.147099691096074, 22.095149774531155 ], [ 104.151047665948568, 22.094995311804311 ], [ 104.158685352476425, 22.09146933623942 ], [ 104.160608002574875, 22.094489353961094 ], [ 104.159757630405863, 22.102964737443099 ], [ 104.16149131166614, 22.107258758666426 ], [ 104.164629601825013, 22.108055949760409 ], [ 104.168519693549328, 22.105367271463631 ], [ 104.17342897469014, 22.107649307277658 ], [ 104.177399088678129, 22.106918807437559 ], [ 104.183763374158502, 22.101720709907603 ], [ 104.191870271757409, 22.102143096357242 ], [ 104.197920661723941, 22.09966825029402 ], [ 104.200982464995917, 22.101385878803708 ], [ 104.203495185895548, 22.104819495252098 ], [ 104.207351753467265, 22.097608324689261 ], [ 104.206216666454509, 22.110941629903802 ], [ 104.21062247004339, 22.120739413764507 ], [ 104.213325940324225, 22.12378922123083 ], [ 104.21620918708166, 22.124897804215909 ], [ 104.217992104519055, 22.133127508138742 ], [ 104.216609806677653, 22.137079323147756 ], [ 104.222316790341466, 22.138058463460183 ], [ 104.226026378330147, 22.143797906663938 ], [ 104.238907949591209, 22.147603449615428 ], [ 104.238554075668588, 22.151121636818711 ], [ 104.240438921934583, 22.152517931771726 ], [ 104.241948766038405, 22.157080737234292 ], [ 104.24159687969285, 22.164294700730121 ], [ 104.244704790704517, 22.165233971372675 ], [ 104.247099224951498, 22.168648405794691 ], [ 104.24124905194067, 22.17298260290185 ], [ 104.237613447885963, 22.179951078496178 ], [ 104.238997219544672, 22.183814920815369 ], [ 104.242485672001237, 22.18653805732929 ], [ 104.240085240769531, 22.188094535836843 ], [ 104.239610872604132, 22.190928379175528 ], [ 104.237798377307584, 22.191105756920123 ], [ 104.235344201000188, 22.197316067684479 ], [ 104.2291733811565, 22.199495237286815 ], [ 104.227957867412755, 22.206343294329322 ], [ 104.226321303313057, 22.20790372206999 ], [ 104.225244454126937, 22.212329522994569 ], [ 104.228037323094611, 22.213182397302795 ], [ 104.227248057017761, 22.215519898832529 ], [ 104.228504546993491, 22.216540323198789 ], [ 104.235456245781492, 22.220507547533394 ], [ 104.239619910919586, 22.220860331803362 ] ] ] } },
{ "type": "Feature", "properties": { "xa": "Tân Lĩnh", "hat_kl": "Hạt KL Lục Yên", "che_phu": 63.3, "dt_rung": 9911.0, "DTBD": 14735.42 }, "geometry": { "type": "Polygon", "coordinates": [ [ [ 104.63762240231722, 22.223117877527944 ], [ 104.646464347048394, 22.216528833377886 ], [ 104.650832264724826, 22.210236307517775 ], [ 104.654620359048891, 22.209562280125045 ], [ 104.659525481732302, 22.204215082203145 ], [ 104.664086863088144, 22.202275291890146 ], [ 104.668582300012432, 22.197750564578843 ], [ 104.673575964526577, 22.196409341334565 ], [ 104.684846228817335, 22.183139101596012 ], [ 104.686372088451378, 22.174649724728955 ], [ 104.688637386356589, 22.171351310246685 ], [ 104.695974743605703, 22.167073506962819 ], [ 104.70097743232995, 22.168554843851588 ], [ 104.70534294359787, 22.165168210660465 ], [ 104.708800497559977, 22.164763415958859 ], [ 104.717621218062703, 22.157760039477665 ], [ 104.721163125383413, 22.152013000726406 ], [ 104.725509716766112, 22.151374173766435 ], [ 104.728762797176159, 22.148322986233932 ], [ 104.72974319326508, 22.139399928898762 ], [ 104.732524424904099, 22.135915620256839 ], [ 104.730853404411548, 22.13162038197467 ], [ 104.738624224003431, 22.124996040266751 ], [ 104.73861529859677, 22.120253187733329 ], [ 104.740584360307878, 22.116402526675756 ], [ 104.749242137368867, 22.106370475338768 ], [ 104.758952879200095, 22.099826609708202 ], [ 104.757424626031849, 22.097336982140021 ], [ 104.761713206587061, 22.093669550117347 ], [ 104.761257554083556, 22.090525160704569 ], [ 104.757650018469022, 22.087668971225234 ], [ 104.758417022553928, 22.082021524004855 ], [ 104.766348339797844, 22.078415332364674 ], [ 104.772229278238797, 22.07842881821033 ], [ 104.778977102054881, 22.070731476957498 ], [ 104.794205369041975, 22.058825654071661 ], [ 104.794770020354235, 22.052884537550181 ], [ 104.797873156360652, 22.050121360186939 ], [ 104.801122262327894, 22.04193959959391 ], [ 104.80138715310423, 22.035024997623943 ], [ 104.803147336420565, 22.033640122360399 ], [ 104.801924552329041, 22.025557264563535 ], [ 104.800392009984776, 22.023129524124819 ], [ 104.803686195966023, 22.020146694302188 ], [ 104.806634509664775, 22.019521418358028 ], [ 104.808186399586262, 22.015081254037671 ], [ 104.812359698115401, 22.012937356481427 ], [ 104.813161936589808, 22.011291620464654 ], [ 104.812955736204913, 22.007809816718588 ], [ 104.809879202418273, 22.006682795948716 ], [ 104.809304443342683, 21.999886865057892 ], [ 104.814903450151633, 21.996173265645471 ], [ 104.814776189318735, 21.99339654745398 ], [ 104.821080387519658, 21.989843223062447 ], [ 104.82136828276775, 21.985151652568856 ], [ 104.823365685585344, 21.981874534671757 ], [ 104.82123900601745, 21.978760814594661 ], [ 104.827141243843144, 21.97598064977069 ], [ 104.828728649588214, 21.973336161510527 ], [ 104.828317161409004, 21.969545929359398 ], [ 104.82629422948385, 21.966372158052799 ], [ 104.826882724045049, 21.963982756179767 ], [ 104.831199990171584, 21.963065742741673 ], [ 104.834353471314998, 21.96512469851676 ], [ 104.838818801241004, 21.960984814240916 ], [ 104.835673191701517, 21.950851922587134 ], [ 104.839756520805054, 21.948146479697076 ], [ 104.837674713265173, 21.938393361481342 ], [ 104.840320624609674, 21.934435657507755 ], [ 104.838768573285861, 21.93108013335576 ], [ 104.831528358823121, 21.935107987084656 ], [ 104.832839104432296, 21.942426472881319 ], [ 104.821755199709585, 21.961331584043737 ], [ 104.808245971503254, 21.958623555621493 ], [ 104.800311530880094, 21.966896003792389 ], [ 104.795886287864278, 21.969661614456662 ], [ 104.7939018415953, 21.973747028856668 ], [ 104.787995752567056, 21.97870468216756 ], [ 104.78917565369234, 21.983450860075287 ], [ 104.785290265486566, 21.990966927518425 ], [ 104.786002188989968, 21.994101477490439 ], [ 104.785011569787372, 21.995404273595405 ], [ 104.772523974483747, 21.996493003014447 ], [ 104.765827314957434, 22.008185670608903 ], [ 104.761457730824034, 22.010665379170106 ], [ 104.755337592676625, 22.01194903439464 ], [ 104.755584977555557, 22.014580827880888 ], [ 104.759122502050005, 22.017102642077241 ], [ 104.752816239441444, 22.021114653294731 ], [ 104.756937854349772, 22.024908821800615 ], [ 104.757738164155995, 22.028219147996911 ], [ 104.756224060923032, 22.029945654641786 ], [ 104.7518980572912, 22.028716253764465 ], [ 104.749827544149085, 22.029809572716875 ], [ 104.749899614143928, 22.033540366267022 ], [ 104.748040063921607, 22.037659877827515 ], [ 104.751454315592966, 22.040291586021265 ], [ 104.750965391280516, 22.0433867165072 ], [ 104.74947052089685, 22.044268950129158 ], [ 104.742601712310531, 22.04299032544143 ], [ 104.740177140612289, 22.043648168753649 ], [ 104.735720541095986, 22.049329868899544 ], [ 104.730797335655879, 22.050869115113898 ], [ 104.728817186943658, 22.053470674468404 ], [ 104.732307101226596, 22.060252283990959 ], [ 104.736434502384469, 22.063370557301859 ], [ 104.736383287092721, 22.066984910956386 ], [ 104.732690168797646, 22.070167468216486 ], [ 104.726558186685736, 22.080350261492921 ], [ 104.716308180493982, 22.083187350689574 ], [ 104.713023289133361, 22.085466450138 ], [ 104.710918925319234, 22.088915568404563 ], [ 104.71100027772124, 22.095462197279872 ], [ 104.70692954616257, 22.101741070860182 ], [ 104.704216920731554, 22.10149945577561 ], [ 104.700029058025379, 22.098581954513673 ], [ 104.696900442601731, 22.100654305858757 ], [ 104.698251766692792, 22.113747842209659 ], [ 104.701304471870728, 22.118437263854254 ], [ 104.69811973511095, 22.121473034651348 ], [ 104.695709436908217, 22.126384356190378 ], [ 104.686511948003186, 22.131347692548481 ], [ 104.671980717126999, 22.144089431744764 ], [ 104.671578420493503, 22.14593803537916 ], [ 104.673914212699984, 22.147449879553864 ], [ 104.673237116242433, 22.149929134319166 ], [ 104.657091037067275, 22.150623768282092 ], [ 104.648402200241648, 22.154057778945418 ], [ 104.64497504699122, 22.152946874153567 ], [ 104.643085226321347, 22.154574065909241 ], [ 104.642424729168695, 22.162521993511007 ], [ 104.624630771451066, 22.172491844028045 ], [ 104.621364404506721, 22.175773494093711 ], [ 104.619199360665775, 22.193140960177935 ], [ 104.616383007927212, 22.195265813355586 ], [ 104.614219902084287, 22.201690686565321 ], [ 104.61527213901303, 22.207171609977419 ], [ 104.625741331594, 22.211108797771416 ], [ 104.626570214127298, 22.213481140499695 ], [ 104.630503329760401, 22.215550427030291 ], [ 104.631468666954703, 22.218885708006201 ], [ 104.633800864810397, 22.219456383702106 ], [ 104.635579378660438, 22.222801971911018 ], [ 104.63762240231722, 22.223117877527944 ] ], [ [ 104.728779622070178, 22.094192619986167 ], [ 104.728779623756807, 22.094181330238612 ], [ 104.728785728577506, 22.094186930745462 ], [ 104.728779622070178, 22.094192619986167 ] ] ] } },
{ "type": "Feature", "properties": { "xa": "Phúc Khánh", "hat_kl": "Hạt KL Bảo Yên", "che_phu": 75.6, "dt_rung": 9115.9, "DTBD": 11404.39 }, "geometry": { "type": "Polygon", "coordinates": [ [ [ 104.579642944295131, 22.251999640496315 ], [ 104.587033497676174, 22.249894456186919 ], [ 104.585070460910302, 22.242681372963339 ], [ 104.586250476052086, 22.237336935625002 ], [ 104.583710489926943, 22.231736562521515 ], [ 104.587898161479586, 22.227620292267886 ], [ 104.585716232759992, 22.224675238446977 ], [ 104.591019650129127, 22.219342631471203 ], [ 104.596728663023626, 22.217522814531435 ], [ 104.601252850197653, 22.221905279690947 ], [ 104.605723050850415, 22.221302017303049 ], [ 104.607866018319143, 22.223711286055625 ], [ 104.612826613423792, 22.225588614675605 ], [ 104.620654329787726, 22.223907103096778 ], [ 104.624369630414193, 22.219929317886152 ], [ 104.63148079989611, 22.218645384709834 ], [ 104.630503329760401, 22.215550427030291 ], [ 104.626570214127298, 22.213481140499695 ], [ 104.625741331594, 22.211108797771416 ], [ 104.616887078502273, 22.208388870186507 ], [ 104.614790377852174, 22.205146132465536 ], [ 104.614219902084287, 22.201690686565321 ], [ 104.616383007927212, 22.195265813355586 ], [ 104.619199360665775, 22.193140960177935 ], [ 104.621364404506721, 22.175773494093711 ], [ 104.618705270899909, 22.178173983999905 ], [ 104.615316958665531, 22.175523579348887 ], [ 104.609261928102839, 22.176681203071269 ], [ 104.603941947450664, 22.175115124266341 ], [ 104.601690430316253, 22.17757539974188 ], [ 104.601392784542568, 22.181394175638495 ], [ 104.598810256954351, 22.183022018083289 ], [ 104.592420384422553, 22.180538303852703 ], [ 104.590459922409707, 22.182115765734224 ], [ 104.588576664316506, 22.179654494984689 ], [ 104.58316927194285, 22.176909921605429 ], [ 104.583378674552364, 22.16790473314428 ], [ 104.589230488333243, 22.159412053362672 ], [ 104.580812526292618, 22.154654669112123 ], [ 104.583062601157096, 22.151521359795584 ], [ 104.585359830433902, 22.143518616327142 ], [ 104.580034804482878, 22.138935068947617 ], [ 104.58153731091609, 22.134983983399231 ], [ 104.581243765847759, 22.128067091580416 ], [ 104.57847800074174, 22.121759786932859 ], [ 104.579232273837192, 22.117065516710557 ], [ 104.583724586430193, 22.112213148367978 ], [ 104.580809676969821, 22.112715210838839 ], [ 104.574846408309739, 22.110278301316878 ], [ 104.573632467406753, 22.106491426688592 ], [ 104.570354528745369, 22.10296510977129 ], [ 104.572176575033325, 22.098376620283222 ], [ 104.568428835575503, 22.096049981922821 ], [ 104.565834775934036, 22.092466255850994 ], [ 104.565987523424553, 22.089615730769552 ], [ 104.562549877768177, 22.086306919898597 ], [ 104.556021693990814, 22.090546494161241 ], [ 104.549785589642937, 22.092464818366796 ], [ 104.547279714358623, 22.097676847081626 ], [ 104.545513814919161, 22.098666604631639 ], [ 104.545741303960298, 22.100132200468998 ], [ 104.541080735298024, 22.102130363430799 ], [ 104.534499534534575, 22.108915582206293 ], [ 104.527854452473818, 22.110969529380817 ], [ 104.521330755914818, 22.123103045347314 ], [ 104.514519760004617, 22.126952976025034 ], [ 104.511314401982375, 22.127264160203985 ], [ 104.491110549888205, 22.141862990926111 ], [ 104.505171851317542, 22.150669178574283 ], [ 104.507729894335867, 22.153427388158974 ], [ 104.511220860844617, 22.15394390946016 ], [ 104.513231793037917, 22.158534841333122 ], [ 104.512942643889502, 22.16126595970842 ], [ 104.517425082932888, 22.165126950104867 ], [ 104.516652280473451, 22.166423786593029 ], [ 104.518113367379797, 22.169834150220776 ], [ 104.511195749260153, 22.172784740534912 ], [ 104.516255076013195, 22.172256135645153 ], [ 104.518414863696705, 22.174731544533639 ], [ 104.512757423663672, 22.177928831584691 ], [ 104.514082901517781, 22.183699540265149 ], [ 104.509799450019443, 22.189477776109783 ], [ 104.514568141921089, 22.192795193923345 ], [ 104.516848376975162, 22.192741755139586 ], [ 104.520932328081159, 22.198760270141744 ], [ 104.515998899740367, 22.20334294790344 ], [ 104.514001010194221, 22.208335814831244 ], [ 104.51422275545869, 22.211227156443375 ], [ 104.512059063956741, 22.213430430890632 ], [ 104.523413799078256, 22.212308559998416 ], [ 104.527971567486773, 22.207471904410177 ], [ 104.540484297903546, 22.200905962939387 ], [ 104.546705187333117, 22.199765565438952 ], [ 104.551608516214571, 22.201110282952449 ], [ 104.555223148150688, 22.198167350061841 ], [ 104.560534320173858, 22.196992637274263 ], [ 104.54596505569387, 22.212263789075713 ], [ 104.547183208477833, 22.21531158858291 ], [ 104.546026889134993, 22.217733508466118 ], [ 104.552688461614068, 22.226789055243049 ], [ 104.561838318924771, 22.227014305600058 ], [ 104.565398619798657, 22.228576789996243 ], [ 104.567689427758893, 22.235112300890009 ], [ 104.567205348411122, 22.237425384755113 ], [ 104.571173558577314, 22.240034150926867 ], [ 104.575186981725565, 22.246043267229208 ], [ 104.575979150791127, 22.249884623865743 ], [ 104.579642944295131, 22.251999640496315 ] ] ] } },
{ "type": "Feature", "properties": { "xa": "Võ Lao", "hat_kl": "Hạt KL Văn Bàn", "che_phu": 72.3, "dt_rung": 11676.4, "DTBD": 15282.63 }, "geometry": { "type": "Polygon", "coordinates": [ [ [ 104.216535061364709, 22.253214464678742 ], [ 104.2180670488532, 22.252694945526965 ], [ 104.218332326901603, 22.251146847517763 ], [ 104.220318252582487, 22.252765065666541 ], [ 104.225867786061372, 22.25061959625809 ], [ 104.227647535498647, 22.252470882985605 ], [ 104.232522490252265, 22.252828765915272 ], [ 104.235904928238796, 22.245388803490624 ], [ 104.238366577439095, 22.244116642995948 ], [ 104.242592895280907, 22.237827247948051 ], [ 104.246870519890976, 22.235592264670633 ], [ 104.250325018573918, 22.235403050539379 ], [ 104.254473363542985, 22.23084088641648 ], [ 104.25726918044316, 22.222012774768107 ], [ 104.255543511109053, 22.218204138698184 ], [ 104.250213256716336, 22.214821575321537 ], [ 104.249002010582117, 22.216260981197411 ], [ 104.242936398518154, 22.217598893244411 ], [ 104.239490994286669, 22.220942022815471 ], [ 104.235456245781492, 22.220507547533394 ], [ 104.227490950103544, 22.215855924218257 ], [ 104.228037323094611, 22.213182397302795 ], [ 104.225244454126937, 22.212329522994569 ], [ 104.226321303313057, 22.20790372206999 ], [ 104.227957867412755, 22.206343294329322 ], [ 104.2291733811565, 22.199495237286815 ], [ 104.235344201000188, 22.197316067684479 ], [ 104.237798377307584, 22.191105756920123 ], [ 104.239610872604132, 22.190928379175528 ], [ 104.240085240769531, 22.188094535836843 ], [ 104.242485672001237, 22.18653805732929 ], [ 104.238997219544672, 22.183814920815369 ], [ 104.237613447885963, 22.179951078496178 ], [ 104.24124905194067, 22.17298260290185 ], [ 104.247099224951498, 22.168648405794691 ], [ 104.244704790704517, 22.165233971372675 ], [ 104.24159687969285, 22.164294700730121 ], [ 104.241948766038405, 22.157080737234292 ], [ 104.240438921934583, 22.152517931771726 ], [ 104.238554075668588, 22.151121636818711 ], [ 104.238907949591209, 22.147603449615428 ], [ 104.226026378330147, 22.143797906663938 ], [ 104.222316790341466, 22.138058463460183 ], [ 104.216609806677653, 22.137079323147756 ], [ 104.217992104519055, 22.133127508138742 ], [ 104.21620918708166, 22.124897804215909 ], [ 104.213325940324225, 22.12378922123083 ], [ 104.21062247004339, 22.120739413764507 ], [ 104.206216666454509, 22.110941629903802 ], [ 104.207351753467265, 22.097608324689261 ], [ 104.203191254196426, 22.105471455068631 ], [ 104.195238749228508, 22.113637820703719 ], [ 104.184108139502442, 22.12961926262933 ], [ 104.187246877808292, 22.137465701257771 ], [ 104.186141662037642, 22.140774074403371 ], [ 104.174807404480518, 22.143852973151532 ], [ 104.171729254195171, 22.142340981291177 ], [ 104.172382060731451, 22.138375972743557 ], [ 104.167668329748466, 22.126520473398319 ], [ 104.163107554066087, 22.138490003248798 ], [ 104.158325895587353, 22.144616797381541 ], [ 104.154102856944434, 22.145440624684589 ], [ 104.152422011837118, 22.136178834089016 ], [ 104.150027134553056, 22.13374611090439 ], [ 104.140575426367917, 22.136884180094356 ], [ 104.137494668555249, 22.1391687842317 ], [ 104.133881064279961, 22.136672004410276 ], [ 104.131347944306341, 22.138419926391581 ], [ 104.127479587121215, 22.137914902622494 ], [ 104.126490401543208, 22.14119592329353 ], [ 104.123696357324107, 22.144165118826063 ], [ 104.114863005533621, 22.149351989113427 ], [ 104.111407627390264, 22.149359270793369 ], [ 104.110069242489928, 22.151741819331853 ], [ 104.104043380599805, 22.153913309787072 ], [ 104.093141823647713, 22.163486297390051 ], [ 104.081005224942473, 22.168362337028427 ], [ 104.0793175625153, 22.172073937007042 ], [ 104.080316203671629, 22.174302895894922 ], [ 104.079515275742153, 22.18059854659078 ], [ 104.076034322721966, 22.185852385166825 ], [ 104.081058414348277, 22.191093607437768 ], [ 104.077637673969505, 22.196223717862857 ], [ 104.079244726236851, 22.197634251221732 ], [ 104.078386395126429, 22.199499727976114 ], [ 104.079247323318498, 22.200374610385136 ], [ 104.090701237331515, 22.199003303805995 ], [ 104.093449699029634, 22.200300549896628 ], [ 104.098365753302218, 22.199340406167487 ], [ 104.118535392277764, 22.201222156346471 ], [ 104.120236940397817, 22.203883944703399 ], [ 104.122096303724703, 22.203961660716029 ], [ 104.125310885203731, 22.206575760750312 ], [ 104.125574956300326, 22.209234681744061 ], [ 104.129812494991967, 22.210084018678987 ], [ 104.133002766632572, 22.213309296046695 ], [ 104.138926321636148, 22.212119734450852 ], [ 104.14198143482993, 22.21359198908609 ], [ 104.152989242679624, 22.213762159128233 ], [ 104.159465648369448, 22.218173744036115 ], [ 104.163913091596797, 22.217996372141361 ], [ 104.168929302990236, 22.215984389618288 ], [ 104.172363209480736, 22.212575092722528 ], [ 104.174045507457009, 22.213797214693432 ], [ 104.178088271794721, 22.213492935746018 ], [ 104.179409296609421, 22.217480846136866 ], [ 104.176641570680601, 22.219375194632857 ], [ 104.176180665589996, 22.220680042727544 ], [ 104.17737402072909, 22.221233532589299 ], [ 104.175350983926407, 22.2270498010006 ], [ 104.176592905100179, 22.229102488014966 ], [ 104.179875459654596, 22.230390604428482 ], [ 104.179848480575629, 22.234087302070225 ], [ 104.182464311505242, 22.236178623290034 ], [ 104.182350286563505, 22.237898511610066 ], [ 104.183774602223508, 22.237002512541302 ], [ 104.187433445060421, 22.238333152836731 ], [ 104.188786969784985, 22.240468861772666 ], [ 104.189784478116493, 22.239973411130254 ], [ 104.188484389789664, 22.242099777483297 ], [ 104.189509456986968, 22.244727365433562 ], [ 104.194020385688532, 22.243051287063366 ], [ 104.195331050595271, 22.246253305647016 ], [ 104.194371451057734, 22.24709274163261 ], [ 104.196021080949677, 22.249176028083777 ], [ 104.196581458377636, 22.248040080235672 ], [ 104.199217183695183, 22.249168194418917 ], [ 104.200394827634156, 22.247468058859738 ], [ 104.207648868855699, 22.245106433022819 ], [ 104.212923944521563, 22.251277451377991 ], [ 104.216535061364709, 22.253214464678742 ] ] ] } },
{ "type": "Feature", "properties": { "xa": "Bảo Yên", "hat_kl": "Hạt KL Bảo Yên", "che_phu": 65.5, "dt_rung": 8705.2, "DTBD": 11914.9 }, "geometry": { "type": "Polygon", "coordinates": [ [ [ 104.508786006407817, 22.276228655274949 ], [ 104.514562206153357, 22.274535950318292 ], [ 104.515723002961678, 22.271433034660419 ], [ 104.517253446077163, 22.270619324647203 ], [ 104.52773287136003, 22.275868238149584 ], [ 104.532579430218618, 22.275224527115274 ], [ 104.535406552237333, 22.271032407217049 ], [ 104.54017077745948, 22.268464094627241 ], [ 104.541979226065081, 22.267925339501094 ], [ 104.544968371379326, 22.26944734559914 ], [ 104.546849532031601, 22.262898751632108 ], [ 104.546016960420815, 22.258647269403159 ], [ 104.548596709535417, 22.2539804380222 ], [ 104.547898774024489, 22.248395433057809 ], [ 104.549462007183564, 22.248095713904924 ], [ 104.551444636621454, 22.241886037160445 ], [ 104.557612234677123, 22.241320396555263 ], [ 104.568641674588022, 22.245001979555301 ], [ 104.572868605388976, 22.243504774533726 ], [ 104.571115057984755, 22.239958221092859 ], [ 104.567086785618073, 22.237211021716835 ], [ 104.567689427758893, 22.235112300890009 ], [ 104.565398619798657, 22.228576789996243 ], [ 104.561838318924771, 22.227014305600058 ], [ 104.552688461614068, 22.226789055243049 ], [ 104.546026889134993, 22.217733508466118 ], [ 104.547183208477833, 22.21531158858291 ], [ 104.54596505569387, 22.212263789075713 ], [ 104.560534320173858, 22.196992637274263 ], [ 104.555223148150688, 22.198167350061841 ], [ 104.551608516214571, 22.201110282952449 ], [ 104.546705187333117, 22.199765565438952 ], [ 104.540484297903546, 22.200905962939387 ], [ 104.527971567486773, 22.207471904410177 ], [ 104.523413799078256, 22.212308559998416 ], [ 104.512059063956741, 22.213430430890632 ], [ 104.51422275545869, 22.211227156443375 ], [ 104.514001010194221, 22.208335814831244 ], [ 104.515998899740367, 22.20334294790344 ], [ 104.520932328081159, 22.198760270141744 ], [ 104.516848376975162, 22.192741755139586 ], [ 104.514568141921089, 22.192795193923345 ], [ 104.509799450019443, 22.189477776109783 ], [ 104.514082901517781, 22.183699540265149 ], [ 104.512757423663672, 22.177928831584691 ], [ 104.518414863696705, 22.174731544533639 ], [ 104.516255076013195, 22.172256135645153 ], [ 104.511195749260153, 22.172784740534912 ], [ 104.518113367379797, 22.169834150220776 ], [ 104.516652280473451, 22.166423786593029 ], [ 104.517425082932888, 22.165126950104867 ], [ 104.512942643889502, 22.16126595970842 ], [ 104.513231793037917, 22.158534841333122 ], [ 104.511220860844617, 22.15394390946016 ], [ 104.507729894335867, 22.153427388158974 ], [ 104.500499674485468, 22.147425327274608 ], [ 104.490541280456327, 22.141807987003791 ], [ 104.485532524901075, 22.143825841246205 ], [ 104.481190630742731, 22.151874813055688 ], [ 104.475109583214859, 22.15512185585489 ], [ 104.472304006287331, 22.161869797939175 ], [ 104.469104562593941, 22.162716363268675 ], [ 104.461322314184329, 22.168677018536524 ], [ 104.459060551206164, 22.167474770930809 ], [ 104.456690678933413, 22.171151275164636 ], [ 104.457542404875269, 22.173135789740542 ], [ 104.456433776538319, 22.174765450219954 ], [ 104.458061947350444, 22.176711618992332 ], [ 104.455511358577638, 22.178650815534457 ], [ 104.456403206353244, 22.181874364266172 ], [ 104.453466300989788, 22.185682734819448 ], [ 104.450204449159216, 22.184647523096874 ], [ 104.447674996767304, 22.186380891677729 ], [ 104.445886466074782, 22.184477945127156 ], [ 104.442319931230941, 22.184500059830484 ], [ 104.438811414591882, 22.186535712617566 ], [ 104.435314426950598, 22.193538145293584 ], [ 104.427540813037695, 22.196473740019691 ], [ 104.424158227677893, 22.199656690136347 ], [ 104.416234072926272, 22.199980137962438 ], [ 104.418805371165419, 22.201389075003345 ], [ 104.41975763000336, 22.203737230649395 ], [ 104.415213463775785, 22.210172602883667 ], [ 104.415567699648236, 22.216018644902583 ], [ 104.414535050357827, 22.217574823573614 ], [ 104.419823727232952, 22.219388066873044 ], [ 104.426467096708819, 22.224655336773022 ], [ 104.423275742338717, 22.229109278825938 ], [ 104.420355855629907, 22.230598830627894 ], [ 104.423024673302436, 22.233382770797107 ], [ 104.430357184780817, 22.228911467693948 ], [ 104.432488296597, 22.230860224130776 ], [ 104.43609372402203, 22.231236702658819 ], [ 104.437602937598029, 22.233311626348186 ], [ 104.435072486402618, 22.238980813813797 ], [ 104.436206380800073, 22.240330782648453 ], [ 104.435783468782176, 22.242126519645225 ], [ 104.438861246210209, 22.246890432641791 ], [ 104.441504268366671, 22.247362490345822 ], [ 104.443560594586074, 22.249724603774848 ], [ 104.446694965078123, 22.251430217297816 ], [ 104.450521619465178, 22.247000479076586 ], [ 104.453069833999336, 22.247410308362468 ], [ 104.460011562950399, 22.243736612946336 ], [ 104.460064120764017, 22.256663825505118 ], [ 104.469594192515459, 22.251398359463575 ], [ 104.474340128234957, 22.25204383392262 ], [ 104.476495883458199, 22.253688056653051 ], [ 104.47721665467202, 22.250742092377767 ], [ 104.48498536353209, 22.245544185936279 ], [ 104.4910618327023, 22.238510437410859 ], [ 104.489570715752407, 22.246762909110565 ], [ 104.490316465696949, 22.252308306051994 ], [ 104.488864917926719, 22.25722013926562 ], [ 104.489290846138658, 22.261578545514734 ], [ 104.491974623312046, 22.261872561550739 ], [ 104.494045404986295, 22.258309187104409 ], [ 104.498454113821865, 22.259291388845998 ], [ 104.500086879190761, 22.261378751929481 ], [ 104.49803915453441, 22.266485368664494 ], [ 104.506436074779216, 22.275569277556766 ], [ 104.508786006407817, 22.276228655274949 ] ] ] } },
{ "type": "Feature", "properties": { "xa": "Lâm Thượng", "hat_kl": "Hạt KL Lục Yên", "che_phu": 68.4, "dt_rung": 9150.6, "DTBD": 12799.43 }, "geometry": { "type": "Polygon", "coordinates": [ [ [ 104.609362090760939, 22.292603357362559 ], [ 104.614086325234922, 22.290622063927046 ], [ 104.617292314337092, 22.286566111291503 ], [ 104.623310492150722, 22.288077655795821 ], [ 104.628753881626821, 22.287224987386711 ], [ 104.631783989872858, 22.283655957296592 ], [ 104.637591952793841, 22.280126296203889 ], [ 104.63802811099572, 22.278236919666551 ], [ 104.64186172047819, 22.276357154705064 ], [ 104.644779698008762, 22.279495379434763 ], [ 104.650377569959403, 22.280334060485952 ], [ 104.652673001378247, 22.277558510966429 ], [ 104.654692628252775, 22.277399668993166 ], [ 104.656426533451707, 22.274950407185358 ], [ 104.660631005312183, 22.273181589477034 ], [ 104.66484301436175, 22.273535723113003 ], [ 104.666294248353921, 22.276588252329098 ], [ 104.67003404142315, 22.276835434660402 ], [ 104.671601978880915, 22.273254811288901 ], [ 104.674047021405158, 22.2722214036602 ], [ 104.67650728698743, 22.267796871192523 ], [ 104.676588457241664, 22.264538756998061 ], [ 104.679491439939312, 22.264387318149861 ], [ 104.684204208564196, 22.261841478213604 ], [ 104.689825557781731, 22.261379612781322 ], [ 104.692132689884488, 22.262902818807174 ], [ 104.70429845007051, 22.264024628053377 ], [ 104.706134069825936, 22.260993041527591 ], [ 104.714483557337573, 22.261792391235314 ], [ 104.721788575371619, 22.257892888167149 ], [ 104.723635047469372, 22.254573265281834 ], [ 104.722282290136022, 22.251283723380361 ], [ 104.723255036912605, 22.246198176981789 ], [ 104.727794523910774, 22.245296780772097 ], [ 104.729371009617182, 22.239806928745278 ], [ 104.729337443648859, 22.239136415697423 ], [ 104.728847838128672, 22.238309596589716 ], [ 104.728728784279596, 22.237783578394946 ], [ 104.733499845131391, 22.233404146888461 ], [ 104.728834956735056, 22.231054927625042 ], [ 104.728090932917297, 22.229578606326225 ], [ 104.729476455666514, 22.22520132624344 ], [ 104.719875494410473, 22.215160511723852 ], [ 104.723663523623159, 22.208075644048808 ], [ 104.722817229489905, 22.205703877847707 ], [ 104.724231024646301, 22.203856858974419 ], [ 104.723217233475239, 22.203089725404045 ], [ 104.723984935275922, 22.198725741939086 ], [ 104.729539631398552, 22.196237853554237 ], [ 104.733827995105599, 22.19730660323593 ], [ 104.734732040246996, 22.195136556958797 ], [ 104.738423946762111, 22.192712846051307 ], [ 104.739288717724065, 22.187898742099406 ], [ 104.741557121690349, 22.185318609865714 ], [ 104.738816345229097, 22.176679892258427 ], [ 104.742047481791886, 22.174221469885016 ], [ 104.741927022511675, 22.171215168324927 ], [ 104.744604017305392, 22.166071716153979 ], [ 104.745388919406594, 22.160860255813017 ], [ 104.748727026141097, 22.156701747188549 ], [ 104.745079707685719, 22.152578511948757 ], [ 104.744701087927723, 22.150248854253931 ], [ 104.741500574777533, 22.149914273932698 ], [ 104.739872950720184, 22.153592264938855 ], [ 104.736028605476633, 22.150133459016374 ], [ 104.728761439791015, 22.148323347326865 ], [ 104.725509716766112, 22.151374173766435 ], [ 104.721163125383413, 22.152013000726406 ], [ 104.717621218062703, 22.157760039477665 ], [ 104.708800497559977, 22.164763415958859 ], [ 104.70534294359787, 22.165168210660465 ], [ 104.70097743232995, 22.168554843851588 ], [ 104.697986446501645, 22.168475702556986 ], [ 104.696141536236382, 22.167039964156515 ], [ 104.692758534273352, 22.168452365292755 ], [ 104.687498585646281, 22.172468822598056 ], [ 104.684846228817335, 22.183139101596012 ], [ 104.673575964526577, 22.196409341334565 ], [ 104.668582300012432, 22.197750564578843 ], [ 104.664086863088144, 22.202275291890146 ], [ 104.659525481732302, 22.204215082203145 ], [ 104.654620359048891, 22.209562280125045 ], [ 104.650832264724826, 22.210236307517775 ], [ 104.646464347048394, 22.216528833377886 ], [ 104.639097980569048, 22.222795737673142 ], [ 104.635579378660438, 22.222801971911018 ], [ 104.633800864810397, 22.219456383702106 ], [ 104.6296114465991, 22.218943140743672 ], [ 104.624191651102947, 22.220018051768363 ], [ 104.619805368607999, 22.224308966136157 ], [ 104.612461126795168, 22.22555949520757 ], [ 104.607866018319143, 22.223711286055625 ], [ 104.605723050850415, 22.221302017303049 ], [ 104.601252850197653, 22.221905279690947 ], [ 104.596728663023626, 22.217522814531435 ], [ 104.591019650129127, 22.219342631471203 ], [ 104.586828360540821, 22.223189209531412 ], [ 104.585416225544407, 22.225400084613018 ], [ 104.587898161479586, 22.227620292267886 ], [ 104.583710489926943, 22.231736562521515 ], [ 104.585988547886018, 22.235913469828919 ], [ 104.585070460910302, 22.242681372963339 ], [ 104.587082968482463, 22.249735549605308 ], [ 104.584832336796481, 22.250995444422102 ], [ 104.586035412714693, 22.251581006833803 ], [ 104.586658230781765, 22.255321166357533 ], [ 104.585560419477403, 22.26376811760943 ], [ 104.589414559920399, 22.269499711956559 ], [ 104.593772978429215, 22.270912346588823 ], [ 104.596175077611619, 22.276711014749182 ], [ 104.600615160037947, 22.280999015045115 ], [ 104.60084260897267, 22.283397195988048 ], [ 104.606433702607447, 22.291998569263495 ], [ 104.609362090760939, 22.292603357362559 ] ], [ [ 104.668676553976638, 22.228752690120277 ], [ 104.668676560486887, 22.228741400569124 ], [ 104.668682668667159, 22.228747093557644 ], [ 104.668676553976638, 22.228752690120277 ] ] ] } },
{ "type": "Feature", "properties": { "xa": "Bảo Hà", "hat_kl": "Hạt KL Bảo Yên", "che_phu": 54.5, "dt_rung": 16062.3, "DTBD": 24300.18 }, "geometry": { "type": "Polygon", "coordinates": [ [ [ 104.295025067498955, 22.301737762134973 ], [ 104.300763051988497, 22.297833954816419 ], [ 104.305147473219137, 22.298490964252988 ], [ 104.317336794286419, 22.28679792166864 ], [ 104.31847969208836, 22.282562706319368 ], [ 104.325450199381521, 22.277342500755715 ], [ 104.331433700045793, 22.275164932920845 ], [ 104.339135846040591, 22.270253076742854 ], [ 104.343245054187946, 22.27196421964759 ], [ 104.347188214277651, 22.271920761235236 ], [ 104.353465498741912, 22.267870700993321 ], [ 104.359779340583401, 22.266358951863413 ], [ 104.361458485763876, 22.263894407411637 ], [ 104.360463306555431, 22.259350191556127 ], [ 104.362101184614588, 22.25608679501152 ], [ 104.361212394024236, 22.246683446847143 ], [ 104.364923782033969, 22.241125813920746 ], [ 104.37362910910781, 22.235483537474089 ], [ 104.37838280215324, 22.229308065854731 ], [ 104.384506370949907, 22.226035821750777 ], [ 104.388628096069226, 22.226104276249362 ], [ 104.392180761942797, 22.228557685276613 ], [ 104.4027811249628, 22.224012507103655 ], [ 104.408124491419954, 22.224588655219975 ], [ 104.411270134105834, 22.219168179892836 ], [ 104.414637422120563, 22.217844355423203 ], [ 104.415567699648236, 22.216018644902583 ], [ 104.415150100276065, 22.210347413861836 ], [ 104.418888764429283, 22.206193045947298 ], [ 104.41975763000336, 22.203737230649395 ], [ 104.418926570164373, 22.201528227049895 ], [ 104.413895182125515, 22.199354406722641 ], [ 104.411317376622122, 22.193779295191721 ], [ 104.404492120179015, 22.191417021890263 ], [ 104.405395568521897, 22.187688623948159 ], [ 104.406995813032509, 22.187084717717777 ], [ 104.39947044598091, 22.184273517155184 ], [ 104.396693904284078, 22.177381934094676 ], [ 104.384214148021371, 22.176185444134703 ], [ 104.389249984236017, 22.169726262299818 ], [ 104.391831806328895, 22.159302722307565 ], [ 104.392379638058046, 22.162748395550821 ], [ 104.393485159142415, 22.160796107715107 ], [ 104.399474928257135, 22.156998297716409 ], [ 104.39953614547332, 22.152637155094013 ], [ 104.402386770657643, 22.149839209228738 ], [ 104.397922168919848, 22.144366680026145 ], [ 104.394704931258701, 22.142787391397889 ], [ 104.393747342096688, 22.139759800791861 ], [ 104.403165163519418, 22.129108580025559 ], [ 104.405433096481545, 22.119029638040434 ], [ 104.401007212361066, 22.117541126314865 ], [ 104.40025156229666, 22.115177100384212 ], [ 104.396281171225965, 22.113590720493345 ], [ 104.395761349574983, 22.108701391107829 ], [ 104.39020874176866, 22.103022433758554 ], [ 104.390138076837772, 22.095152717764204 ], [ 104.380228666020656, 22.091843616224267 ], [ 104.378122339434782, 22.083791079659996 ], [ 104.36630381018189, 22.089886968717472 ], [ 104.364827679257317, 22.092775794478477 ], [ 104.361257145881623, 22.09475069216883 ], [ 104.360909029454859, 22.101185361900324 ], [ 104.356311763007952, 22.106893994382787 ], [ 104.354141190690882, 22.106720038758578 ], [ 104.352247087147475, 22.10950404339836 ], [ 104.344604358722123, 22.108345556197893 ], [ 104.340726824530918, 22.10932963694728 ], [ 104.339082624596159, 22.110227948332998 ], [ 104.339745458068222, 22.111378435514883 ], [ 104.337481383524832, 22.115843650731701 ], [ 104.334854924328056, 22.117266066381507 ], [ 104.331522246307472, 22.116301475673925 ], [ 104.329109705275826, 22.117343844773469 ], [ 104.326967536873227, 22.121741031068936 ], [ 104.325647643579785, 22.122216280560764 ], [ 104.324739039124893, 22.127113732599113 ], [ 104.32097938645127, 22.128106130437057 ], [ 104.32126470189452, 22.132965506748437 ], [ 104.317955312952037, 22.140899501365205 ], [ 104.308537946669844, 22.149208880155644 ], [ 104.307319771648565, 22.152243518790126 ], [ 104.301529444144464, 22.15316652933998 ], [ 104.292427876735402, 22.16260348433584 ], [ 104.292297909020988, 22.16561305221834 ], [ 104.290104760244461, 22.16846634641319 ], [ 104.290747955554366, 22.171172824879328 ], [ 104.289449422109527, 22.176492237339854 ], [ 104.285621617760995, 22.177626207271175 ], [ 104.281267693429214, 22.181156072150912 ], [ 104.282245716198844, 22.183365906597132 ], [ 104.281492485369711, 22.185628567085832 ], [ 104.278120932397613, 22.187315128412283 ], [ 104.272185358905972, 22.194376419397493 ], [ 104.271896522665841, 22.197248930845131 ], [ 104.26862821752141, 22.202331777771754 ], [ 104.266589123101539, 22.204610692555185 ], [ 104.264988577576489, 22.20445411373964 ], [ 104.26054731864734, 22.210209020524758 ], [ 104.257915202668002, 22.211222178181199 ], [ 104.255237871058043, 22.215272423200432 ], [ 104.253081532797793, 22.21583185255129 ], [ 104.25726918044316, 22.222012774768107 ], [ 104.254473363542985, 22.23084088641648 ], [ 104.250325018573918, 22.235403050539379 ], [ 104.246870519890976, 22.235592264670633 ], [ 104.242592895280907, 22.237827247948051 ], [ 104.238366577439095, 22.244116642995948 ], [ 104.235904928238796, 22.245388803490624 ], [ 104.232522490252265, 22.252828765915272 ], [ 104.227647535498647, 22.252470882985605 ], [ 104.225867786061372, 22.25061959625809 ], [ 104.220318252582487, 22.252765065666541 ], [ 104.218332326901603, 22.251146847517763 ], [ 104.2180670488532, 22.252694945526965 ], [ 104.216324035191732, 22.25347179730727 ], [ 104.217224597816966, 22.259930985103367 ], [ 104.215269566536648, 22.260456869780459 ], [ 104.210025315063262, 22.269254458135059 ], [ 104.209316552876686, 22.280423831481976 ], [ 104.221919447045934, 22.278325519280756 ], [ 104.230785476887249, 22.283110819799223 ], [ 104.236893223168948, 22.281856368533756 ], [ 104.249982569691809, 22.275870498185309 ], [ 104.251509056621344, 22.277350823631323 ], [ 104.254261185658194, 22.274865239997112 ], [ 104.258255393827412, 22.277450417510746 ], [ 104.255993464299024, 22.283076135525302 ], [ 104.258863373263097, 22.283526295067094 ], [ 104.262918992044206, 22.281729442212317 ], [ 104.26771148855218, 22.284273613440213 ], [ 104.262971025366795, 22.287943711644441 ], [ 104.267118355821339, 22.293993831012596 ], [ 104.269334892856705, 22.292769618465435 ], [ 104.277774255858631, 22.297024499890078 ], [ 104.281014573654488, 22.296809558030926 ], [ 104.282981718543923, 22.297803171584746 ], [ 104.281681486085432, 22.299584652475044 ], [ 104.282655086775208, 22.300444173968884 ], [ 104.28663051910506, 22.299567160871327 ], [ 104.295025067498955, 22.301737762134973 ] ] ] } },
{ "type": "Feature", "properties": { "xa": "Mường Bo", "hat_kl": "Hạt KL Bảo Thắng", "che_phu": 72.7, "dt_rung": 10806.8, "DTBD": 14830.4 }, "geometry": { "type": "Polygon", "coordinates": [ [ [ 104.035645788184183, 22.311006104049792 ], [ 104.039881869505891, 22.305698816617255 ], [ 104.040122999668327, 22.30221378873609 ], [ 104.042322502655949, 22.298592182392539 ], [ 104.053885452579152, 22.287348718808961 ], [ 104.054897968169115, 22.283330420432463 ], [ 104.067274850805077, 22.271672808768685 ], [ 104.071508788501802, 22.269310211220432 ], [ 104.07049965937351, 22.266640177714834 ], [ 104.072329820879474, 22.264945991959479 ], [ 104.07204100655197, 22.260305119468992 ], [ 104.076362593775627, 22.253546464803836 ], [ 104.077276695562333, 22.244084038420116 ], [ 104.083726764144288, 22.23828818737443 ], [ 104.082647090549216, 22.237296469140908 ], [ 104.083023733753151, 22.231749333011411 ], [ 104.08020809229609, 22.230152876262125 ], [ 104.079868987108625, 22.226556607755864 ], [ 104.076690889158584, 22.224576126977841 ], [ 104.076336913302811, 22.218671231089989 ], [ 104.079098369312476, 22.214961416944483 ], [ 104.076217840851726, 22.213341959895708 ], [ 104.07534741771569, 22.208090763824721 ], [ 104.079247323318498, 22.200374610385136 ], [ 104.077881516598623, 22.195319884552664 ], [ 104.081058414348277, 22.191093607437768 ], [ 104.076034322721966, 22.185852385166825 ], [ 104.079515275742153, 22.18059854659078 ], [ 104.080316203671629, 22.174302895894922 ], [ 104.0793175625153, 22.172073937007042 ], [ 104.081577670864405, 22.167667561221847 ], [ 104.071991581026722, 22.168188814610627 ], [ 104.06722592139954, 22.166166694009263 ], [ 104.059265732497011, 22.170457591861322 ], [ 104.048409395538187, 22.170469205603275 ], [ 104.043010440948976, 22.172041423127204 ], [ 104.037034575805365, 22.168643138320292 ], [ 104.032209538554525, 22.158283212762075 ], [ 104.020172626030529, 22.142609767973337 ], [ 104.012558424722755, 22.140718715382746 ], [ 104.008933830428376, 22.137506512008091 ], [ 104.003475432506775, 22.139761288243772 ], [ 104.000111387173703, 22.138410150036332 ], [ 103.993912783636233, 22.140499811353383 ], [ 103.987911231258579, 22.139500047309621 ], [ 103.984855792238761, 22.140933264424174 ], [ 103.983498944894848, 22.143452099713663 ], [ 103.977416872319566, 22.144605500264746 ], [ 103.974678360402621, 22.149926573829081 ], [ 103.972618010896824, 22.150427026924106 ], [ 103.975549339556963, 22.151697022104813 ], [ 103.981726513832896, 22.165209550773099 ], [ 103.978793876203767, 22.171817236646561 ], [ 103.982936497409852, 22.178605343714345 ], [ 103.986154923688176, 22.180686151747707 ], [ 103.989840766463843, 22.188692775260691 ], [ 103.993624303813206, 22.193255301653071 ], [ 103.986008740230929, 22.197480362109104 ], [ 103.986427290787375, 22.199312298397771 ], [ 103.982048242346153, 22.203193860885555 ], [ 103.981844355684842, 22.205515876841332 ], [ 103.979488956802982, 22.205536806070999 ], [ 103.978034917067973, 22.206998010790297 ], [ 103.979871196491487, 22.209798939581511 ], [ 103.979292459504066, 22.213245802537855 ], [ 103.973753464641405, 22.217964853178287 ], [ 103.971520315849176, 22.218134896452305 ], [ 103.973316041187815, 22.223246208437324 ], [ 103.971208190613723, 22.227462304084845 ], [ 103.972434330704374, 22.230265899442816 ], [ 103.97109407699952, 22.2351070813056 ], [ 103.974874212016132, 22.237553591610549 ], [ 103.975825132185889, 22.241922464775769 ], [ 103.979844392222944, 22.244720677920839 ], [ 103.980892016622235, 22.248862578994391 ], [ 103.984430983186812, 22.251333834126967 ], [ 103.98582463317895, 22.254408239195161 ], [ 103.984888757357865, 22.255788926784998 ], [ 103.980789394547017, 22.256922837437759 ], [ 103.979989363566986, 22.258856385416991 ], [ 103.984924042503138, 22.264756280582048 ], [ 103.984231126818358, 22.268046993456412 ], [ 103.987781773403228, 22.269373825459045 ], [ 103.986839908520594, 22.271145264404399 ], [ 103.989219546893295, 22.282041433487983 ], [ 103.999283450351911, 22.283443567776821 ], [ 103.999390645173563, 22.285612956153198 ], [ 104.003694515160561, 22.286852441178951 ], [ 104.009751404002515, 22.294474287040192 ], [ 104.013198545156925, 22.293394238098273 ], [ 104.015629259609028, 22.295883374239185 ], [ 104.019651252427892, 22.293393602979123 ], [ 104.021225068898872, 22.293839677523302 ], [ 104.022037288977458, 22.299508863123648 ], [ 104.024368945156539, 22.301685585710505 ], [ 104.025419076286056, 22.305198841803247 ], [ 104.035645788184183, 22.311006104049792 ] ] ] } },
{ "type": "Feature", "properties": { "xa": "Tằng Loỏng", "hat_kl": "Hạt KL Bảo Thắng", "che_phu": 71.5, "dt_rung": 9044.3, "DTBD": 12577.6 }, "geometry": { "type": "Polygon", "coordinates": [ [ [ 104.120676183016798, 22.321163370214265 ], [ 104.12520801295986, 22.320844034908514 ], [ 104.138691981857846, 22.311143651831642 ], [ 104.140461111274504, 22.312795612621116 ], [ 104.139131232971053, 22.315637871464617 ], [ 104.141381627350654, 22.316023294784642 ], [ 104.146471778750339, 22.314773887542778 ], [ 104.150502944671373, 22.311648781031572 ], [ 104.152814617187843, 22.312225101135489 ], [ 104.154816448970635, 22.307955910590596 ], [ 104.156735182262494, 22.309245462284352 ], [ 104.158098510267394, 22.307671334844024 ], [ 104.163657019909692, 22.297047225025015 ], [ 104.173853360851609, 22.289500747729061 ], [ 104.177527742318077, 22.290469526633412 ], [ 104.18029202392546, 22.284695901840031 ], [ 104.182841252152826, 22.282526214053178 ], [ 104.187224174213284, 22.283553601015026 ], [ 104.190064136454026, 22.28220502577377 ], [ 104.192694529745339, 22.276204747610098 ], [ 104.197227358492583, 22.273156191962705 ], [ 104.196992071733163, 22.271372973617922 ], [ 104.200696930135337, 22.267539924764396 ], [ 104.202724949539885, 22.266997304890683 ], [ 104.202262915591817, 22.262926689258492 ], [ 104.204598446657073, 22.257748942241605 ], [ 104.207663997834771, 22.25579118554824 ], [ 104.211761444935121, 22.258691402504805 ], [ 104.217224597816966, 22.259930985103367 ], [ 104.21696717640819, 22.253911205471066 ], [ 104.212923944521563, 22.251277451377991 ], [ 104.207648868855699, 22.245106433022819 ], [ 104.200394827634156, 22.247468058859738 ], [ 104.199217183695183, 22.249168194418917 ], [ 104.196581458377636, 22.248040080235672 ], [ 104.196021080949677, 22.249176028083777 ], [ 104.194371451057734, 22.24709274163261 ], [ 104.195331050595271, 22.246253305647016 ], [ 104.194020385688532, 22.243051287063366 ], [ 104.189509456986968, 22.244727365433562 ], [ 104.188484389789664, 22.242099777483297 ], [ 104.189784478116493, 22.239973411130254 ], [ 104.188786969784985, 22.240468861772666 ], [ 104.187433445060421, 22.238333152836731 ], [ 104.183774602223508, 22.237002512541302 ], [ 104.182350286563505, 22.237898511610066 ], [ 104.182464311505242, 22.236178623290034 ], [ 104.179848480575629, 22.234087302070225 ], [ 104.179875459654596, 22.230390604428482 ], [ 104.176592905100179, 22.229102488014966 ], [ 104.175350983926407, 22.2270498010006 ], [ 104.17737402072909, 22.221233532589299 ], [ 104.176180665589996, 22.220680042727544 ], [ 104.176641570680601, 22.219375194632857 ], [ 104.179409296609421, 22.217480846136866 ], [ 104.178088271794721, 22.213492935746018 ], [ 104.174045507457009, 22.213797214693432 ], [ 104.172363209480736, 22.212575092722528 ], [ 104.168929302990236, 22.215984389618288 ], [ 104.163913091596797, 22.217996372141361 ], [ 104.159465648369448, 22.218173744036115 ], [ 104.152989242679624, 22.213762159128233 ], [ 104.14198143482993, 22.21359198908609 ], [ 104.138926321636148, 22.212119734450852 ], [ 104.133002766632572, 22.213309296046695 ], [ 104.129812494991967, 22.210084018678987 ], [ 104.125574956300326, 22.209234681744061 ], [ 104.125310885203731, 22.206575760750312 ], [ 104.122096303724703, 22.203961660716029 ], [ 104.120236940397817, 22.203883944703399 ], [ 104.118535392277764, 22.201222156346471 ], [ 104.098365753302218, 22.199340406167487 ], [ 104.093449699029634, 22.200300549896628 ], [ 104.090701237331515, 22.199003303805995 ], [ 104.084568790223827, 22.200374589173585 ], [ 104.081355283204829, 22.199589795612876 ], [ 104.078295831414735, 22.201065731825505 ], [ 104.075362077560385, 22.208371785913915 ], [ 104.076217840851726, 22.213341959895708 ], [ 104.079098369312476, 22.214961416944483 ], [ 104.076336913302811, 22.218671231089989 ], [ 104.076690889158584, 22.224576126977841 ], [ 104.079868987108625, 22.226556607755864 ], [ 104.08020809229609, 22.230152876262125 ], [ 104.083023733753151, 22.231749333011411 ], [ 104.082647090549216, 22.237296469140908 ], [ 104.083726764144288, 22.23828818737443 ], [ 104.077367959423597, 22.243865861333969 ], [ 104.076362593775627, 22.253546464803836 ], [ 104.07204100655197, 22.260305119468992 ], [ 104.072329820879474, 22.264945991959479 ], [ 104.070434451070469, 22.266982817776668 ], [ 104.072629627387897, 22.273635210706967 ], [ 104.076946822138936, 22.27899327901337 ], [ 104.07507358621902, 22.286035302440769 ], [ 104.076750374563375, 22.289399500363615 ], [ 104.079120664782863, 22.289281704616293 ], [ 104.080579917443757, 22.292542822910491 ], [ 104.083117136896689, 22.293947405381292 ], [ 104.08279045928559, 22.297159792728543 ], [ 104.084501894681651, 22.299196658871917 ], [ 104.087112297431801, 22.299173206694633 ], [ 104.089092010047352, 22.301079266936863 ], [ 104.096287958965135, 22.2984562419994 ], [ 104.104608095525919, 22.302628348159015 ], [ 104.108538573178478, 22.310685640458971 ], [ 104.109426725819375, 22.311375157094396 ], [ 104.111259307781395, 22.310246265084963 ], [ 104.113661506530633, 22.312328087525945 ], [ 104.112050001006025, 22.314273298978474 ], [ 104.11342533497205, 22.316314867542165 ], [ 104.112758338937226, 22.317870392457987 ], [ 104.120676183016798, 22.321163370214265 ] ] ] } },
{ "type": "Feature", "properties": { "xa": "Xuân Hòa", "hat_kl": "Hạt KL Bảo Yên", "che_phu": 59.1, "dt_rung": 7177.2, "DTBD": 10778.32 }, "geometry": { "type": "Polygon", "coordinates": [ [ [ 104.486478167402225, 22.34467346396427 ], [ 104.492494904815004, 22.339925637422663 ], [ 104.493968685884454, 22.341756934027313 ], [ 104.496651695578791, 22.341555324457655 ], [ 104.500611575465953, 22.343524456190377 ], [ 104.505279885085343, 22.341840613632701 ], [ 104.511379203345953, 22.343118090429037 ], [ 104.514595952900606, 22.340453996690051 ], [ 104.516522273852587, 22.34098991160764 ], [ 104.52464465550446, 22.337355765657211 ], [ 104.527761754224159, 22.33466317943693 ], [ 104.534292881492746, 22.33707952680755 ], [ 104.545105903263192, 22.334645844607394 ], [ 104.550503823782208, 22.33527593262389 ], [ 104.55453044173251, 22.330740886385005 ], [ 104.564027624586714, 22.330592474304229 ], [ 104.572850831694325, 22.325715588317344 ], [ 104.57331676632063, 22.319640054635119 ], [ 104.576649987509143, 22.316307137201076 ], [ 104.578415511358699, 22.316099031824564 ], [ 104.580128875819213, 22.310458930352862 ], [ 104.580071738651668, 22.305938768607977 ], [ 104.578517943994854, 22.302960519678862 ], [ 104.576144528370918, 22.30041227387872 ], [ 104.568516062426781, 22.296444584310045 ], [ 104.565357743571923, 22.292230786955088 ], [ 104.565636094336057, 22.289559932821643 ], [ 104.561100771714294, 22.28416496011171 ], [ 104.552906168646132, 22.283963027764177 ], [ 104.547001954963648, 22.2781761020576 ], [ 104.544271534875719, 22.277430181903519 ], [ 104.544968371379326, 22.26944734559914 ], [ 104.543309731380631, 22.268338244901674 ], [ 104.537806539476293, 22.269427490958581 ], [ 104.532579430218618, 22.275224527115274 ], [ 104.525406269525106, 22.275251795158983 ], [ 104.517253446077163, 22.270619324647203 ], [ 104.515723002961678, 22.271433034660419 ], [ 104.514562206153357, 22.274535950318292 ], [ 104.508694722879085, 22.276267355288542 ], [ 104.506436074779216, 22.275569277556766 ], [ 104.49803915453441, 22.266485368664494 ], [ 104.500086879190761, 22.261378751929481 ], [ 104.498454113821865, 22.259291388845998 ], [ 104.494045404986295, 22.258309187104409 ], [ 104.491974623312046, 22.261872561550739 ], [ 104.489290846138658, 22.261578545514734 ], [ 104.488864917926719, 22.25722013926562 ], [ 104.490316465696949, 22.252308306051994 ], [ 104.489570715752407, 22.246762909110565 ], [ 104.4910618327023, 22.238510437410859 ], [ 104.48498536353209, 22.245544185936279 ], [ 104.47721665467202, 22.250742092377767 ], [ 104.476495883458199, 22.253688056653051 ], [ 104.474340128234957, 22.25204383392262 ], [ 104.469594192515459, 22.251398359463575 ], [ 104.460064120764017, 22.256663825505118 ], [ 104.459555123636108, 22.247207073755664 ], [ 104.454369112167257, 22.254207735559827 ], [ 104.438420956176884, 22.26886554009776 ], [ 104.435066490472693, 22.269559193706041 ], [ 104.430380069568258, 22.273807760896627 ], [ 104.4338159062427, 22.27366320845039 ], [ 104.440326774047563, 22.276946060716252 ], [ 104.441505796853761, 22.279029523954975 ], [ 104.440786845467699, 22.280562698525639 ], [ 104.442788276954786, 22.281435237454545 ], [ 104.438958507588495, 22.285725221241854 ], [ 104.441294158470484, 22.291358284454059 ], [ 104.438798030284829, 22.296317401171493 ], [ 104.440317516356046, 22.298772444809682 ], [ 104.439992650471609, 22.300982729931963 ], [ 104.443790973243267, 22.299990248211333 ], [ 104.445724352857624, 22.302126126989908 ], [ 104.44172467496476, 22.304053208963605 ], [ 104.442861054802663, 22.307683577317281 ], [ 104.440473506232919, 22.311315649392917 ], [ 104.440271793231048, 22.316338924300812 ], [ 104.438406799480902, 22.321739773846513 ], [ 104.435236518849109, 22.324750334434182 ], [ 104.438086400899437, 22.326617314009884 ], [ 104.441210587559794, 22.324165295948127 ], [ 104.44133101764163, 22.331374696728506 ], [ 104.442927460094552, 22.331282628007013 ], [ 104.445402645392292, 22.336107017902133 ], [ 104.448783046326554, 22.338657131812781 ], [ 104.448215896919663, 22.341000366701714 ], [ 104.446995740968589, 22.341362146665713 ], [ 104.461499397202573, 22.341668143808739 ], [ 104.461932674690317, 22.337419890578513 ], [ 104.465169506403797, 22.334342816605737 ], [ 104.465998676391777, 22.335630169985858 ], [ 104.47127732051257, 22.336217618598866 ], [ 104.476204072588857, 22.340892027887477 ], [ 104.478699571551743, 22.340163232747312 ], [ 104.480043104427281, 22.341981882674052 ], [ 104.483880128385891, 22.342473490350987 ], [ 104.486478167402225, 22.34467346396427 ] ] ] } },
{ "type": "Feature", "properties": { "xa": "Bản Hồ", "hat_kl": "Hạt KL Bát Xát", "che_phu": 71.4, "dt_rung": 11887.3, "DTBD": 16633.3 }, "geometry": { "type": "Polygon", "coordinates": [ [ [ 103.990283118237429, 22.344206972231682 ], [ 103.99979114444811, 22.343716830024942 ], [ 104.004224306225339, 22.340000370929566 ], [ 104.01383524333707, 22.336064996880236 ], [ 104.02336316766376, 22.335459665475419 ], [ 104.025347318131693, 22.333820299767542 ], [ 104.029455170993216, 22.318290974556362 ], [ 104.035645495636203, 22.311006373692951 ], [ 104.025419076286056, 22.305198841803247 ], [ 104.024368945156539, 22.301685585710505 ], [ 104.022037288977458, 22.299508863123648 ], [ 104.021225068898872, 22.293839677523302 ], [ 104.019651252427892, 22.293393602979123 ], [ 104.015629259609028, 22.295883374239185 ], [ 104.013198545156925, 22.293394238098273 ], [ 104.009751404002515, 22.294474287040192 ], [ 104.003694515160561, 22.286852441178951 ], [ 103.999390645173563, 22.285612956153198 ], [ 103.999283450351911, 22.283443567776821 ], [ 103.989219546893295, 22.282041433487983 ], [ 103.986839908520594, 22.271145264404399 ], [ 103.987781773403228, 22.269373825459045 ], [ 103.984231126818358, 22.268046993456412 ], [ 103.984924042503138, 22.264756280582048 ], [ 103.979989363566986, 22.258856385416991 ], [ 103.980789394547017, 22.256922837437759 ], [ 103.984888757357865, 22.255788926784998 ], [ 103.98582463317895, 22.254408239195161 ], [ 103.984430983186812, 22.251333834126967 ], [ 103.980892016622235, 22.248862578994391 ], [ 103.979844392222944, 22.244720677920839 ], [ 103.975825132185889, 22.241922464775769 ], [ 103.974874212016132, 22.237553591610549 ], [ 103.97109407699952, 22.2351070813056 ], [ 103.972434330704374, 22.230265899442816 ], [ 103.971208190613723, 22.227462304084845 ], [ 103.973316041187815, 22.223246208437324 ], [ 103.971520315849176, 22.218134896452305 ], [ 103.973753464641405, 22.217964853178287 ], [ 103.979292459504066, 22.213245802537855 ], [ 103.979871196491487, 22.209798939581511 ], [ 103.978034917067973, 22.206998010790297 ], [ 103.979488956802982, 22.205536806070999 ], [ 103.981844355684842, 22.205515876841332 ], [ 103.982048242346153, 22.203193860885555 ], [ 103.986427290787375, 22.199312298397771 ], [ 103.986008740230929, 22.197480362109104 ], [ 103.993624303813206, 22.193255301653071 ], [ 103.989840766463843, 22.188692775260691 ], [ 103.986154923688176, 22.180686151747707 ], [ 103.982936497409852, 22.178605343714345 ], [ 103.978793876203767, 22.171817236646561 ], [ 103.981726513832896, 22.165209550773099 ], [ 103.975186512951893, 22.151280498676098 ], [ 103.971378691047221, 22.150188202768529 ], [ 103.967968699142745, 22.151026415268017 ], [ 103.960348000340403, 22.145003421175364 ], [ 103.956635994780271, 22.146171017333202 ], [ 103.950890569895634, 22.143189170244046 ], [ 103.944573288197589, 22.145910424924597 ], [ 103.938298036715182, 22.138265299178087 ], [ 103.937100070592081, 22.141322592380149 ], [ 103.931394741801171, 22.140249623689545 ], [ 103.925438640395228, 22.142088072892275 ], [ 103.922049026323464, 22.141472238309607 ], [ 103.918343530847366, 22.144023181256809 ], [ 103.916128851976964, 22.143552828374183 ], [ 103.913313032215967, 22.145629371200918 ], [ 103.907284307329917, 22.155422749441403 ], [ 103.899054516076845, 22.158041634975863 ], [ 103.89632678390015, 22.162365781726109 ], [ 103.896996315214139, 22.165024219648579 ], [ 103.893780955784294, 22.166787824551438 ], [ 103.888453474121704, 22.174089659729532 ], [ 103.882543527568473, 22.175783766200006 ], [ 103.871926312467934, 22.176543392575901 ], [ 103.868051680375984, 22.178373630151039 ], [ 103.878107103586828, 22.180480569964764 ], [ 103.892925996794958, 22.191364568983516 ], [ 103.89514858916047, 22.194753740600358 ], [ 103.898208266127384, 22.196590506238969 ], [ 103.899570842243435, 22.199707712635838 ], [ 103.904380153504931, 22.200017868244306 ], [ 103.910938090397678, 22.202686854999264 ], [ 103.915439740389388, 22.207339999293307 ], [ 103.916143881555669, 22.210897390291876 ], [ 103.922136843511325, 22.216883558742992 ], [ 103.925539899539871, 22.224567601900752 ], [ 103.928122384245185, 22.227358871196564 ], [ 103.928225895615526, 22.230219145046142 ], [ 103.925241280097865, 22.231940875300175 ], [ 103.92078620604434, 22.238379425041593 ], [ 103.916985677160866, 22.238231669485536 ], [ 103.910282510321977, 22.246682299377422 ], [ 103.901140888654666, 22.253920418809923 ], [ 103.899833710581106, 22.25677557036072 ], [ 103.897363868592308, 22.25822211336838 ], [ 103.895101547540548, 22.264773427168222 ], [ 103.898550058354843, 22.269781828562667 ], [ 103.906277132345195, 22.273446342283009 ], [ 103.907945711617302, 22.272904749725857 ], [ 103.919708303747541, 22.278710691562903 ], [ 103.924672998590026, 22.278972251845566 ], [ 103.929937937524386, 22.280998647041532 ], [ 103.936360344794593, 22.275168432979658 ], [ 103.937202896574618, 22.273032227360563 ], [ 103.940728221046456, 22.272020845591229 ], [ 103.940724807870254, 22.277387381921848 ], [ 103.942922676722901, 22.2780553227654 ], [ 103.94274937762205, 22.276313112893686 ], [ 103.951291507574794, 22.283644243766339 ], [ 103.943995088225876, 22.289619811475408 ], [ 103.943290231137993, 22.2932277820709 ], [ 103.937803518940697, 22.295609866914344 ], [ 103.933439537573648, 22.301553878946226 ], [ 103.929316088970879, 22.310550607640341 ], [ 103.937453733276101, 22.317876359617738 ], [ 103.945672098232208, 22.31568579599227 ], [ 103.948286856448689, 22.316085990228448 ], [ 103.95287846039497, 22.321154926136913 ], [ 103.966184144761812, 22.328439763065546 ], [ 103.967543141851337, 22.332508353009647 ], [ 103.972236975709066, 22.338094816592744 ], [ 103.983466681480778, 22.340619288469529 ], [ 103.984376254480196, 22.342264331845126 ], [ 103.990283118237429, 22.344206972231682 ] ] ] } },
{ "type": "Feature", "properties": { "xa": "Tả Van", "hat_kl": "Hạt KL Bát Xát", "che_phu": 79.9, "dt_rung": 12426.0, "DTBD": 15363.98 }, "geometry": { "type": "Polygon", "coordinates": [ [ [ 103.781303331593932, 22.358513490589818 ], [ 103.788018559749986, 22.355501999144249 ], [ 103.792649397027802, 22.3556768234481 ], [ 103.79725403750767, 22.352724871450594 ], [ 103.803821712481152, 22.351951794402062 ], [ 103.812139916256456, 22.337307122791216 ], [ 103.821898023596404, 22.32900017265942 ], [ 103.829427245651388, 22.328765959419435 ], [ 103.829553696482733, 22.331152047511392 ], [ 103.832297329567425, 22.332016583193724 ], [ 103.837356981592293, 22.330392624514516 ], [ 103.836634283628428, 22.326683430541639 ], [ 103.845414332611057, 22.323081900924418 ], [ 103.845597774832711, 22.321110159145825 ], [ 103.848666198241688, 22.321716774190936 ], [ 103.850118174006539, 22.320458638687867 ], [ 103.851856465206936, 22.316392516950977 ], [ 103.849352235587858, 22.315802916433626 ], [ 103.849725101615277, 22.314506635279198 ], [ 103.852833667722635, 22.314431930028348 ], [ 103.854876749619706, 22.310319772002821 ], [ 103.858049515504064, 22.310910796204038 ], [ 103.86492773163404, 22.30837407114851 ], [ 103.867791149690945, 22.309573969022942 ], [ 103.869632206557341, 22.308254548968112 ], [ 103.871674191977732, 22.309687247982623 ], [ 103.879318235493855, 22.310488586602666 ], [ 103.885446113113204, 22.307829640182305 ], [ 103.889106390895208, 22.313215226935078 ], [ 103.878263136360886, 22.322180699986678 ], [ 103.875358844229993, 22.322935654803853 ], [ 103.87511323172788, 22.325386279304503 ], [ 103.873168557651709, 22.327429733528593 ], [ 103.879638342523123, 22.326655443703856 ], [ 103.896397189843654, 22.330305867838515 ], [ 103.90467200308025, 22.32207346827488 ], [ 103.915271273245736, 22.318655841066107 ], [ 103.915922893734873, 22.314956809950424 ], [ 103.919435002557393, 22.311542561420069 ], [ 103.929316088970879, 22.310550607640341 ], [ 103.933439537573648, 22.301553878946226 ], [ 103.937803518940697, 22.295609866914344 ], [ 103.943290231137993, 22.2932277820709 ], [ 103.943995088225876, 22.289619811475408 ], [ 103.951291507574794, 22.283644243766339 ], [ 103.94274937762205, 22.276313112893686 ], [ 103.942922676722901, 22.2780553227654 ], [ 103.940724807870254, 22.277387381921848 ], [ 103.940070871310709, 22.271729029747085 ], [ 103.937202896574618, 22.273032227360563 ], [ 103.936360344794593, 22.275168432979658 ], [ 103.929937937524386, 22.280998647041532 ], [ 103.924672998590026, 22.278972251845566 ], [ 103.919708303747541, 22.278710691562903 ], [ 103.907945711617302, 22.272904749725857 ], [ 103.906277132345195, 22.273446342283009 ], [ 103.898550058354843, 22.269781828562667 ], [ 103.895101547540548, 22.264773427168222 ], [ 103.897363868592308, 22.25822211336838 ], [ 103.899833710581106, 22.25677557036072 ], [ 103.901324312705157, 22.253717007280191 ], [ 103.910282510321977, 22.246682299377422 ], [ 103.916942874759201, 22.238268296495157 ], [ 103.920706123996339, 22.238437627561613 ], [ 103.925241280097865, 22.231940875300175 ], [ 103.928225895615526, 22.230219145046142 ], [ 103.928122384245185, 22.227358871196564 ], [ 103.925539899539871, 22.224567601900752 ], [ 103.922136843511325, 22.216883558742992 ], [ 103.916143881555669, 22.210897390291876 ], [ 103.915439740389388, 22.207339999293307 ], [ 103.910938090397678, 22.202686854999264 ], [ 103.904380153504931, 22.200017868244306 ], [ 103.899570842243435, 22.199707712635838 ], [ 103.898208266127384, 22.196590506238969 ], [ 103.89514858916047, 22.194753740600358 ], [ 103.892925996794958, 22.191364568983516 ], [ 103.878107103586828, 22.180480569964764 ], [ 103.868051680375984, 22.178373630151039 ], [ 103.86646419752239, 22.180200747748188 ], [ 103.865251793752464, 22.182840411215533 ], [ 103.866482250312359, 22.185641889352592 ], [ 103.872496994992659, 22.188824750066207 ], [ 103.87301412818465, 22.199369517018724 ], [ 103.867433308869579, 22.203289573229554 ], [ 103.861703500914388, 22.2037580904002 ], [ 103.856941471064715, 22.205985424540241 ], [ 103.851392682163961, 22.220238472293499 ], [ 103.842612866797381, 22.225246294628526 ], [ 103.841788990637028, 22.230259319685775 ], [ 103.844324694006445, 22.235025032941927 ], [ 103.842894632637709, 22.241331145153541 ], [ 103.840608609472326, 22.24417879570926 ], [ 103.83992515461324, 22.247996720624524 ], [ 103.835560703297077, 22.249907165373891 ], [ 103.83205984440697, 22.255138114041912 ], [ 103.831888342968256, 22.257336412763859 ], [ 103.828683552368574, 22.260122059147449 ], [ 103.827803634806031, 22.262261153607646 ], [ 103.828979418772064, 22.264829131640887 ], [ 103.82437847251191, 22.272721331619973 ], [ 103.822180557227426, 22.273534019614928 ], [ 103.817581970307046, 22.279767880066029 ], [ 103.814185087339311, 22.280969200914555 ], [ 103.810738254660308, 22.285412458734722 ], [ 103.806867218088868, 22.286010514124104 ], [ 103.801538251676376, 22.291743486880332 ], [ 103.797181547917461, 22.293981778831895 ], [ 103.792983889187894, 22.299165156670885 ], [ 103.786974054398513, 22.303278640972753 ], [ 103.778946221698263, 22.301853162459601 ], [ 103.778375113422371, 22.303001059035129 ], [ 103.775214651239025, 22.303403468504804 ], [ 103.774292809320841, 22.306892508270387 ], [ 103.770889591253294, 22.309540367860464 ], [ 103.761280907398557, 22.311809442152786 ], [ 103.767646973701375, 22.319163819784759 ], [ 103.770781216265959, 22.320708861329475 ], [ 103.772459314441448, 22.324803169235455 ], [ 103.77297635336862, 22.327551860144151 ], [ 103.768881467845688, 22.3318661430263 ], [ 103.771926232647374, 22.334535929202463 ], [ 103.782412764393456, 22.338444749427669 ], [ 103.778521624102154, 22.34447738278028 ], [ 103.78067127020239, 22.347051337069804 ], [ 103.78060060225458, 22.348748846182456 ], [ 103.777049488070475, 22.350387013164873 ], [ 103.775945627655091, 22.352781789739215 ], [ 103.773458036458635, 22.35303736418885 ], [ 103.776225676277164, 22.353401617053297 ], [ 103.774481509074903, 22.354024253177332 ], [ 103.77421810603164, 22.354876687513485 ], [ 103.775513849329258, 22.354519926064022 ], [ 103.781303331593932, 22.358513490589818 ] ] ] } },
{ "type": "Feature", "properties": { "xa": "Thượng Hà", "hat_kl": "Hạt KL Bảo Yên", "che_phu": 68.5, "dt_rung": 11247.4, "DTBD": 14383.99 }, "geometry": { "type": "Polygon", "coordinates": [ [ [ 104.348646986585038, 22.362625840915136 ], [ 104.375080016416689, 22.351718173667319 ], [ 104.377745865045881, 22.344433649848266 ], [ 104.37956721381444, 22.343140465854695 ], [ 104.39076299051257, 22.341686966642197 ], [ 104.396176275017979, 22.337579474645459 ], [ 104.403686386879968, 22.341587220237333 ], [ 104.40623078828429, 22.341736328429278 ], [ 104.415384575804467, 22.335547565985586 ], [ 104.424679788060857, 22.334585227322549 ], [ 104.437960510742172, 22.32228865997023 ], [ 104.440271793231048, 22.316338924300812 ], [ 104.440638175245894, 22.310808485563033 ], [ 104.442861054802663, 22.307683577317281 ], [ 104.44172467496476, 22.304053208963605 ], [ 104.445724352857624, 22.302126126989908 ], [ 104.443790973243267, 22.299990248211333 ], [ 104.439992650471609, 22.300982729931963 ], [ 104.440317516356046, 22.298772444809682 ], [ 104.438798030284829, 22.296317401171493 ], [ 104.441294158470484, 22.291358284454059 ], [ 104.438958507588495, 22.285725221241854 ], [ 104.442788276954786, 22.281435237454545 ], [ 104.440786845467699, 22.280562698525639 ], [ 104.441505796853761, 22.279029523954975 ], [ 104.440326774047563, 22.276946060716252 ], [ 104.4338159062427, 22.27366320845039 ], [ 104.430380778987939, 22.273794485988766 ], [ 104.435066490472693, 22.269559193706041 ], [ 104.438420956176884, 22.26886554009776 ], [ 104.454369112167257, 22.254207735559827 ], [ 104.454953801219801, 22.252159361661278 ], [ 104.459373875788344, 22.248484532887545 ], [ 104.46078641865121, 22.245352292360018 ], [ 104.460011562950399, 22.243736612946336 ], [ 104.453069833999336, 22.247410308362468 ], [ 104.450521619465178, 22.247000479076586 ], [ 104.446694965078123, 22.251430217297816 ], [ 104.443560594586074, 22.249724603774848 ], [ 104.441504268366671, 22.247362490345822 ], [ 104.438861246210209, 22.246890432641791 ], [ 104.435783468782176, 22.242126519645225 ], [ 104.436206380800073, 22.240330782648453 ], [ 104.435072486402618, 22.238980813813797 ], [ 104.437602937598029, 22.233311626348186 ], [ 104.43609372402203, 22.231236702658819 ], [ 104.432488296597, 22.230860224130776 ], [ 104.430357184780817, 22.228911467693948 ], [ 104.423024673302436, 22.233382770797107 ], [ 104.420355855629907, 22.230598830627894 ], [ 104.423275742338717, 22.229109278825938 ], [ 104.426467096708819, 22.224655336773022 ], [ 104.419823727232952, 22.219388066873044 ], [ 104.414637422120563, 22.217844355423203 ], [ 104.411270134105834, 22.219168179892836 ], [ 104.408124491419954, 22.224588655219975 ], [ 104.4027811249628, 22.224012507103655 ], [ 104.392180761942797, 22.228557685276613 ], [ 104.388628096069226, 22.226104276249362 ], [ 104.384260488510037, 22.226101741155496 ], [ 104.37838280215324, 22.229308065854731 ], [ 104.37362910910781, 22.235483537474089 ], [ 104.364923782033969, 22.241125813920746 ], [ 104.361389734268087, 22.246334984751005 ], [ 104.360939458151421, 22.251996102537305 ], [ 104.362101184614588, 22.25608679501152 ], [ 104.360463306555431, 22.259350191556127 ], [ 104.361458485763876, 22.263894407411637 ], [ 104.359779340583401, 22.266358951863413 ], [ 104.353465498741912, 22.267870700993321 ], [ 104.347188214277651, 22.271920761235236 ], [ 104.343245054187946, 22.27196421964759 ], [ 104.339135846040591, 22.270253076742854 ], [ 104.331433700045793, 22.275164932920845 ], [ 104.325450199381521, 22.277342500755715 ], [ 104.31847969208836, 22.282562706319368 ], [ 104.317336794286419, 22.28679792166864 ], [ 104.304097734050345, 22.299442067286972 ], [ 104.304063838996925, 22.301712190706354 ], [ 104.297035354201725, 22.313091472064613 ], [ 104.292607176003827, 22.314626114278987 ], [ 104.290369129675597, 22.317185591896187 ], [ 104.292608148289005, 22.317098448337532 ], [ 104.29713029651306, 22.321211101397271 ], [ 104.308926102996821, 22.316493937747186 ], [ 104.313637728514706, 22.318321356500348 ], [ 104.315598623269395, 22.31736730985066 ], [ 104.317152358101083, 22.319573943834079 ], [ 104.320730853610058, 22.317579847862003 ], [ 104.324271360202346, 22.319245264380367 ], [ 104.328291721066023, 22.325060051803934 ], [ 104.323769095120838, 22.330794247006125 ], [ 104.318783701915606, 22.332740502499387 ], [ 104.323094988866146, 22.339441438015189 ], [ 104.322807842578129, 22.340995698501306 ], [ 104.326493819721833, 22.339700796495883 ], [ 104.329979871423021, 22.34267341824269 ], [ 104.335707704050677, 22.344986374700422 ], [ 104.338992214023463, 22.349092807458216 ], [ 104.343236080886982, 22.350423633146836 ], [ 104.343676227411535, 22.353993205136394 ], [ 104.345644959386405, 22.354331660321172 ], [ 104.345266257813549, 22.357068567476766 ], [ 104.348646986585038, 22.362625840915136 ] ] ] } },
{ "type": "Feature", "properties": { "xa": "P. Sa Pa", "hat_kl": "Hạt KL Bát Xát", "che_phu": 33.8, "dt_rung": 2036.5, "DTBD": 6001.78 }, "geometry": { "type": "Polygon", "coordinates": [ [ [ 103.76816613507502, 22.379665172105728 ], [ 103.772665093618997, 22.377878446567195 ], [ 103.786793682273739, 22.37768385663815 ], [ 103.793630466579273, 22.374539143209521 ], [ 103.799468526765466, 22.376210337523666 ], [ 103.801796350983324, 22.378911411733853 ], [ 103.806223946337909, 22.377867533458765 ], [ 103.808505578335044, 22.379808771330861 ], [ 103.81116785199778, 22.376072020264012 ], [ 103.817876798560334, 22.372744637983615 ], [ 103.819890100192126, 22.370233963934464 ], [ 103.822588073835973, 22.370283040545086 ], [ 103.82662844603496, 22.367322594498596 ], [ 103.830206577321221, 22.366580869403009 ], [ 103.83933787127981, 22.37101237918645 ], [ 103.850012718897219, 22.379680328434237 ], [ 103.863021850580097, 22.37921872642848 ], [ 103.867841131617553, 22.373279019068786 ], [ 103.871934277623083, 22.37157117216012 ], [ 103.872991190175227, 22.368284838302827 ], [ 103.875261980134326, 22.366402115247094 ], [ 103.88659331867521, 22.360335307025622 ], [ 103.891363599430022, 22.360377473275474 ], [ 103.897779196383567, 22.354672302149773 ], [ 103.901635174773844, 22.353584379393563 ], [ 103.899511013071532, 22.351971715463666 ], [ 103.897231917363868, 22.346950707055388 ], [ 103.898794512078496, 22.33462653915581 ], [ 103.896397189843654, 22.330305867838515 ], [ 103.879638342523123, 22.326655443703856 ], [ 103.873168557651709, 22.327429733528593 ], [ 103.87511323172788, 22.325386279304503 ], [ 103.875358844229993, 22.322935654803853 ], [ 103.878263136360886, 22.322180699986678 ], [ 103.889106390895208, 22.313215226935078 ], [ 103.885446113113204, 22.307829640182305 ], [ 103.879318235493855, 22.310488586602666 ], [ 103.871674191977732, 22.309687247982623 ], [ 103.869632206557341, 22.308254548968112 ], [ 103.867791149690945, 22.309573969022942 ], [ 103.86492773163404, 22.30837407114851 ], [ 103.858049515504064, 22.310910796204038 ], [ 103.854876749619706, 22.310319772002821 ], [ 103.852833667722635, 22.314431930028348 ], [ 103.849725101615277, 22.314506635279198 ], [ 103.849352235587858, 22.315802916433626 ], [ 103.851856465206936, 22.316392516950977 ], [ 103.850118174006539, 22.320458638687867 ], [ 103.848666198241688, 22.321716774190936 ], [ 103.845597774832711, 22.321110159145825 ], [ 103.845414332611057, 22.323081900924418 ], [ 103.836634283628428, 22.326683430541639 ], [ 103.837356981592293, 22.330392624514516 ], [ 103.832038697596062, 22.331977911940072 ], [ 103.829553696482733, 22.331152047511392 ], [ 103.829427245651388, 22.328765959419435 ], [ 103.823980148583274, 22.328290168267689 ], [ 103.816223008344778, 22.333049262649617 ], [ 103.814361641897904, 22.336461060364844 ], [ 103.810366161994082, 22.339746231944194 ], [ 103.8036764191814, 22.352032130842598 ], [ 103.79725403750767, 22.352724871450594 ], [ 103.792649397027802, 22.3556768234481 ], [ 103.788018559749986, 22.355501999144249 ], [ 103.78113061856692, 22.358526815791446 ], [ 103.775513849329258, 22.354519926064022 ], [ 103.77421810603164, 22.354876687513485 ], [ 103.775984738679654, 22.353300470480626 ], [ 103.767873879793356, 22.354468893056815 ], [ 103.766423675022224, 22.355929633642976 ], [ 103.767634383937278, 22.359936165476984 ], [ 103.76641449323526, 22.374999382809008 ], [ 103.76816613507502, 22.379665172105728 ] ] ] } },
{ "type": "Feature", "properties": { "xa": "Gia Phú", "hat_kl": "Hạt KL Bảo Thắng", "che_phu": 52.0, "dt_rung": 5403.3, "DTBD": 10233.13 }, "geometry": { "type": "Polygon", "coordinates": [ [ [ 104.072268249443326, 22.414052573523637 ], [ 104.07922893314489, 22.408488623404203 ], [ 104.086001304782229, 22.396630584936382 ], [ 104.108541664569813, 22.388856147290742 ], [ 104.11144974350546, 22.386514246793134 ], [ 104.111637985316861, 22.382781181583336 ], [ 104.109740657624101, 22.379980010422706 ], [ 104.10557519435558, 22.375284563032295 ], [ 104.100588242593304, 22.37588497124133 ], [ 104.099301240295745, 22.372621480682632 ], [ 104.100856225796846, 22.370676380474659 ], [ 104.104293024244697, 22.370233245715394 ], [ 104.105996672922487, 22.364930566495691 ], [ 104.109020682450549, 22.362593128755044 ], [ 104.110352484817781, 22.359054772784763 ], [ 104.115003542197499, 22.356247245492064 ], [ 104.117185597151476, 22.357788909254147 ], [ 104.118829702443435, 22.357391816006963 ], [ 104.119419149841747, 22.35557939989063 ], [ 104.121842217503612, 22.356191915413447 ], [ 104.125725915017824, 22.353108806116982 ], [ 104.12712875806443, 22.350640129112154 ], [ 104.126528534273206, 22.349315390922094 ], [ 104.128538783713253, 22.34842325393506 ], [ 104.127862343409433, 22.34545799244377 ], [ 104.131438210348051, 22.341260914142993 ], [ 104.132785099762415, 22.336676238373652 ], [ 104.135151153877217, 22.338054808194705 ], [ 104.136969231092067, 22.33559330001901 ], [ 104.13978576564665, 22.334849195867612 ], [ 104.140313582226028, 22.330603282032353 ], [ 104.14385626896312, 22.327822142961498 ], [ 104.144203943866813, 22.325717190943362 ], [ 104.147760774948594, 22.324705133275625 ], [ 104.149517639052732, 22.322641250176851 ], [ 104.149504682436302, 22.318364119512609 ], [ 104.152814617187843, 22.312225101135489 ], [ 104.150502944671373, 22.311648781031572 ], [ 104.146471778750339, 22.314773887542778 ], [ 104.141381627350654, 22.316023294784642 ], [ 104.139131232971053, 22.315637871464617 ], [ 104.140461111274504, 22.312795612621116 ], [ 104.138691981857846, 22.311143651831642 ], [ 104.12520801295986, 22.320844034908514 ], [ 104.120323035665379, 22.321210586703025 ], [ 104.11424266570657, 22.319281556514156 ], [ 104.112059599705745, 22.314596019866787 ], [ 104.113661506530633, 22.312328087525945 ], [ 104.111259307781395, 22.310246265084963 ], [ 104.109426725819375, 22.311375157094396 ], [ 104.108538573178478, 22.310685640458971 ], [ 104.104608095525919, 22.302628348159015 ], [ 104.096287958965135, 22.2984562419994 ], [ 104.089092010047352, 22.301079266936863 ], [ 104.087112297431801, 22.299173206694633 ], [ 104.083565425273491, 22.298485045255546 ], [ 104.083117136896689, 22.293947405381292 ], [ 104.080579917443757, 22.292542822910491 ], [ 104.079120664782863, 22.289281704616293 ], [ 104.076750374563375, 22.289399500363615 ], [ 104.075121159714058, 22.286172051021641 ], [ 104.076946822138936, 22.27899327901337 ], [ 104.072629627387897, 22.273635210706967 ], [ 104.071508788501802, 22.269310211220432 ], [ 104.067274850805077, 22.271672808768685 ], [ 104.054897968169115, 22.283330420432463 ], [ 104.053885452579152, 22.287348718808961 ], [ 104.042322502655949, 22.298592182392539 ], [ 104.040122999668327, 22.30221378873609 ], [ 104.039725185672097, 22.305955606381342 ], [ 104.029455170993216, 22.318290974556362 ], [ 104.025347318131693, 22.333820299767542 ], [ 104.037224017168143, 22.334101457043744 ], [ 104.04135472215637, 22.3398881463553 ], [ 104.040850315393968, 22.344894638318682 ], [ 104.042468964477735, 22.349184409140921 ], [ 104.041167593592448, 22.35126542682395 ], [ 104.042669121542446, 22.35544206463981 ], [ 104.040589956089391, 22.362783489292365 ], [ 104.039179275482724, 22.365345447853205 ], [ 104.03604199897012, 22.367020347412218 ], [ 104.035782916543596, 22.37045188484872 ], [ 104.030489531647291, 22.375568783336078 ], [ 104.03038580468268, 22.379576539977318 ], [ 104.032310427986047, 22.381606581951811 ], [ 104.038536133986895, 22.381102606275746 ], [ 104.03788458442439, 22.386265189091787 ], [ 104.040400751337117, 22.387083977257277 ], [ 104.04160814539965, 22.389613970057727 ], [ 104.043960260559771, 22.389088446583166 ], [ 104.043938364542669, 22.390598060113881 ], [ 104.052378453886945, 22.400097353233765 ], [ 104.055938251536929, 22.399641346593121 ], [ 104.054788806275994, 22.403063847126869 ], [ 104.057621327591633, 22.404175344829845 ], [ 104.059741227879499, 22.408288992975919 ], [ 104.068058971396582, 22.413241222626958 ], [ 104.072268249443326, 22.414052573523637 ] ] ] } },
{ "type": "Feature", "properties": { "xa": "Tả Phìn", "hat_kl": "Hạt KL Bát Xát", "che_phu": 56.1, "dt_rung": 4056.3, "DTBD": 7227.58 }, "geometry": { "type": "Polygon", "coordinates": [ [ [ 103.889257726957439, 22.436516958017155 ], [ 103.902279405391894, 22.423516135884206 ], [ 103.914514861127969, 22.420548075796095 ], [ 103.914737520241545, 22.422345533736852 ], [ 103.918258365632298, 22.425765132413307 ], [ 103.916770842048507, 22.427665482748843 ], [ 103.919189677776217, 22.427190643123811 ], [ 103.924974030680005, 22.423424481228043 ], [ 103.925851744188137, 22.41904596784758 ], [ 103.932530114048006, 22.410304498693051 ], [ 103.929687545523237, 22.402558203276485 ], [ 103.925995166503114, 22.399057874514291 ], [ 103.926428214701829, 22.39653552197063 ], [ 103.923313487875816, 22.390147679144892 ], [ 103.923601230314318, 22.386284869650542 ], [ 103.920989599819023, 22.375693181990005 ], [ 103.917727643080553, 22.373524757584839 ], [ 103.915261224025826, 22.37363532467117 ], [ 103.914037446167129, 22.367801700022014 ], [ 103.906843407117819, 22.361222202818645 ], [ 103.903902753536173, 22.353369117891077 ], [ 103.898093385774416, 22.354493881261231 ], [ 103.891363599430022, 22.360377473275474 ], [ 103.88659331867521, 22.360335307025622 ], [ 103.875261980134326, 22.366402115247094 ], [ 103.872991190175227, 22.368284838302827 ], [ 103.871934277623083, 22.37157117216012 ], [ 103.867841131617553, 22.373279019068786 ], [ 103.863021850580097, 22.37921872642848 ], [ 103.850012718897219, 22.379680328434237 ], [ 103.83933787127981, 22.37101237918645 ], [ 103.830206577321221, 22.366580869403009 ], [ 103.82662844603496, 22.367322594498596 ], [ 103.822588073835973, 22.370283040545086 ], [ 103.819997916778988, 22.370169472583697 ], [ 103.817876798560334, 22.372744637983615 ], [ 103.811300940151696, 22.375961535153721 ], [ 103.808748362409503, 22.379111666173166 ], [ 103.811159280586224, 22.388029676291211 ], [ 103.811451681433908, 22.399068483767525 ], [ 103.814762234819753, 22.402977778727642 ], [ 103.822660845402083, 22.403293477291307 ], [ 103.828173901826219, 22.405370444210423 ], [ 103.82651862285455, 22.407039335862329 ], [ 103.82751431947473, 22.412849447941163 ], [ 103.824919143491087, 22.4211464678894 ], [ 103.829281458973782, 22.422024057520158 ], [ 103.84006876661357, 22.434230632449655 ], [ 103.852471969911207, 22.427546215482344 ], [ 103.856330991123841, 22.42193384314325 ], [ 103.863023415912011, 22.41948973104385 ], [ 103.870986564778548, 22.424929261110645 ], [ 103.878456137532865, 22.433255656231168 ], [ 103.884510686876396, 22.436475328284562 ], [ 103.889257726957439, 22.436516958017155 ] ] ] } },
{ "type": "Feature", "properties": { "xa": "Hợp Thành", "hat_kl": "Hạt KL Bát Xát", "che_phu": 67.9, "dt_rung": 7892.6, "DTBD": 11630.54 }, "geometry": { "type": "Polygon", "coordinates": [ [ [ 103.961826581525287, 22.440209561400437 ], [ 103.965063601287014, 22.436984534080121 ], [ 103.965393481473726, 22.43163230756381 ], [ 103.968049170176684, 22.429873971865266 ], [ 103.972791811598142, 22.430560358922421 ], [ 103.976496726660329, 22.427024780524309 ], [ 103.978720060016357, 22.416871279272133 ], [ 103.986340106917623, 22.407773556231973 ], [ 103.990257172874507, 22.406431602651764 ], [ 103.994910883510371, 22.410151738804597 ], [ 103.999053328095584, 22.405654416302866 ], [ 104.001247934223571, 22.406162650811705 ], [ 104.011054108246597, 22.402833102461994 ], [ 104.012019281188145, 22.40204694432078 ], [ 104.010788273494668, 22.400484479841218 ], [ 104.011311157759607, 22.397821482601124 ], [ 104.01746846757375, 22.393151420416675 ], [ 104.017669245266333, 22.390899651673198 ], [ 104.019291738745551, 22.390023583119291 ], [ 104.017449609788443, 22.387981571760513 ], [ 104.021751130295442, 22.38474488545652 ], [ 104.022445911442475, 22.385387132494447 ], [ 104.02602394626912, 22.383320284479094 ], [ 104.028164803466225, 22.384205222503425 ], [ 104.029739957449408, 22.382707142123003 ], [ 104.029383303090057, 22.380005926010167 ], [ 104.025673575202362, 22.376923437506605 ], [ 104.029207831405344, 22.374311747232063 ], [ 104.030489531647291, 22.375568783336078 ], [ 104.031929114916949, 22.374598477285453 ], [ 104.031958241397675, 22.373331017930173 ], [ 104.03623093537216, 22.36978529692934 ], [ 104.036252023572544, 22.366734087974848 ], [ 104.040362339389716, 22.363325345465924 ], [ 104.042669121542446, 22.35544206463981 ], [ 104.041167593592448, 22.35126542682395 ], [ 104.042468964477735, 22.349184409140921 ], [ 104.040850315393968, 22.344894638318682 ], [ 104.04135472215637, 22.3398881463553 ], [ 104.037048324385168, 22.334003510287278 ], [ 104.025572817588738, 22.333651976381798 ], [ 104.022952479868749, 22.335658221538235 ], [ 104.014014772556791, 22.336021108937633 ], [ 104.009289656240014, 22.337777510235192 ], [ 104.004224306225339, 22.340000370929566 ], [ 103.99979114444811, 22.343716830024942 ], [ 103.988961455828758, 22.344064220688502 ], [ 103.984183131414866, 22.342145745830891 ], [ 103.983466681480778, 22.340619288469529 ], [ 103.972236975709066, 22.338094816592744 ], [ 103.967543141851337, 22.332508353009647 ], [ 103.966184144761812, 22.328439763065546 ], [ 103.95287846039497, 22.321154926136913 ], [ 103.948089903422996, 22.315986940578661 ], [ 103.937453733276101, 22.317876359617738 ], [ 103.929194888043014, 22.310480275799087 ], [ 103.919867221552991, 22.311308797444294 ], [ 103.915922893734873, 22.314956809950424 ], [ 103.915271273245736, 22.318655841066107 ], [ 103.904896269955785, 22.321936465586496 ], [ 103.896474505159802, 22.329755575612602 ], [ 103.898891262638713, 22.335383468707036 ], [ 103.897243918848659, 22.347004593824256 ], [ 103.899748609934719, 22.352238739524513 ], [ 103.905182594631981, 22.354664315327724 ], [ 103.906843407117819, 22.361222202818645 ], [ 103.914037446167129, 22.367801700022014 ], [ 103.915261224025826, 22.37363532467117 ], [ 103.917727643080553, 22.373524757584839 ], [ 103.920970969665916, 22.375658137305436 ], [ 103.923601230314318, 22.386284869650542 ], [ 103.923313487875816, 22.390147679144892 ], [ 103.926428214701829, 22.39653552197063 ], [ 103.92604346584092, 22.399167844802324 ], [ 103.931629805610427, 22.40626615829709 ], [ 103.934498811757024, 22.407433078315087 ], [ 103.939673278167277, 22.413045105496696 ], [ 103.941627475292933, 22.416170157855635 ], [ 103.941701529705526, 22.420593993663196 ], [ 103.943461482772236, 22.42286518436541 ], [ 103.946864688036001, 22.426498070976514 ], [ 103.955624830041231, 22.431347766170077 ], [ 103.956774445992451, 22.43774821911822 ], [ 103.961826581525287, 22.440209561400437 ] ] ] } },
{ "type": "Feature", "properties": { "xa": "Xuân Quang", "hat_kl": "Hạt KL Bảo Thắng", "che_phu": 57.7, "dt_rung": 8792.6, "DTBD": 13770.5 }, "geometry": { "type": "Polygon", "coordinates": [ [ [ 104.19263708095319, 22.456517890835425 ], [ 104.195183439941971, 22.454530793678604 ], [ 104.202981134858604, 22.452307674711633 ], [ 104.204876714766186, 22.449124570706008 ], [ 104.208155488307256, 22.449244345412897 ], [ 104.207550504262073, 22.445194204769987 ], [ 104.212034363133625, 22.441692488381598 ], [ 104.215419719470518, 22.433702958206535 ], [ 104.216651234437364, 22.433755888528271 ], [ 104.218900442761139, 22.43021225386255 ], [ 104.22388777442643, 22.429242012935394 ], [ 104.225611047138798, 22.427470375190591 ], [ 104.22646112190229, 22.416591661077707 ], [ 104.230580767208707, 22.413436547407876 ], [ 104.230413593713976, 22.41061801052286 ], [ 104.233085799508743, 22.406822642597529 ], [ 104.23441146711157, 22.39837774112576 ], [ 104.239236636762683, 22.393496604726526 ], [ 104.237791163562889, 22.391550142274177 ], [ 104.241155908046323, 22.388981267313639 ], [ 104.241211631705795, 22.386396888321283 ], [ 104.245118423718864, 22.385291695471118 ], [ 104.250057770855847, 22.381516898214006 ], [ 104.258198670541333, 22.381312365073047 ], [ 104.26172498084668, 22.378573030550452 ], [ 104.262913369654015, 22.379137994765394 ], [ 104.265574793379017, 22.370843369466968 ], [ 104.270639093714948, 22.36869247872832 ], [ 104.273113539506156, 22.370915067973772 ], [ 104.278320273508186, 22.368073100937909 ], [ 104.279312927362511, 22.365332468505237 ], [ 104.282519386542361, 22.362527249982779 ], [ 104.28520459166424, 22.363032695411555 ], [ 104.28572238452702, 22.365443638339528 ], [ 104.287122411392133, 22.365576794904943 ], [ 104.29125172302426, 22.362952676186634 ], [ 104.292908140346412, 22.357440231250344 ], [ 104.300248869842122, 22.355980193220404 ], [ 104.304691774247459, 22.351146989627292 ], [ 104.31093600144132, 22.347183028224013 ], [ 104.318154040437747, 22.345577061998636 ], [ 104.322807842578129, 22.340995698501306 ], [ 104.323094988866146, 22.339441438015189 ], [ 104.318783701915606, 22.332740502499387 ], [ 104.323769095120838, 22.330794247006125 ], [ 104.328291721066023, 22.325060051803934 ], [ 104.324271360202346, 22.319245264380367 ], [ 104.320730853610058, 22.317579847862003 ], [ 104.317152358101083, 22.319573943834079 ], [ 104.315598623269395, 22.31736730985066 ], [ 104.313637728514706, 22.318321356500348 ], [ 104.308926102996821, 22.316493937747186 ], [ 104.29713029651306, 22.321211101397271 ], [ 104.292608148289005, 22.317098448337532 ], [ 104.290369129675597, 22.317185591896187 ], [ 104.292607176003827, 22.314626114278987 ], [ 104.297035354201725, 22.313091472064613 ], [ 104.300467778499907, 22.308492048298632 ], [ 104.304910912155975, 22.29865739603439 ], [ 104.300763051988497, 22.297833954816419 ], [ 104.295025067498955, 22.301737762134973 ], [ 104.28663051910506, 22.299567160871327 ], [ 104.282655086775208, 22.300444173968884 ], [ 104.281681486085432, 22.299584652475044 ], [ 104.282981718543923, 22.297803171584746 ], [ 104.281014573654488, 22.296809558030926 ], [ 104.277774255858631, 22.297024499890078 ], [ 104.269334892856705, 22.292769618465435 ], [ 104.266657857085562, 22.293626058431883 ], [ 104.262971025366795, 22.287943711644441 ], [ 104.26771148855218, 22.284273613440213 ], [ 104.262918992044206, 22.281729442212317 ], [ 104.258863373263097, 22.283526295067094 ], [ 104.255993464299024, 22.283076135525302 ], [ 104.258272247725856, 22.278264193814209 ], [ 104.256459152741527, 22.27564221904596 ], [ 104.254261185658194, 22.274865239997112 ], [ 104.251509056621344, 22.277350823631323 ], [ 104.249982569691809, 22.275870498185309 ], [ 104.243620907898546, 22.278188639595683 ], [ 104.238776942598932, 22.280934431445374 ], [ 104.239806056124124, 22.283529570948961 ], [ 104.242019347154439, 22.284645468693146 ], [ 104.239715884315601, 22.289764878346048 ], [ 104.240791252854763, 22.296034819716489 ], [ 104.239081218670975, 22.299903698786306 ], [ 104.241228027355689, 22.301410004028838 ], [ 104.241432708036129, 22.306827445727357 ], [ 104.239131029591206, 22.307556987376874 ], [ 104.237746244856865, 22.306477985359489 ], [ 104.23550425503737, 22.30943035729862 ], [ 104.236541404922903, 22.310210064624911 ], [ 104.227604108220262, 22.31661225442469 ], [ 104.223624726338187, 22.316095440816071 ], [ 104.220428414615341, 22.318763620266992 ], [ 104.216986182244156, 22.31875369626718 ], [ 104.216521817205987, 22.322711838119623 ], [ 104.214595820734075, 22.325191885936608 ], [ 104.207056666499383, 22.327813148520171 ], [ 104.207832097019065, 22.329919573517653 ], [ 104.206707956881345, 22.333885493116195 ], [ 104.201935293745635, 22.336513317543453 ], [ 104.200702550480102, 22.338406966723173 ], [ 104.201090411076692, 22.341500212986869 ], [ 104.197259591745862, 22.343805413737932 ], [ 104.192201726949648, 22.343440556876896 ], [ 104.18962114850838, 22.344608328042813 ], [ 104.188920916529042, 22.347170587410293 ], [ 104.18497288127331, 22.350455962617342 ], [ 104.184877361838758, 22.353076483373759 ], [ 104.181557272511455, 22.357481026511717 ], [ 104.181862378252731, 22.361181994186119 ], [ 104.184875349390182, 22.360243089881969 ], [ 104.18622522883247, 22.362421783864857 ], [ 104.186342662130414, 22.363665516461992 ], [ 104.184638243429092, 22.364717395978445 ], [ 104.185184419452497, 22.367510028573658 ], [ 104.183413619726622, 22.368179281967386 ], [ 104.185579926109995, 22.371624388297818 ], [ 104.186355207753991, 22.378903869037643 ], [ 104.188122547115341, 22.380118928567093 ], [ 104.187415511166705, 22.383086823235956 ], [ 104.184797273229904, 22.386509268225538 ], [ 104.179123339393584, 22.386701485644114 ], [ 104.177402149077565, 22.390724198253928 ], [ 104.173604276547593, 22.388711664271867 ], [ 104.169839533276672, 22.388993794037471 ], [ 104.167911697116651, 22.393920848466042 ], [ 104.169501350820568, 22.396464672295071 ], [ 104.165605117837075, 22.400782147021346 ], [ 104.163705078848039, 22.406716298816065 ], [ 104.156727260560146, 22.414547988964497 ], [ 104.15421586890902, 22.422049185498132 ], [ 104.155171839571011, 22.423590160248693 ], [ 104.159476877836894, 22.42472589945141 ], [ 104.164571696219838, 22.423763214423904 ], [ 104.170474424400666, 22.415805151729433 ], [ 104.169903378481948, 22.414635470276831 ], [ 104.175479201926422, 22.408604266190082 ], [ 104.177442512212423, 22.411174537364143 ], [ 104.17565324798268, 22.412646944891691 ], [ 104.175227035135492, 22.417132902274709 ], [ 104.181248093839415, 22.422882375513979 ], [ 104.186257613697222, 22.422473664662412 ], [ 104.186458088489857, 22.429650310641119 ], [ 104.188926776337439, 22.432117897489832 ], [ 104.189721922497128, 22.435332573664958 ], [ 104.192193363843685, 22.436810311124152 ], [ 104.191189554686602, 22.440904345435428 ], [ 104.187817962829911, 22.444777911220882 ], [ 104.184597012901321, 22.452378969824217 ], [ 104.189405806337064, 22.453246473949669 ], [ 104.19263708095319, 22.456517890835425 ] ] ] } },
{ "type": "Feature", "properties": { "xa": "Cốc Lầu", "hat_kl": "Hạt KL Bảo Thắng", "che_phu": 66.1, "dt_rung": 9234.3, "DTBD": 13581.42 }, "geometry": { "type": "Polygon", "coordinates": [ [ [ 104.388392548712034, 22.464778059222606 ], [ 104.391104101269406, 22.462047009485577 ], [ 104.393116762366759, 22.456836729144648 ], [ 104.396587886659304, 22.454752544531004 ], [ 104.395931731066753, 22.451047379181819 ], [ 104.398972236215315, 22.45001334577632 ], [ 104.402866695653785, 22.445085627233322 ], [ 104.400560605664836, 22.439188636398363 ], [ 104.396212990537279, 22.434120830425524 ], [ 104.397828956189187, 22.427689377841883 ], [ 104.396170576156848, 22.423794614617666 ], [ 104.392504508304526, 22.422680750455296 ], [ 104.390953893720592, 22.419984446350636 ], [ 104.393969312600404, 22.412494673905087 ], [ 104.392953043342089, 22.410808451746984 ], [ 104.393961197176935, 22.407445332942448 ], [ 104.393493446785129, 22.405150435023636 ], [ 104.391028430617979, 22.403979397017455 ], [ 104.389714545390959, 22.40128369312739 ], [ 104.394903379151813, 22.398488774922242 ], [ 104.400463236118568, 22.388064625224292 ], [ 104.403753312280955, 22.387683623762531 ], [ 104.411155825585169, 22.390875086348149 ], [ 104.413326161365518, 22.389973411946816 ], [ 104.416533474261229, 22.39192793991198 ], [ 104.420276827002752, 22.390158061665247 ], [ 104.422472453218234, 22.387633830153344 ], [ 104.423193486624015, 22.383166566009294 ], [ 104.419070657479125, 22.380946763686094 ], [ 104.418453077048341, 22.376786099463665 ], [ 104.421892313585758, 22.37051277560478 ], [ 104.428328390907353, 22.368353283227922 ], [ 104.430449043129855, 22.363788951211895 ], [ 104.441049005463569, 22.363488640287144 ], [ 104.449904164697315, 22.36476861003549 ], [ 104.450439110979787, 22.361081713630405 ], [ 104.454191361049936, 22.359610349779611 ], [ 104.456936251828992, 22.356611309432328 ], [ 104.456807080578216, 22.350270471903471 ], [ 104.462220097991576, 22.347937786573372 ], [ 104.461499397202573, 22.341668143808739 ], [ 104.446995740968589, 22.341362146665713 ], [ 104.448215896919663, 22.341000366701714 ], [ 104.448783046326554, 22.338657131812781 ], [ 104.445402645392292, 22.336107017902133 ], [ 104.442927460094552, 22.331282628007013 ], [ 104.44133101764163, 22.331374696728506 ], [ 104.441162230403435, 22.324128084577065 ], [ 104.438086400899437, 22.326617314009884 ], [ 104.435236518849109, 22.324750334434182 ], [ 104.424679788060857, 22.334585227322549 ], [ 104.415384575804467, 22.335547565985586 ], [ 104.406767159664895, 22.341585286338105 ], [ 104.403686386879968, 22.341587220237333 ], [ 104.396176275017979, 22.337579474645459 ], [ 104.39076299051257, 22.341686966642197 ], [ 104.37956721381444, 22.343140465854695 ], [ 104.377745865045881, 22.344433649848266 ], [ 104.375080016416689, 22.351718173667319 ], [ 104.349667774772385, 22.362763477113177 ], [ 104.345266257813549, 22.357068567476766 ], [ 104.345644959386405, 22.354331660321172 ], [ 104.343676227411535, 22.353993205136394 ], [ 104.343236080886982, 22.350423633146836 ], [ 104.338992214023463, 22.349092807458216 ], [ 104.335707704050677, 22.344986374700422 ], [ 104.325803730128897, 22.339807006274235 ], [ 104.322222463224634, 22.341081035585425 ], [ 104.318154040437747, 22.345577061998636 ], [ 104.309571496145523, 22.348000000762546 ], [ 104.300248869842122, 22.355980193220404 ], [ 104.292908140346412, 22.357440231250344 ], [ 104.29125172302426, 22.362952676186634 ], [ 104.287122411392133, 22.365576794904943 ], [ 104.28572238452702, 22.365443638339528 ], [ 104.28520459166424, 22.363032695411555 ], [ 104.282519386542361, 22.362527249982779 ], [ 104.279312927362511, 22.365332468505237 ], [ 104.278320273508186, 22.368073100937909 ], [ 104.273113539506156, 22.370915067973772 ], [ 104.270639093714948, 22.36869247872832 ], [ 104.265137176016481, 22.371228326120903 ], [ 104.262869948851716, 22.380704063232571 ], [ 104.266090849920701, 22.389307681865478 ], [ 104.264947878745133, 22.400063709968091 ], [ 104.266107484068257, 22.410710120584191 ], [ 104.26901429104295, 22.406343711348789 ], [ 104.273877678084474, 22.405401791881985 ], [ 104.278116300877954, 22.398383671526471 ], [ 104.278383628393101, 22.395864643923307 ], [ 104.28295998382147, 22.391405649382978 ], [ 104.28602348307956, 22.390110533565814 ], [ 104.288151921326971, 22.387130889643352 ], [ 104.296922915675395, 22.388604490643559 ], [ 104.30133677307083, 22.392375519133466 ], [ 104.305954172289461, 22.39274219804922 ], [ 104.308673320986429, 22.391135661289653 ], [ 104.310612811871422, 22.391459113799172 ], [ 104.309054387291695, 22.395855813290474 ], [ 104.306927917704627, 22.397666731399742 ], [ 104.31152633323029, 22.398914021521303 ], [ 104.311821424634616, 22.401599908620128 ], [ 104.314051372638701, 22.402671626703409 ], [ 104.312283839775219, 22.409445357137855 ], [ 104.315497021170941, 22.409410405626463 ], [ 104.317601751800836, 22.411226908663735 ], [ 104.317120697398693, 22.414067397800515 ], [ 104.322504171006301, 22.418975497970564 ], [ 104.322886364054767, 22.424229810074916 ], [ 104.327088796709589, 22.430570961931878 ], [ 104.332151930400684, 22.434684779806982 ], [ 104.336898717100553, 22.433328034327893 ], [ 104.340157153895518, 22.436099358725407 ], [ 104.345198055718527, 22.435956555339462 ], [ 104.345318491769831, 22.437239566822178 ], [ 104.349413613783582, 22.439826215336485 ], [ 104.356491480186776, 22.44751928730415 ], [ 104.363839871838977, 22.446116055054333 ], [ 104.367181107613419, 22.45010535488997 ], [ 104.367377406745135, 22.452747463590772 ], [ 104.378578297570471, 22.462458030645944 ], [ 104.388392548712034, 22.464778059222606 ] ] ] } },
{ "type": "Feature", "properties": { "xa": "Bảo Thắng", "hat_kl": "Hạt KL Bảo Thắng", "che_phu": 64.7, "dt_rung": 11722.3, "DTBD": 16044.28 }, "geometry": { "type": "Polygon", "coordinates": [ [ [ 104.044114988183168, 22.477629839844838 ], [ 104.049880471963959, 22.477008454959567 ], [ 104.059252757157665, 22.469539583698012 ], [ 104.062943385624138, 22.464111416713067 ], [ 104.065838434332122, 22.465377394146405 ], [ 104.070836769595502, 22.463763013186384 ], [ 104.072235977549909, 22.464816305904208 ], [ 104.070603020191058, 22.458793477272145 ], [ 104.072916295296451, 22.458564152057594 ], [ 104.075827316305208, 22.455117216300259 ], [ 104.080331342845469, 22.454973954827302 ], [ 104.082081141017341, 22.45210258738252 ], [ 104.089991224807108, 22.446495465135985 ], [ 104.093626450265845, 22.445498185159099 ], [ 104.098006202101985, 22.449447033803359 ], [ 104.101790392596925, 22.448595661640507 ], [ 104.103898322174388, 22.446361716553493 ], [ 104.105430421120886, 22.446554060849575 ], [ 104.112966720914073, 22.43715496634454 ], [ 104.118586771649859, 22.4393930734518 ], [ 104.121110372048577, 22.438194841879646 ], [ 104.123667283230873, 22.439132177001905 ], [ 104.129129059338396, 22.434292404157368 ], [ 104.136901124249519, 22.434618496992318 ], [ 104.138733908942044, 22.42904388997977 ], [ 104.141378199836424, 22.425905104199476 ], [ 104.145876227946687, 22.427103523796234 ], [ 104.149788389992509, 22.426378282034332 ], [ 104.150324811153538, 22.424452951843257 ], [ 104.15421586890902, 22.422049185498132 ], [ 104.156727260560146, 22.414547988964497 ], [ 104.163705078848039, 22.406716298816065 ], [ 104.165605117837075, 22.400782147021346 ], [ 104.169501350820568, 22.396464672295071 ], [ 104.167911697116651, 22.393920848466042 ], [ 104.169839533276672, 22.388993794037471 ], [ 104.173604276547593, 22.388711664271867 ], [ 104.177402149077565, 22.390724198253928 ], [ 104.179574865678191, 22.386427899218585 ], [ 104.184797273229904, 22.386509268225538 ], [ 104.188194857346772, 22.380393907898693 ], [ 104.186355207753991, 22.378903869037643 ], [ 104.185579926109995, 22.371624388297818 ], [ 104.183413619726622, 22.368179281967386 ], [ 104.185184419452497, 22.367510028573658 ], [ 104.184638243429092, 22.364717395978445 ], [ 104.186349361252965, 22.363448520342171 ], [ 104.184946143481341, 22.360264199009499 ], [ 104.181862378252731, 22.361181994186119 ], [ 104.181557272511455, 22.357481026511717 ], [ 104.184877361838758, 22.353076483373759 ], [ 104.18497288127331, 22.350455962617342 ], [ 104.188920916529042, 22.347170587410293 ], [ 104.18962114850838, 22.344608328042813 ], [ 104.192201726949648, 22.343440556876896 ], [ 104.197259591745862, 22.343805413737932 ], [ 104.201090411076692, 22.341500212986869 ], [ 104.200702550480102, 22.338406966723173 ], [ 104.201935293745635, 22.336513317543453 ], [ 104.206707956881345, 22.333885493116195 ], [ 104.207832097019065, 22.329919573517653 ], [ 104.207056666499383, 22.327813148520171 ], [ 104.214595820734075, 22.325191885936608 ], [ 104.216521817205987, 22.322711838119623 ], [ 104.216986182244156, 22.31875369626718 ], [ 104.220428414615341, 22.318763620266992 ], [ 104.223624726338187, 22.316095440816071 ], [ 104.227604108220262, 22.31661225442469 ], [ 104.236541404922903, 22.310210064624911 ], [ 104.23550425503737, 22.30943035729862 ], [ 104.237746244856865, 22.306477985359489 ], [ 104.239131029591206, 22.307556987376874 ], [ 104.241528578290115, 22.306592661293855 ], [ 104.241228027355689, 22.301410004028838 ], [ 104.239081218670975, 22.299903698786306 ], [ 104.240791252854763, 22.296034819716489 ], [ 104.239715884315601, 22.289764878346048 ], [ 104.242019347154439, 22.284645468693146 ], [ 104.239806056124124, 22.283529570948961 ], [ 104.238776942598932, 22.280934431445374 ], [ 104.229777242791229, 22.283128274024111 ], [ 104.221919447045934, 22.278325519280756 ], [ 104.208819093721246, 22.279902693585601 ], [ 104.210025315063262, 22.269254458135059 ], [ 104.215760411156609, 22.260101837046516 ], [ 104.207663997834771, 22.25579118554824 ], [ 104.204598446657073, 22.257748942241605 ], [ 104.202262915591817, 22.262926689258492 ], [ 104.202724949539885, 22.266997304890683 ], [ 104.200696930135337, 22.267539924764396 ], [ 104.196992071733163, 22.271372973617922 ], [ 104.197227358492583, 22.273156191962705 ], [ 104.192694529745339, 22.276204747610098 ], [ 104.190064136454026, 22.28220502577377 ], [ 104.187224174213284, 22.283553601015026 ], [ 104.182841252152826, 22.282526214053178 ], [ 104.18029202392546, 22.284695901840031 ], [ 104.177527742318077, 22.290469526633412 ], [ 104.173853360851609, 22.289500747729061 ], [ 104.163657019909692, 22.297047225025015 ], [ 104.158098510267394, 22.307671334844024 ], [ 104.156735182262494, 22.309245462284352 ], [ 104.154816448970635, 22.307955910590596 ], [ 104.149504682436302, 22.318364119512609 ], [ 104.150177125155793, 22.320778027716827 ], [ 104.148448366633687, 22.324173491432624 ], [ 104.144203943866813, 22.325717190943362 ], [ 104.14385626896312, 22.327822142961498 ], [ 104.140313582226028, 22.330603282032353 ], [ 104.139279401972189, 22.335275455902938 ], [ 104.136969231092067, 22.33559330001901 ], [ 104.135151153877217, 22.338054808194705 ], [ 104.132785099762415, 22.336676238373652 ], [ 104.131438210348051, 22.341260914142993 ], [ 104.127862343409433, 22.34545799244377 ], [ 104.128538783713253, 22.34842325393506 ], [ 104.126528534273206, 22.349315390922094 ], [ 104.12712875806443, 22.350640129112154 ], [ 104.125725915017824, 22.353108806116982 ], [ 104.121842217503612, 22.356191915413447 ], [ 104.119419149841747, 22.35557939989063 ], [ 104.118829702443435, 22.357391816006963 ], [ 104.117185597151476, 22.357788909254147 ], [ 104.115003542197499, 22.356247245492064 ], [ 104.110352484817781, 22.359054772784763 ], [ 104.109020682450549, 22.362593128755044 ], [ 104.105996672922487, 22.364930566495691 ], [ 104.104293024244697, 22.370233245715394 ], [ 104.100270857525075, 22.371187899919587 ], [ 104.099009714985925, 22.373273977372587 ], [ 104.100525191789487, 22.375828635239788 ], [ 104.10557519435558, 22.375284563032295 ], [ 104.111358943939592, 22.382216721629877 ], [ 104.11144974350546, 22.386514246793134 ], [ 104.108541664569813, 22.388856147290742 ], [ 104.086001304782229, 22.396630584936382 ], [ 104.07922893314489, 22.408488623404203 ], [ 104.074007437814146, 22.413417392933155 ], [ 104.071039265781224, 22.414170145914373 ], [ 104.064444655431743, 22.411204073947587 ], [ 104.061254316954773, 22.411766325061489 ], [ 104.053611141853565, 22.422579850675341 ], [ 104.039815067828755, 22.430753386719363 ], [ 104.033858909812409, 22.444383003425294 ], [ 104.025935579741869, 22.455435695793021 ], [ 104.030315572741642, 22.456269062972218 ], [ 104.032645610433008, 22.461035014414641 ], [ 104.034346534770506, 22.461434147652209 ], [ 104.033533706507072, 22.463165463749235 ], [ 104.037131721331221, 22.466106146785375 ], [ 104.040879875138614, 22.466916663485716 ], [ 104.04157117979463, 22.468453236930635 ], [ 104.039917000337368, 22.469308954822594 ], [ 104.041784697480836, 22.475574668462585 ], [ 104.044114988183168, 22.477629839844838 ] ] ] } },
{ "type": "Feature", "properties": { "xa": "P. Cam Đường", "hat_kl": "Hạt KL Bát Xát", "che_phu": 26.4, "dt_rung": 1584.0, "DTBD": 5998.01 }, "geometry": { "type": "Polygon", "coordinates": [ [ [ 103.987007509393393, 22.480478668354632 ], [ 103.991762123664415, 22.478105316093863 ], [ 103.99639464552213, 22.479679070134328 ], [ 103.998316307714475, 22.478703229989154 ], [ 104.000998888886286, 22.472600129032919 ], [ 104.001424359639358, 22.461158771110057 ], [ 104.004754484131183, 22.456474353340269 ], [ 104.007961873049382, 22.454892479059449 ], [ 104.019774285926189, 22.457098963444761 ], [ 104.026826819871175, 22.453374870519891 ], [ 104.033858909812409, 22.444383003425294 ], [ 104.040235128732718, 22.430252842558957 ], [ 104.053611141853565, 22.422579850675341 ], [ 104.060494781831451, 22.412255636049657 ], [ 104.064080081103043, 22.411174801963181 ], [ 104.059634174740495, 22.408175016324474 ], [ 104.057621327591633, 22.404175344829845 ], [ 104.054788806275994, 22.403063847126869 ], [ 104.055938251536929, 22.399641346593121 ], [ 104.052378453886945, 22.400097353233765 ], [ 104.043938364542669, 22.390598060113881 ], [ 104.043960260559771, 22.389088446583166 ], [ 104.04160814539965, 22.389613970057727 ], [ 104.040400751337117, 22.387083977257277 ], [ 104.03788458442439, 22.386265189091787 ], [ 104.038536133986895, 22.381102606275746 ], [ 104.031798099290214, 22.381509844452747 ], [ 104.029211426905221, 22.374311221388002 ], [ 104.025677073491025, 22.377035527497785 ], [ 104.029383303090057, 22.380005926010167 ], [ 104.029960779882472, 22.382386712890668 ], [ 104.028164803466225, 22.384205222503425 ], [ 104.02602394626912, 22.383320284479094 ], [ 104.022445911442475, 22.385387132494447 ], [ 104.021751130295442, 22.38474488545652 ], [ 104.017449609788443, 22.387981571760513 ], [ 104.019291738745551, 22.390023583119291 ], [ 104.017669245266333, 22.390899651673198 ], [ 104.01746846757375, 22.393151420416675 ], [ 104.011311157759607, 22.397821482601124 ], [ 104.011532093312937, 22.402529951108995 ], [ 104.001247934223571, 22.406162650811705 ], [ 103.999053328095584, 22.405654416302866 ], [ 103.994910883510371, 22.410151738804597 ], [ 103.99014939429604, 22.406426219368335 ], [ 103.986340106917623, 22.407773556231973 ], [ 103.982416019323722, 22.411476590719186 ], [ 103.978720060016357, 22.416871279272133 ], [ 103.976564449362115, 22.426933983612038 ], [ 103.972791811598142, 22.430560358922421 ], [ 103.968049170176684, 22.429873971865266 ], [ 103.965393481473726, 22.43163230756381 ], [ 103.965063601287014, 22.436984534080121 ], [ 103.961256478730533, 22.440165596813451 ], [ 103.961511152151303, 22.441720861543992 ], [ 103.956083179542148, 22.449573986179082 ], [ 103.956509852197939, 22.454615081355097 ], [ 103.957679684588797, 22.45484388973648 ], [ 103.958246559995516, 22.457296903997115 ], [ 103.963437244571978, 22.460110817176915 ], [ 103.961939181915724, 22.464206190966959 ], [ 103.9641884230237, 22.466654209893363 ], [ 103.96192546990369, 22.468967059156 ], [ 103.965444450215628, 22.469369377471324 ], [ 103.964628074800444, 22.471243354337727 ], [ 103.967204339309362, 22.474437783693787 ], [ 103.968855165382578, 22.474388533641637 ], [ 103.969956986326451, 22.470363338476652 ], [ 103.971392767802769, 22.472793416681114 ], [ 103.977805804761758, 22.475439839836724 ], [ 103.977100591595658, 22.479753448784674 ], [ 103.985279114021097, 22.478395834305736 ], [ 103.987007509393393, 22.480478668354632 ] ] ] } },
{ "type": "Feature", "properties": { "xa": "Ngũ Chỉ Sơn", "hat_kl": "Hạt KL Bát Xát", "che_phu": 58.8, "dt_rung": 4868.8, "DTBD": 8276.86 }, "geometry": { "type": "Polygon", "coordinates": [ [ [ 103.780303351653373, 22.49196008802571 ], [ 103.787138678709738, 22.492988913101435 ], [ 103.785956854618803, 22.489104263406741 ], [ 103.786771215884713, 22.487656674483745 ], [ 103.794070223764891, 22.483604991901849 ], [ 103.804028102213735, 22.468710313711927 ], [ 103.805825144271424, 22.462603393793668 ], [ 103.815584774831322, 22.452197075106646 ], [ 103.817597791316459, 22.451890842896425 ], [ 103.819611635314814, 22.44931891426797 ], [ 103.822653728573471, 22.449362249498609 ], [ 103.826081827006618, 22.442084305447171 ], [ 103.831415233201795, 22.436686002903933 ], [ 103.84006876661357, 22.434230632449655 ], [ 103.829281458973782, 22.422024057520158 ], [ 103.824919143491087, 22.4211464678894 ], [ 103.82751431947473, 22.412849447941163 ], [ 103.82651862285455, 22.407039335862329 ], [ 103.828173901826219, 22.405370444210423 ], [ 103.822660845402083, 22.403293477291307 ], [ 103.814762234819753, 22.402977778727642 ], [ 103.811451681433908, 22.399068483767525 ], [ 103.811159280586224, 22.388029676291211 ], [ 103.808505578335044, 22.379808771330861 ], [ 103.806223946337909, 22.377867533458765 ], [ 103.801796350983324, 22.378911411733853 ], [ 103.799468526765466, 22.376210337523666 ], [ 103.793662502844597, 22.374540054991538 ], [ 103.786793682273739, 22.37768385663815 ], [ 103.772665093618997, 22.377878446567195 ], [ 103.76850520648226, 22.379375452845579 ], [ 103.765754863965753, 22.383040129775246 ], [ 103.766530370210461, 22.38404353227666 ], [ 103.764282112833826, 22.390754062513395 ], [ 103.754896645782779, 22.400329862754205 ], [ 103.749209671301529, 22.40295947103348 ], [ 103.74874367513803, 22.407192778549518 ], [ 103.746900153046241, 22.407312650976895 ], [ 103.745479141781715, 22.409804721118533 ], [ 103.741482868845594, 22.409938859368253 ], [ 103.737612203112462, 22.413620300352143 ], [ 103.732848749871351, 22.413951965665735 ], [ 103.729599024077515, 22.417068013299549 ], [ 103.728699127641832, 22.420112079346566 ], [ 103.731826776323373, 22.420830955740893 ], [ 103.735440893265476, 22.424048656823221 ], [ 103.7358577610118, 22.432060623924656 ], [ 103.733172728362192, 22.440200994930471 ], [ 103.734102680587085, 22.442414963034114 ], [ 103.736499751777032, 22.442490804672811 ], [ 103.742336905997945, 22.448995198289577 ], [ 103.744220086835426, 22.460530466072509 ], [ 103.749970889000821, 22.463500918324605 ], [ 103.754787928424903, 22.463695874849787 ], [ 103.753777530856127, 22.465861452794712 ], [ 103.750130854215129, 22.466568907081761 ], [ 103.744447452822129, 22.471850489778973 ], [ 103.745681304700213, 22.475940275478742 ], [ 103.748606192363454, 22.477381837120113 ], [ 103.751096168693536, 22.475686112632516 ], [ 103.755417809044303, 22.479333025577425 ], [ 103.761608918314053, 22.479569136010227 ], [ 103.763311211344657, 22.477765261716083 ], [ 103.766360568037143, 22.468770170250107 ], [ 103.767934210481627, 22.469241305503328 ], [ 103.771742910924601, 22.466920329009305 ], [ 103.776019615373883, 22.458049943161829 ], [ 103.780088410667801, 22.460857915644517 ], [ 103.780202626178138, 22.463209684724614 ], [ 103.776975494786512, 22.467601721077173 ], [ 103.77644555765167, 22.473387043068787 ], [ 103.774821355105345, 22.475476988276082 ], [ 103.777869735689052, 22.477256693848769 ], [ 103.779752593068579, 22.480993998211115 ], [ 103.779129704723417, 22.486987545830683 ], [ 103.780303351653373, 22.49196008802571 ] ] ] } },
{ "type": "Feature", "properties": { "xa": "Nghĩa Đô", "hat_kl": "Hạt KL Bảo Yên", "che_phu": 67.9, "dt_rung": 11519.5, "DTBD": 15936.61 }, "geometry": { "type": "Polygon", "coordinates": [ [ [ 104.445454929344947, 22.503591091912831 ], [ 104.44874975458697, 22.501507995547918 ], [ 104.453018470602913, 22.495642438052748 ], [ 104.46044128229326, 22.494146640046974 ], [ 104.463001314962497, 22.490925247516337 ], [ 104.469617419795611, 22.489906513426206 ], [ 104.472494400509632, 22.483064511564486 ], [ 104.46470582963488, 22.477063442586424 ], [ 104.463772419909176, 22.471960370373122 ], [ 104.459249493246148, 22.469079063081118 ], [ 104.45620335066755, 22.464037961078869 ], [ 104.451171741202742, 22.46294117033802 ], [ 104.44870847214851, 22.460983299124216 ], [ 104.448137550269806, 22.455493456024559 ], [ 104.449969196616593, 22.451963100106024 ], [ 104.449124653553426, 22.449720407269716 ], [ 104.455885070477436, 22.439461450657774 ], [ 104.458109675368149, 22.436716259079795 ], [ 104.461743899754481, 22.435107441986954 ], [ 104.464692228094535, 22.430905697318611 ], [ 104.467113819098515, 22.424038905048338 ], [ 104.475860660631994, 22.422946377936018 ], [ 104.477897100332854, 22.420764862885505 ], [ 104.48556966613414, 22.421019822983791 ], [ 104.490695772916908, 22.419687785129955 ], [ 104.491425457386043, 22.416078933517031 ], [ 104.490367262016321, 22.413200201299517 ], [ 104.497398368461219, 22.404687520121382 ], [ 104.507690612301403, 22.405510680646749 ], [ 104.513721009154082, 22.398416769705051 ], [ 104.520985251589181, 22.396081943956592 ], [ 104.525201222625142, 22.391503421724131 ], [ 104.528060662349105, 22.392450792788882 ], [ 104.531690632174602, 22.388461585992715 ], [ 104.545925224616227, 22.381797901439345 ], [ 104.552075459351201, 22.381532430871605 ], [ 104.549771880384199, 22.378186517715235 ], [ 104.554193156596838, 22.371701115070177 ], [ 104.546356094834778, 22.361581903328158 ], [ 104.547234883750562, 22.359336700618545 ], [ 104.551260485143061, 22.356700619276463 ], [ 104.553098045461581, 22.353845848227024 ], [ 104.555319388518129, 22.353187700600319 ], [ 104.557559983506096, 22.355251812329566 ], [ 104.564174642591212, 22.353709284159919 ], [ 104.567684155596297, 22.355891123230979 ], [ 104.572257435566399, 22.353659832196715 ], [ 104.575436206202127, 22.353790181795844 ], [ 104.579648317330481, 22.350112982081644 ], [ 104.581133338166424, 22.345989855694441 ], [ 104.578982764342328, 22.343025631384315 ], [ 104.571385354919542, 22.342221308065405 ], [ 104.57151003792319, 22.338082582192882 ], [ 104.565936734867464, 22.333413656189489 ], [ 104.564281691471606, 22.33043408208831 ], [ 104.55453044173251, 22.330740886385005 ], [ 104.550503823782208, 22.33527593262389 ], [ 104.545105903263192, 22.334645844607394 ], [ 104.534292881492746, 22.33707952680755 ], [ 104.527761754224159, 22.33466317943693 ], [ 104.52464465550446, 22.337355765657211 ], [ 104.516522273852587, 22.34098991160764 ], [ 104.514595952900606, 22.340453996690051 ], [ 104.511379203345953, 22.343118090429037 ], [ 104.505279885085343, 22.341840613632701 ], [ 104.500611575465953, 22.343524456190377 ], [ 104.496651695578791, 22.341555324457655 ], [ 104.493968685884454, 22.341756934027313 ], [ 104.492494904815004, 22.339925637422663 ], [ 104.48638320840233, 22.344677825203902 ], [ 104.483880128385891, 22.342473490350987 ], [ 104.480043104427281, 22.341981882674052 ], [ 104.478699571551743, 22.340163232747312 ], [ 104.476204072588857, 22.340892027887477 ], [ 104.471222435458259, 22.3361860947312 ], [ 104.464413447341343, 22.334392694416763 ], [ 104.461583351457605, 22.338800448393002 ], [ 104.462220097991576, 22.347937786573372 ], [ 104.456807080578216, 22.350270471903471 ], [ 104.456936251828992, 22.356611309432328 ], [ 104.454191361049936, 22.359610349779611 ], [ 104.450439110979787, 22.361081713630405 ], [ 104.449904164697315, 22.36476861003549 ], [ 104.441049005463569, 22.363488640287144 ], [ 104.430449043129855, 22.363788951211895 ], [ 104.42893472799679, 22.367790747387289 ], [ 104.421892313585758, 22.37051277560478 ], [ 104.418579816521742, 22.376370554438662 ], [ 104.419070657479125, 22.380946763686094 ], [ 104.423193486624015, 22.383166566009294 ], [ 104.422472453218234, 22.387633830153344 ], [ 104.420276827002752, 22.390158061665247 ], [ 104.416533474261229, 22.39192793991198 ], [ 104.413326161365518, 22.389973411946816 ], [ 104.411155825585169, 22.390875086348149 ], [ 104.403753312280955, 22.387683623762531 ], [ 104.400463236118568, 22.388064625224292 ], [ 104.394903379151813, 22.398488774922242 ], [ 104.389714545390959, 22.40128369312739 ], [ 104.391028430617979, 22.403979397017455 ], [ 104.393493446785129, 22.405150435023636 ], [ 104.393961197176935, 22.407445332942448 ], [ 104.392953043342089, 22.410808451746984 ], [ 104.393969312600404, 22.412494673905087 ], [ 104.390953893720592, 22.419984446350636 ], [ 104.392504508304526, 22.422680750455296 ], [ 104.396170576156848, 22.423794614617666 ], [ 104.397828956189187, 22.427689377841883 ], [ 104.396212990537279, 22.434120830425524 ], [ 104.400560605664836, 22.439188636398363 ], [ 104.402868435031294, 22.444972288265355 ], [ 104.398972236215315, 22.45001334577632 ], [ 104.395931731066753, 22.451047379181819 ], [ 104.396587886659304, 22.454752544531004 ], [ 104.393116762366759, 22.456836729144648 ], [ 104.391104101269406, 22.462047009485577 ], [ 104.388324955245963, 22.46483886869969 ], [ 104.391645803168316, 22.468247181049001 ], [ 104.391636710366569, 22.471442328951209 ], [ 104.399734294427603, 22.472734247652589 ], [ 104.402000278309544, 22.474346626768007 ], [ 104.406157658687803, 22.472699933220877 ], [ 104.406538339390522, 22.474297381225472 ], [ 104.411310594062726, 22.47616628876753 ], [ 104.410926238325658, 22.477690590184981 ], [ 104.414694415874976, 22.481050602880735 ], [ 104.412268737445814, 22.487917421254693 ], [ 104.421444121649657, 22.492418595180734 ], [ 104.425245375297905, 22.492878945843518 ], [ 104.427737339931241, 22.498070595731594 ], [ 104.432415826584986, 22.497260930386268 ], [ 104.434983870140925, 22.500126891254865 ], [ 104.445454929344947, 22.503591091912831 ] ] ] } },
{ "type": "Feature", "properties": { "xa": "Cốc San", "hat_kl": "Hạt KL Bát Xát", "che_phu": 59.6, "dt_rung": 3433.3, "DTBD": 5719.34 }, "geometry": { "type": "Polygon", "coordinates": [ [ [ 103.930066788275312, 22.515175649085361 ], [ 103.937646173294524, 22.511866478056067 ], [ 103.944364336417166, 22.503442970815936 ], [ 103.947777186173937, 22.496434825969249 ], [ 103.950744010299275, 22.497937020022345 ], [ 103.953642764567434, 22.492036965468071 ], [ 103.955701521079732, 22.491521536418642 ], [ 103.955809832482203, 22.490014207417197 ], [ 103.962176811539223, 22.483985909488649 ], [ 103.967057855351868, 22.477142692607217 ], [ 103.968024522788681, 22.477629084982983 ], [ 103.968164706384073, 22.475073964964459 ], [ 103.964628074800444, 22.471243354337727 ], [ 103.965444450215628, 22.469369377471324 ], [ 103.96192546990369, 22.468967059156 ], [ 103.9641884230237, 22.466654209893363 ], [ 103.961939181915724, 22.464206190966959 ], [ 103.963196838033397, 22.459634174087494 ], [ 103.958468845691172, 22.457487640982706 ], [ 103.956292862023503, 22.453734325796948 ], [ 103.956083179542148, 22.449573986179082 ], [ 103.961511152151303, 22.441720861543992 ], [ 103.961320515949765, 22.440231292667242 ], [ 103.956774445992451, 22.43774821911822 ], [ 103.955624830041231, 22.431347766170077 ], [ 103.946864688036001, 22.426498070976514 ], [ 103.943461482772236, 22.42286518436541 ], [ 103.941701529705526, 22.420593993663196 ], [ 103.941627475292933, 22.416170157855635 ], [ 103.939673278167277, 22.413045105496696 ], [ 103.934498811757024, 22.407433078315087 ], [ 103.93182828651689, 22.406388898165144 ], [ 103.932530114048006, 22.410304498693051 ], [ 103.925851744188137, 22.41904596784758 ], [ 103.924354225626928, 22.423964424809579 ], [ 103.916770842048507, 22.427665482748843 ], [ 103.918258365632298, 22.425765132413307 ], [ 103.91472653913695, 22.422330124686667 ], [ 103.914584744183898, 22.420573091118857 ], [ 103.908585899366045, 22.422786099529301 ], [ 103.905053364176666, 22.422699299368315 ], [ 103.901070060145457, 22.424190431006664 ], [ 103.892076759231941, 22.433083498047413 ], [ 103.889365125869759, 22.438161748452522 ], [ 103.891744261625135, 22.441404329902237 ], [ 103.8897545475144, 22.446579430134125 ], [ 103.890882565625361, 22.449590939213035 ], [ 103.884098801381882, 22.457631171313931 ], [ 103.892393745223572, 22.485334576141721 ], [ 103.89480687869424, 22.488194036998092 ], [ 103.89744675380102, 22.48627546289849 ], [ 103.896775520813378, 22.489021834179024 ], [ 103.898929427040315, 22.493073263383788 ], [ 103.897935964768806, 22.494526914261407 ], [ 103.900165907065258, 22.494088331438913 ], [ 103.900907016971757, 22.492465998708891 ], [ 103.900946131365842, 22.488969807068816 ], [ 103.903064057102171, 22.486609318396692 ], [ 103.903930638105592, 22.478463422021647 ], [ 103.907292880840458, 22.475996690651446 ], [ 103.913223731215879, 22.479893975133493 ], [ 103.919013479788788, 22.480705165512791 ], [ 103.923241633476266, 22.483359261444456 ], [ 103.923770026666872, 22.486626567125956 ], [ 103.927104142688478, 22.488352140641126 ], [ 103.925848761451661, 22.495147101978812 ], [ 103.927235997631215, 22.497609183841831 ], [ 103.92428886575145, 22.502741324968106 ], [ 103.926240968584949, 22.506427075773292 ], [ 103.927883235214708, 22.506542298914553 ], [ 103.925645835227598, 22.510332597011345 ], [ 103.926171544577329, 22.513747887014699 ], [ 103.930066788275312, 22.515175649085361 ] ] ] } },
{ "type": "Feature", "properties": { "xa": "Mường Hum", "hat_kl": "Hạt KL Khu bảo tồn Bát Xát", "che_phu": 79.6, "dt_rung": 17024.1, "DTBD": 21279.63 }, "geometry": { "type": "Polygon", "coordinates": [ [ [ 103.734165497552354, 22.542778620902453 ], [ 103.730529877309237, 22.539587346259893 ], [ 103.730825227119709, 22.537889717078009 ], [ 103.727031609639255, 22.530863829107908 ], [ 103.728822774204232, 22.525793495485459 ], [ 103.726312156826594, 22.521832211730004 ], [ 103.727766041255364, 22.514396505272622 ], [ 103.725966152267034, 22.508424794297834 ], [ 103.727094631786045, 22.504619365623576 ], [ 103.725482975232836, 22.500792369226179 ], [ 103.736562619137331, 22.48610730807339 ], [ 103.735485634474657, 22.48297313981374 ], [ 103.736674003518729, 22.479816284811555 ], [ 103.74921014874478, 22.467259079935403 ], [ 103.753777530856127, 22.465861452794712 ], [ 103.754787928424903, 22.463695874849787 ], [ 103.749970889000821, 22.463500918324605 ], [ 103.744220086835426, 22.460530466072509 ], [ 103.742336905997945, 22.448995198289577 ], [ 103.736499751777032, 22.442490804672811 ], [ 103.734102680587085, 22.442414963034114 ], [ 103.733172728362192, 22.440200994930471 ], [ 103.7358577610118, 22.432060623924656 ], [ 103.735440893265476, 22.424048656823221 ], [ 103.731826776323373, 22.420830955740893 ], [ 103.728699127641832, 22.420112079346566 ], [ 103.730603263116663, 22.416529366388449 ], [ 103.725087547885352, 22.414518890708504 ], [ 103.723709125240774, 22.412883313566962 ], [ 103.716625618857421, 22.414116605194817 ], [ 103.714682105495498, 22.413599907733104 ], [ 103.711178073715885, 22.408988357642656 ], [ 103.706929269650118, 22.409622016329255 ], [ 103.699523669738653, 22.406021865942066 ], [ 103.696450284882872, 22.408814368812568 ], [ 103.68892742162322, 22.407501629051858 ], [ 103.682403278176693, 22.403811766761901 ], [ 103.678943505989508, 22.404686313951213 ], [ 103.67609461103082, 22.403405875973593 ], [ 103.670019011764637, 22.405244245506974 ], [ 103.661146954395633, 22.403215940513199 ], [ 103.656758773295095, 22.404385363759872 ], [ 103.650264789146249, 22.403437654117912 ], [ 103.64600953148323, 22.404206291451004 ], [ 103.639535774385507, 22.400663811432494 ], [ 103.624892248511941, 22.396204128519184 ], [ 103.623066233482788, 22.398693323257397 ], [ 103.616234048046906, 22.401376558628993 ], [ 103.613276281613736, 22.404623361080994 ], [ 103.603473642753144, 22.410129619888341 ], [ 103.602719095961106, 22.41873008922979 ], [ 103.603913860043562, 22.422596247868732 ], [ 103.602951070453614, 22.425311008509375 ], [ 103.599370318818004, 22.427830050584902 ], [ 103.588254326083728, 22.428929987445304 ], [ 103.588553120349857, 22.436397861429054 ], [ 103.586245562021361, 22.436348286004012 ], [ 103.583174243505169, 22.438770111460343 ], [ 103.580310949646133, 22.438497182253375 ], [ 103.577741893887264, 22.44572707218402 ], [ 103.575636784005454, 22.447598238397131 ], [ 103.571598668002707, 22.447267292417401 ], [ 103.571701530842219, 22.449188824068411 ], [ 103.5684027922658, 22.452957320183241 ], [ 103.568825544844358, 22.45699747079113 ], [ 103.559256618927932, 22.463055616483235 ], [ 103.55602830084365, 22.463244229283717 ], [ 103.556945528006793, 22.466706342183102 ], [ 103.555023457792359, 22.470864326620759 ], [ 103.556318681800917, 22.473383260937045 ], [ 103.560235766277899, 22.47789821785484 ], [ 103.563340691470216, 22.4795271750998 ], [ 103.56734679754156, 22.486031572188285 ], [ 103.571804625638563, 22.489347889576663 ], [ 103.575933561572725, 22.489781392326648 ], [ 103.578268408658161, 22.492060403412481 ], [ 103.587747328178125, 22.506782070952752 ], [ 103.585625473734027, 22.508858638193487 ], [ 103.586300227043154, 22.512425402821364 ], [ 103.594553230592226, 22.522874503693661 ], [ 103.595504865775553, 22.525684700311924 ], [ 103.600388965161059, 22.524119988520837 ], [ 103.608774383986159, 22.526971025162073 ], [ 103.612429162518467, 22.524011291037308 ], [ 103.626395467618082, 22.523542295677057 ], [ 103.62830428271954, 22.521359670310432 ], [ 103.630429283678566, 22.521374372382532 ], [ 103.642664117253148, 22.515224323662093 ], [ 103.659408572825697, 22.522819553254575 ], [ 103.66829755291964, 22.522765387401321 ], [ 103.674497497211945, 22.528465696085494 ], [ 103.676568105738099, 22.532655800146735 ], [ 103.682301817682642, 22.533388998657482 ], [ 103.685406016370891, 22.531208633512552 ], [ 103.694915768764901, 22.531420530924965 ], [ 103.700679287442298, 22.52774163901319 ], [ 103.703640246240653, 22.528909472588886 ], [ 103.706790672091998, 22.527791389570442 ], [ 103.710923150219088, 22.531680724096457 ], [ 103.709761229415946, 22.537496104321729 ], [ 103.715821373459491, 22.542030884266026 ], [ 103.717146088378314, 22.542307322577781 ], [ 103.718075428805065, 22.539773525691658 ], [ 103.722676789072224, 22.537984456911015 ], [ 103.72764705690129, 22.539639128215114 ], [ 103.730770368785727, 22.542250276059821 ], [ 103.734165497552354, 22.542778620902453 ] ] ] } },
{ "type": "Feature", "properties": { "xa": "Bảo Nhai", "hat_kl": "Hạt KL Bảo Thắng", "che_phu": 52.5, "dt_rung": 8491.8, "DTBD": 15601.39 }, "geometry": { "type": "Polygon", "coordinates": [ [ [ 104.223570918806132, 22.54644042067261 ], [ 104.235335260514475, 22.544262904967866 ], [ 104.239331800839153, 22.54107413520066 ], [ 104.239905004941761, 22.539807723343284 ], [ 104.238442115699357, 22.537594174660946 ], [ 104.247335269066866, 22.536186985098468 ], [ 104.246911252989108, 22.532577208792844 ], [ 104.244988477818751, 22.531600347595692 ], [ 104.251438988230802, 22.528429148729074 ], [ 104.253290128829505, 22.52657600528298 ], [ 104.253131935638649, 22.524056388051644 ], [ 104.256904523536505, 22.520912887435109 ], [ 104.261080728608121, 22.519925700781425 ], [ 104.263167826909552, 22.514522758883217 ], [ 104.259756674282713, 22.511408873796437 ], [ 104.251905513097455, 22.514841524925526 ], [ 104.241914152947146, 22.512325319806539 ], [ 104.241817978424493, 22.509544526447094 ], [ 104.230800687759512, 22.50098748331872 ], [ 104.228815472222294, 22.495135162470113 ], [ 104.225653613559331, 22.494181428070931 ], [ 104.223310272843477, 22.49169809539552 ], [ 104.2194190039517, 22.48129741384772 ], [ 104.220584435598866, 22.476937328561036 ], [ 104.219482670352562, 22.474355057647468 ], [ 104.223191634191167, 22.473969034895841 ], [ 104.22480601012667, 22.468757660379683 ], [ 104.229908151781089, 22.467301307279069 ], [ 104.232171574201416, 22.471079984866879 ], [ 104.235397657108976, 22.472933200707992 ], [ 104.24146328064225, 22.469942727741966 ], [ 104.242916114470233, 22.467908524012866 ], [ 104.242036899984541, 22.465887389903578 ], [ 104.244330539118025, 22.46431694675951 ], [ 104.246207439224051, 22.469045742223507 ], [ 104.248753896519744, 22.470777538835424 ], [ 104.249382015219751, 22.475402345882767 ], [ 104.253464619421536, 22.472441647331177 ], [ 104.256563275838303, 22.471980183550464 ], [ 104.259763225518256, 22.468105375086022 ], [ 104.260179447530049, 22.465633820333661 ], [ 104.257048921560624, 22.464709429081847 ], [ 104.258100118857357, 22.461589845980345 ], [ 104.256402380040598, 22.458833319886473 ], [ 104.257898276762148, 22.458377661248939 ], [ 104.257759677332956, 22.455885903094735 ], [ 104.263131691902018, 22.454351278066436 ], [ 104.26478900759291, 22.45903043966663 ], [ 104.266232982503865, 22.457906331314742 ], [ 104.267227078328986, 22.452486542719473 ], [ 104.270005750175272, 22.455338295768271 ], [ 104.275528105359356, 22.450723437888005 ], [ 104.276466867392216, 22.452378720605264 ], [ 104.290206790208245, 22.456047543629321 ], [ 104.297681050644201, 22.460232047416454 ], [ 104.300843056622512, 22.460037678814238 ], [ 104.302495189353806, 22.461300044130972 ], [ 104.299772495616267, 22.467554605757751 ], [ 104.302953433470066, 22.482373595206891 ], [ 104.302128370053325, 22.486571521475287 ], [ 104.300017778509527, 22.488239569935846 ], [ 104.300125178163825, 22.493438024965357 ], [ 104.305122214471808, 22.495421141063726 ], [ 104.321192296918539, 22.49158563290349 ], [ 104.327410395940106, 22.494296238514835 ], [ 104.339776321525335, 22.492450876533926 ], [ 104.340480794532951, 22.48995626548864 ], [ 104.343300986860726, 22.488250278103802 ], [ 104.343395151707455, 22.478602569832969 ], [ 104.344894295770828, 22.477611826107218 ], [ 104.34703147802604, 22.478403799812032 ], [ 104.349646437193911, 22.476586188491794 ], [ 104.348911712552962, 22.474819572450055 ], [ 104.351133974573017, 22.470971912976164 ], [ 104.34762377357886, 22.469357442661408 ], [ 104.345817786580525, 22.464781140622449 ], [ 104.343662701475751, 22.464504248210055 ], [ 104.342412526975451, 22.462177992136333 ], [ 104.342921750443338, 22.458794824351791 ], [ 104.345438144468531, 22.45714906939817 ], [ 104.343457933512667, 22.448255095661217 ], [ 104.339639803462603, 22.445986539938872 ], [ 104.337489333782344, 22.446584075029246 ], [ 104.333745421394198, 22.444920302657771 ], [ 104.327819097892402, 22.444423187026281 ], [ 104.323864163873949, 22.440973521362348 ], [ 104.320365235067925, 22.435005167991157 ], [ 104.313966388502763, 22.431113888090785 ], [ 104.316928217409014, 22.428777888269213 ], [ 104.313471857465913, 22.424484523871822 ], [ 104.317653209784879, 22.42347352110712 ], [ 104.320700623296418, 22.417996966004488 ], [ 104.317120697398693, 22.414067397800515 ], [ 104.317601751800836, 22.411226908663735 ], [ 104.315497021170941, 22.409410405626463 ], [ 104.312283839775219, 22.409445357137855 ], [ 104.314284061467845, 22.404330846608673 ], [ 104.313792933271998, 22.402325393228146 ], [ 104.311821424634616, 22.401599908620128 ], [ 104.311732402913108, 22.399139007309486 ], [ 104.306927917704627, 22.397666731399742 ], [ 104.309054387291695, 22.395855813290474 ], [ 104.310612811871422, 22.391459113799172 ], [ 104.308673320986429, 22.391135661289653 ], [ 104.305954172289461, 22.39274219804922 ], [ 104.30133677307083, 22.392375519133466 ], [ 104.296922915675395, 22.388604490643559 ], [ 104.288151921326971, 22.387130889643352 ], [ 104.28602348307956, 22.390110533565814 ], [ 104.28295998382147, 22.391405649382978 ], [ 104.278383628393101, 22.395864643923307 ], [ 104.278116300877954, 22.398383671526471 ], [ 104.273877678084474, 22.405401791881985 ], [ 104.26901429104295, 22.406343711348789 ], [ 104.266107484068257, 22.410710120584191 ], [ 104.264947878745133, 22.400063709968091 ], [ 104.266090849920701, 22.389307681865478 ], [ 104.262979256683181, 22.381998479735465 ], [ 104.263568397608566, 22.379911956524239 ], [ 104.26172498084668, 22.378573030550452 ], [ 104.259537017847421, 22.380987509765028 ], [ 104.248212226968988, 22.38226457032993 ], [ 104.245118423718864, 22.385291695471118 ], [ 104.241211631705795, 22.386396888321283 ], [ 104.241155908046323, 22.388981267313639 ], [ 104.237791163562889, 22.391550142274177 ], [ 104.239236636762683, 22.393496604726526 ], [ 104.23441146711157, 22.39837774112576 ], [ 104.233085799508743, 22.406822642597529 ], [ 104.230413593713976, 22.41061801052286 ], [ 104.230580767208707, 22.413436547407876 ], [ 104.22646112190229, 22.416591661077707 ], [ 104.225611047138798, 22.427470375190591 ], [ 104.22388777442643, 22.429242012935394 ], [ 104.218900442761139, 22.43021225386255 ], [ 104.216651234437364, 22.433755888528271 ], [ 104.215419719470518, 22.433702958206535 ], [ 104.212034363133625, 22.441692488381598 ], [ 104.207550504262073, 22.445194204769987 ], [ 104.208155488307256, 22.449244345412897 ], [ 104.204876714766186, 22.449124570706008 ], [ 104.202981134858604, 22.452307674711633 ], [ 104.195183439941971, 22.454530793678604 ], [ 104.192529450240968, 22.456560326417645 ], [ 104.189405806337064, 22.453246473949669 ], [ 104.182129270443113, 22.452451585385461 ], [ 104.178428938290295, 22.458006182349852 ], [ 104.176611557701563, 22.46427714045717 ], [ 104.168436243241317, 22.468670563641915 ], [ 104.170838567428646, 22.47533454997663 ], [ 104.170047341742517, 22.483811583428665 ], [ 104.168638349627372, 22.486247958202942 ], [ 104.169894139762164, 22.488323388442762 ], [ 104.169285034233852, 22.491620771959127 ], [ 104.165524875008273, 22.494358570686057 ], [ 104.16564190340857, 22.496183441572796 ], [ 104.168293032339335, 22.506293411766084 ], [ 104.167478086479733, 22.511155018386066 ], [ 104.171356821331685, 22.514732996629714 ], [ 104.170474226533457, 22.521842908771085 ], [ 104.172813240772626, 22.527736539468947 ], [ 104.180745004616796, 22.526148868441091 ], [ 104.186179843884531, 22.527777501944168 ], [ 104.188556333563966, 22.526007783364875 ], [ 104.195519715619426, 22.531071858112952 ], [ 104.203038245510356, 22.532726509564021 ], [ 104.201858804211398, 22.536944948124177 ], [ 104.205942475777633, 22.538254486871139 ], [ 104.208146565678121, 22.540462692743322 ], [ 104.215081442392062, 22.54123863380223 ], [ 104.219344689027736, 22.538391450649364 ], [ 104.22088440310155, 22.53960270556971 ], [ 104.220638347372329, 22.541742250064232 ], [ 104.223570918806132, 22.54644042067261 ] ] ] } },
{ "type": "Feature", "properties": { "xa": "Phong Hải", "hat_kl": "Hạt KL Bảo Thắng", "che_phu": 56.1, "dt_rung": 7325.9, "DTBD": 12094.62 }, "geometry": { "type": "Polygon", "coordinates": [ [ [ 104.116736163604301, 22.548333278508135 ], [ 104.11736962253373, 22.544336344514171 ], [ 104.122314548904555, 22.543647329593767 ], [ 104.129699315172061, 22.536404992894596 ], [ 104.125942116151123, 22.531052644507383 ], [ 104.120957414504005, 22.527189495651371 ], [ 104.127723494882872, 22.527136322182709 ], [ 104.13216359941886, 22.522519466085338 ], [ 104.133284576795958, 22.518602253300148 ], [ 104.131897613056353, 22.515291063504943 ], [ 104.128923748526702, 22.517872046568801 ], [ 104.12342892028822, 22.51743858624102 ], [ 104.124960758602484, 22.512486458225712 ], [ 104.128786188746631, 22.509892757437324 ], [ 104.128813149449726, 22.507599990790798 ], [ 104.135122546721647, 22.505629257587579 ], [ 104.135842564133569, 22.502373086825006 ], [ 104.138314804221395, 22.502100093558649 ], [ 104.139374952440974, 22.503856667109691 ], [ 104.138593050123973, 22.509864086076693 ], [ 104.141595586199045, 22.516754256148868 ], [ 104.144131768961145, 22.515493702818723 ], [ 104.146898830635777, 22.518204621733407 ], [ 104.15108490379238, 22.516949407216359 ], [ 104.153382629299372, 22.517645013914205 ], [ 104.154737580075192, 22.515733021828989 ], [ 104.156768797788672, 22.51753894787517 ], [ 104.160768192861369, 22.524363537192571 ], [ 104.161465417787426, 22.532246789800713 ], [ 104.166810651636155, 22.531298487883216 ], [ 104.172813240772626, 22.527736539468947 ], [ 104.170474226533457, 22.521842908771085 ], [ 104.171356821331685, 22.514732996629714 ], [ 104.167478086479733, 22.511155018386066 ], [ 104.168293032339335, 22.506293411766084 ], [ 104.16564190340857, 22.496183441572796 ], [ 104.165524875008273, 22.494358570686057 ], [ 104.169285034233852, 22.491620771959127 ], [ 104.169894139762164, 22.488323388442762 ], [ 104.168638349627372, 22.486247958202942 ], [ 104.170047341742517, 22.483811583428665 ], [ 104.170838567428646, 22.47533454997663 ], [ 104.168374374924241, 22.468803277641175 ], [ 104.171953903662498, 22.46763840542356 ], [ 104.177621094932888, 22.463006622467098 ], [ 104.178428938290295, 22.458006182349852 ], [ 104.181865572541682, 22.452596780262855 ], [ 104.185120697729587, 22.451707806877732 ], [ 104.192307216381906, 22.437443604791898 ], [ 104.189721922497128, 22.435332573664958 ], [ 104.188926776337439, 22.432117897489832 ], [ 104.186458088489857, 22.429650310641119 ], [ 104.186257613697222, 22.422473664662412 ], [ 104.181248093839415, 22.422882375513979 ], [ 104.175227035135492, 22.417132902274709 ], [ 104.17565324798268, 22.412646944891691 ], [ 104.177442512212423, 22.411174537364143 ], [ 104.175479201926422, 22.408604266190082 ], [ 104.169903378481948, 22.414635470276831 ], [ 104.170474424400666, 22.415805151729433 ], [ 104.164146683554435, 22.424002081485572 ], [ 104.159476877836894, 22.42472589945141 ], [ 104.155171839571011, 22.423590160248693 ], [ 104.15421586890902, 22.422049185498132 ], [ 104.147958452146995, 22.427078515045366 ], [ 104.141378199836424, 22.425905104199476 ], [ 104.138733908942044, 22.42904388997977 ], [ 104.136901124249519, 22.434618496992318 ], [ 104.129129059338396, 22.434292404157368 ], [ 104.123593006415064, 22.439144441990102 ], [ 104.121110372048577, 22.438194841879646 ], [ 104.118586771649859, 22.4393930734518 ], [ 104.112966720914073, 22.43715496634454 ], [ 104.105430421120886, 22.446554060849575 ], [ 104.103898322174388, 22.446361716553493 ], [ 104.101790392596925, 22.448595661640507 ], [ 104.098006202101985, 22.449447033803359 ], [ 104.093626450265845, 22.445498185159099 ], [ 104.091335058873895, 22.445897594194435 ], [ 104.082286782743537, 22.451928418222067 ], [ 104.080331342845469, 22.454973954827302 ], [ 104.075827316305208, 22.455117216300259 ], [ 104.072916295296451, 22.458564152057594 ], [ 104.070603020191058, 22.458793477272145 ], [ 104.072235977549909, 22.464816305904208 ], [ 104.075494412175502, 22.466990615614129 ], [ 104.078084006774532, 22.465705302410946 ], [ 104.079344911441893, 22.466841856037004 ], [ 104.08091462634232, 22.469882772193738 ], [ 104.079312781976583, 22.47311235624808 ], [ 104.071119681683967, 22.482511685047687 ], [ 104.066534021485211, 22.48595737893595 ], [ 104.064429242528149, 22.485945460890822 ], [ 104.05764748276232, 22.491554009411185 ], [ 104.05240999577093, 22.496986074954076 ], [ 104.051087956748361, 22.501104112758895 ], [ 104.045570862041828, 22.505296231648018 ], [ 104.044499318042256, 22.508261970602597 ], [ 104.038556743837177, 22.511911565412159 ], [ 104.039289092401575, 22.512794402715688 ], [ 104.037883644891053, 22.515725383327815 ], [ 104.039003584262844, 22.518654064715427 ], [ 104.044170611845672, 22.519918267607739 ], [ 104.045915520230324, 22.52156897860608 ], [ 104.047713231263018, 22.521242960221123 ], [ 104.048629195360533, 22.524266505264688 ], [ 104.052001927863827, 22.527840399958102 ], [ 104.05730308673013, 22.525946593283791 ], [ 104.064877295909568, 22.52835051178511 ], [ 104.06460625137413, 22.530817671331743 ], [ 104.06809581246597, 22.532117404410574 ], [ 104.069767703556039, 22.531398579050254 ], [ 104.07790321162021, 22.535762337653203 ], [ 104.081219601815263, 22.541177426538017 ], [ 104.082218717200107, 22.536793296877239 ], [ 104.085196360293921, 22.53423516806475 ], [ 104.086421058891048, 22.525894873202152 ], [ 104.089519803440353, 22.526362232347992 ], [ 104.09075564268592, 22.528939747995853 ], [ 104.093324761127448, 22.5282770871409 ], [ 104.095439374014092, 22.531064687577889 ], [ 104.095129624814746, 22.541254423894152 ], [ 104.110689146825436, 22.542762580376984 ], [ 104.110739066008037, 22.545750561442514 ], [ 104.112079654670538, 22.547214915206716 ], [ 104.116736163604301, 22.548333278508135 ] ] ] } },
{ "type": "Feature", "properties": { "xa": "P. Lào Cai", "hat_kl": "Hạt KL Bát Xát", "che_phu": 51.2, "dt_rung": 3754.1, "DTBD": 7230.84 }, "geometry": { "type": "Polygon", "coordinates": [ [ [ 104.012377128714434, 22.559684988674505 ], [ 104.016832932418907, 22.558788837227599 ], [ 104.018265280096031, 22.556569821482299 ], [ 104.022179556681394, 22.556141195153728 ], [ 104.02546074768064, 22.550705398027144 ], [ 104.028337220686524, 22.549479126436914 ], [ 104.033489782814854, 22.540920287568021 ], [ 104.039421403960048, 22.539569034719353 ], [ 104.042675358399592, 22.53653962610958 ], [ 104.045571706677677, 22.536290889163656 ], [ 104.046742950386502, 22.534853247617679 ], [ 104.046148106482832, 22.532951825527469 ], [ 104.052021160121072, 22.530764759313708 ], [ 104.052841299997581, 22.527518024235182 ], [ 104.049390717797934, 22.525268812836728 ], [ 104.047727370417945, 22.521253407364441 ], [ 104.045915520230324, 22.52156897860608 ], [ 104.044170611845672, 22.519918267607739 ], [ 104.039003584262844, 22.518654064715427 ], [ 104.037883644891053, 22.515725383327815 ], [ 104.039289092401575, 22.512794402715688 ], [ 104.038556743837177, 22.511911565412159 ], [ 104.044499318042256, 22.508261970602597 ], [ 104.045570862041828, 22.505296231648018 ], [ 104.051087956748361, 22.501104112758895 ], [ 104.05240999577093, 22.496986074954076 ], [ 104.059341245412099, 22.489961634957563 ], [ 104.073310158660135, 22.480516662067537 ], [ 104.08091462634232, 22.469882772193738 ], [ 104.078627731857537, 22.465931353090969 ], [ 104.075494412175502, 22.466990615614129 ], [ 104.070836769595502, 22.463763013186384 ], [ 104.067468396725914, 22.465457539743863 ], [ 104.062943385624138, 22.464111416713067 ], [ 104.059252757157665, 22.469539583698012 ], [ 104.049880471963959, 22.477008454959567 ], [ 104.044182971972049, 22.477656597939632 ], [ 104.040657704892212, 22.473128125162781 ], [ 104.041118780469333, 22.470722698668396 ], [ 104.039910330218888, 22.469244986767965 ], [ 104.04157117979463, 22.468453236930635 ], [ 104.040879875138614, 22.466916663485716 ], [ 104.037131721331221, 22.466106146785375 ], [ 104.033533706507072, 22.463165463749235 ], [ 104.034346534770506, 22.461434147652209 ], [ 104.032645610433008, 22.461035014414641 ], [ 104.030315572741642, 22.456269062972218 ], [ 104.026014795152761, 22.455635543440046 ], [ 104.027889760163688, 22.452185656343357 ], [ 104.019774285926189, 22.457098963444761 ], [ 104.014311834577612, 22.455317918185926 ], [ 104.00729042767658, 22.454962630383069 ], [ 104.003756179743007, 22.457344287148093 ], [ 104.001524625941514, 22.460852187657103 ], [ 104.000998888886286, 22.472600129032919 ], [ 103.997289870606551, 22.479580661928736 ], [ 103.992244198386885, 22.478070736649251 ], [ 103.987007509393393, 22.480478668354632 ], [ 103.985279114021097, 22.478395834305736 ], [ 103.977376246132238, 22.479864132790073 ], [ 103.97660925668427, 22.479196783102335 ], [ 103.97815526293526, 22.476820063156822 ], [ 103.977652247250177, 22.475251715509852 ], [ 103.971392767802769, 22.472793416681114 ], [ 103.969493689609493, 22.470484367281149 ], [ 103.968024522788681, 22.477629084982983 ], [ 103.967057855351868, 22.477142692607217 ], [ 103.962176811539223, 22.483985909488649 ], [ 103.955809832482203, 22.490014207417197 ], [ 103.955701521079732, 22.491521536418642 ], [ 103.953642764567434, 22.492036965468071 ], [ 103.950744010299275, 22.497937020022345 ], [ 103.947777186173937, 22.496434825969249 ], [ 103.944364336417166, 22.503442970815936 ], [ 103.937646173294524, 22.511866478056067 ], [ 103.929380192720515, 22.515617092815368 ], [ 103.927650497714623, 22.514275522502793 ], [ 103.924018473814343, 22.518547040437848 ], [ 103.919654993583691, 22.518192449336219 ], [ 103.920802651603793, 22.519136287520706 ], [ 103.920852867061598, 22.522710336407094 ], [ 103.925513109132069, 22.521943275659613 ], [ 103.926648918384657, 22.522897398065002 ], [ 103.927019234465178, 22.526792137255736 ], [ 103.928523610771776, 22.525805907515224 ], [ 103.93250416795739, 22.527449343866405 ], [ 103.944908604999014, 22.525965000119992 ], [ 103.95337057167751, 22.511583165984074 ], [ 103.964062976731967, 22.505709462022818 ], [ 103.965729740460475, 22.509638370640172 ], [ 103.969385313730754, 22.511570104518558 ], [ 103.971221979608643, 22.51133950108839 ], [ 103.97219244902368, 22.50700338234661 ], [ 103.979274498836133, 22.507528697709784 ], [ 103.983259995850773, 22.512845072980383 ], [ 103.988169863544854, 22.51454918020076 ], [ 103.990741535969164, 22.519857869417379 ], [ 103.992802650251718, 22.520194038038671 ], [ 103.996000525829132, 22.518568335500628 ], [ 103.999573247931863, 22.519784313423397 ], [ 104.005821199997641, 22.516987399552438 ], [ 104.006339616631024, 22.520249637548737 ], [ 104.009235238534899, 22.520629455506075 ], [ 104.012571473431194, 22.523799406910481 ], [ 104.009719703979812, 22.529350093130461 ], [ 104.009589639844719, 22.533944895873201 ], [ 104.005083267633097, 22.539172147684305 ], [ 104.008883906403966, 22.544428535574795 ], [ 104.013066274908567, 22.543508007515268 ], [ 104.015188974291036, 22.544574498046508 ], [ 104.013189513664216, 22.544741994312755 ], [ 104.011691309797968, 22.547890654589033 ], [ 104.014718035521028, 22.550244932006621 ], [ 104.013763741311664, 22.554318586785818 ], [ 104.010280619447443, 22.557479530516446 ], [ 104.012377128714434, 22.559684988674505 ] ] ] } },
{ "type": "Feature", "properties": { "xa": "Bản Liền", "hat_kl": "Hạt KL Bắc Hà", "che_phu": 54.4, "dt_rung": 4307.5, "DTBD": 7669.18 }, "geometry": { "type": "Polygon", "coordinates": [ [ [ 104.424405656354324, 22.57192561242584 ], [ 104.424411826494378, 22.56383189143461 ], [ 104.42124391852829, 22.558562889140084 ], [ 104.42337972707827, 22.548635196900527 ], [ 104.419373329342534, 22.540881681597483 ], [ 104.416677643569344, 22.539134363477743 ], [ 104.414774080921475, 22.530700958433908 ], [ 104.416778914479451, 22.528815973690929 ], [ 104.419887974751489, 22.528511074015324 ], [ 104.422268323098862, 22.524159822343488 ], [ 104.431860404003984, 22.522142612540076 ], [ 104.43445179812889, 22.52305381506752 ], [ 104.435465755590229, 22.520754823141488 ], [ 104.438967701497617, 22.519758978773563 ], [ 104.440353904013975, 22.516786310418048 ], [ 104.445238527664785, 22.513145562515874 ], [ 104.444930646432326, 22.509485429006624 ], [ 104.446532875133229, 22.507675251801391 ], [ 104.445100228172365, 22.503870480187832 ], [ 104.440774812841411, 22.501310094701495 ], [ 104.434983870140925, 22.500126891254865 ], [ 104.432415826584986, 22.497260930386268 ], [ 104.427737339931241, 22.498070595731594 ], [ 104.425245375297905, 22.492878945843518 ], [ 104.421444121649657, 22.492418595180734 ], [ 104.412268737445814, 22.487917421254693 ], [ 104.414741873833478, 22.481278831176386 ], [ 104.410926238325658, 22.477690590184981 ], [ 104.411310594062726, 22.47616628876753 ], [ 104.406538339390522, 22.474297381225472 ], [ 104.406157658687803, 22.472699933220877 ], [ 104.402000278309544, 22.474346626768007 ], [ 104.399734294427603, 22.472734247652589 ], [ 104.391636710366569, 22.471442328951209 ], [ 104.392137784253109, 22.46942025957442 ], [ 104.390278776047339, 22.46576749632078 ], [ 104.388017880685211, 22.463948239651529 ], [ 104.384081871381454, 22.464239559242365 ], [ 104.378578297570471, 22.462458030645944 ], [ 104.367377406745135, 22.452747463590772 ], [ 104.367181107613419, 22.45010535488997 ], [ 104.363839871838977, 22.446116055054333 ], [ 104.356491480186776, 22.44751928730415 ], [ 104.349413613783582, 22.439826215336485 ], [ 104.345318491769831, 22.437239566822178 ], [ 104.345198055718527, 22.435956555339462 ], [ 104.340157153895518, 22.436099358725407 ], [ 104.336898717100553, 22.433328034327893 ], [ 104.332071625185634, 22.434640228568533 ], [ 104.324795432864036, 22.427910746745056 ], [ 104.322827605149385, 22.424067363085602 ], [ 104.322504171006301, 22.418975497970564 ], [ 104.320700623296418, 22.417996966004488 ], [ 104.317653209784879, 22.42347352110712 ], [ 104.313404315243432, 22.424618184407375 ], [ 104.316928217409014, 22.428777888269213 ], [ 104.314049093588395, 22.431258430539383 ], [ 104.317857027492593, 22.432600591375792 ], [ 104.321966494664764, 22.436695191358599 ], [ 104.323864163873949, 22.440973521362348 ], [ 104.327819097892402, 22.444423187026281 ], [ 104.342226931340036, 22.446831195317134 ], [ 104.345445102343021, 22.456827303908735 ], [ 104.342921750443338, 22.458794824351791 ], [ 104.342412526975451, 22.462177992136333 ], [ 104.343662701475751, 22.464504248210055 ], [ 104.345817786580525, 22.464781140622449 ], [ 104.34762377357886, 22.469357442661408 ], [ 104.351133974573017, 22.470971912976164 ], [ 104.348911712552962, 22.474819572450055 ], [ 104.349615034641516, 22.476624944760331 ], [ 104.34703147802604, 22.478403799812032 ], [ 104.344894295770828, 22.477611826107218 ], [ 104.343337505448375, 22.47870899273871 ], [ 104.343300986860726, 22.488250278103802 ], [ 104.340370224330314, 22.490111772637832 ], [ 104.341357301344487, 22.496020045909461 ], [ 104.340191322063433, 22.496871074098483 ], [ 104.339929571737798, 22.501030442884275 ], [ 104.337695413648916, 22.503341690267252 ], [ 104.344266005285661, 22.508691735308293 ], [ 104.346692945764943, 22.508739825178235 ], [ 104.348088945587421, 22.510516947782865 ], [ 104.356179383350806, 22.510964649571175 ], [ 104.363354471552867, 22.515626953770482 ], [ 104.364985757232702, 22.517243470507005 ], [ 104.364690545914016, 22.521660276418444 ], [ 104.367254631606357, 22.524765351016129 ], [ 104.368999064064511, 22.534698450907548 ], [ 104.375507161373449, 22.539270855258508 ], [ 104.378379487543455, 22.539011185451432 ], [ 104.383121211962674, 22.544034366165871 ], [ 104.387475489735863, 22.53898461234505 ], [ 104.392063325357384, 22.542922722848367 ], [ 104.394541341571028, 22.542404227890763 ], [ 104.396187814957486, 22.544545175485975 ], [ 104.394359814164503, 22.550794237591493 ], [ 104.403139262073651, 22.551458597253301 ], [ 104.404731954820235, 22.555028704963746 ], [ 104.409245071000669, 22.554569703366717 ], [ 104.40786356350867, 22.558208680210708 ], [ 104.411455760975144, 22.56281161268852 ], [ 104.424405656354324, 22.57192561242584 ] ] ] } },
{ "type": "Feature", "properties": { "xa": "Bản Xèo", "hat_kl": "Hạt KL Bát Xát", "che_phu": 50.9, "dt_rung": 4103.5, "DTBD": 7833.8 }, "geometry": { "type": "Polygon", "coordinates": [ [ [ 103.79247665634135, 22.574291192474167 ], [ 103.798477098867963, 22.573032419966243 ], [ 103.802377007296499, 22.569160927136497 ], [ 103.805230076997944, 22.568987452885658 ], [ 103.805103929115262, 22.572715633085224 ], [ 103.808912692514866, 22.571571615604718 ], [ 103.810580659385423, 22.573052969039519 ], [ 103.818575787672813, 22.573765681221357 ], [ 103.819177392341487, 22.568901408313405 ], [ 103.826583393600913, 22.564941385810418 ], [ 103.826204266108036, 22.562390274575424 ], [ 103.828475071935245, 22.558732880664969 ], [ 103.824695272482145, 22.556426830499774 ], [ 103.826180762384709, 22.552313421529686 ], [ 103.817212523177318, 22.537500394130518 ], [ 103.81381034988317, 22.534649498249586 ], [ 103.807182933668955, 22.518177915726618 ], [ 103.80734771174204, 22.514863527699564 ], [ 103.810340020647288, 22.513624607780159 ], [ 103.809523786353964, 22.512530497527113 ], [ 103.815737112493636, 22.507360951367989 ], [ 103.816488967501769, 22.503396501008581 ], [ 103.792218564624534, 22.497683144205237 ], [ 103.786935756360137, 22.495096309775061 ], [ 103.786760615101954, 22.492768658745231 ], [ 103.784932625041563, 22.493472481636644 ], [ 103.780303351653373, 22.49196008802571 ], [ 103.779129704723417, 22.486987545830683 ], [ 103.779752593068579, 22.480993998211115 ], [ 103.777869735689052, 22.477256693848769 ], [ 103.774814884720897, 22.475443536503555 ], [ 103.77644555765167, 22.473387043068787 ], [ 103.776975494786512, 22.467601721077173 ], [ 103.779422849500861, 22.465339887134267 ], [ 103.780269245146272, 22.462139252326651 ], [ 103.780036824077214, 22.460801435979327 ], [ 103.775919761968382, 22.458032724300608 ], [ 103.771742910924601, 22.466920329009305 ], [ 103.767934210481627, 22.469241305503328 ], [ 103.766360568037143, 22.468770170250107 ], [ 103.763311211344657, 22.477765261716083 ], [ 103.761608918314053, 22.479569136010227 ], [ 103.755417809044303, 22.479333025577425 ], [ 103.751096168693536, 22.475686112632516 ], [ 103.748475671491803, 22.477384999808603 ], [ 103.745681304700213, 22.475940275478742 ], [ 103.744447452822129, 22.471850489778973 ], [ 103.741400364652108, 22.474599815015022 ], [ 103.740901682669744, 22.476694722669421 ], [ 103.736674003518729, 22.479816284811555 ], [ 103.735485634474657, 22.48297313981374 ], [ 103.736562619137331, 22.48610730807339 ], [ 103.725482975232836, 22.500792369226179 ], [ 103.727094631786045, 22.504619365623576 ], [ 103.725966152267034, 22.508424794297834 ], [ 103.727766041255364, 22.514396505272622 ], [ 103.726312156826594, 22.521832211730004 ], [ 103.728822774204232, 22.525793495485459 ], [ 103.727031609639255, 22.530863829107908 ], [ 103.730825227119709, 22.537889717078009 ], [ 103.730529877309237, 22.539587346259893 ], [ 103.734254063149407, 22.54300403439818 ], [ 103.737590175391077, 22.544497635138882 ], [ 103.738758085903214, 22.541994558038326 ], [ 103.742611795311134, 22.54126515676959 ], [ 103.743253570249436, 22.542904563338134 ], [ 103.741915010530093, 22.547871426751904 ], [ 103.744916333755299, 22.558500181800881 ], [ 103.747164075328712, 22.561461435738519 ], [ 103.757041373907114, 22.56872514215047 ], [ 103.75839758828954, 22.569227382797411 ], [ 103.767309055290539, 22.555095189153864 ], [ 103.771889238439641, 22.55712722006129 ], [ 103.783890041041474, 22.569092405194063 ], [ 103.786988338192117, 22.569619860215056 ], [ 103.789053104359084, 22.573618402867115 ], [ 103.79247665634135, 22.574291192474167 ] ] ] } },
{ "type": "Feature", "properties": { "xa": "Bắc Hà", "hat_kl": "Hạt KL Bắc Hà", "che_phu": 37.1, "dt_rung": 6884.9, "DTBD": 17972.32 }, "geometry": { "type": "Polygon", "coordinates": [ [ [ 104.395027331663854, 22.598624547998746 ], [ 104.399436504560981, 22.595115529475095 ], [ 104.404669103546226, 22.594583463552762 ], [ 104.402358792736166, 22.591943106295531 ], [ 104.401421972493495, 22.589170867553175 ], [ 104.403383470390139, 22.588772143088395 ], [ 104.401199424551308, 22.585974989495575 ], [ 104.406522083116911, 22.584201724508155 ], [ 104.406527692837656, 22.581428905450686 ], [ 104.408386802398326, 22.58105193530881 ], [ 104.409408498855782, 22.578687221650306 ], [ 104.412256632699396, 22.576855213637007 ], [ 104.414550349009772, 22.581867700175355 ], [ 104.419062033891464, 22.574665409149365 ], [ 104.423861251775449, 22.571524428092154 ], [ 104.411455760975144, 22.56281161268852 ], [ 104.40786356350867, 22.558208680210708 ], [ 104.409245071000669, 22.554569703366717 ], [ 104.404731954820235, 22.555028704963746 ], [ 104.403139262073651, 22.551458597253301 ], [ 104.394359814164503, 22.550794237591493 ], [ 104.396187814957486, 22.544545175485975 ], [ 104.394541341571028, 22.542404227890763 ], [ 104.392063325357384, 22.542922722848367 ], [ 104.387475489735863, 22.53898461234505 ], [ 104.383121211962674, 22.544034366165871 ], [ 104.378379487543455, 22.539011185451432 ], [ 104.375507161373449, 22.539270855258508 ], [ 104.368999064064511, 22.534698450907548 ], [ 104.367254631606357, 22.524765351016129 ], [ 104.364414380343646, 22.520992662706792 ], [ 104.364961407087151, 22.517190850794417 ], [ 104.356179383350806, 22.510964649571175 ], [ 104.348088945587421, 22.510516947782865 ], [ 104.346692945764943, 22.508739825178235 ], [ 104.344266005285661, 22.508691735308293 ], [ 104.337695413648916, 22.503341690267252 ], [ 104.339929571737798, 22.501030442884275 ], [ 104.340191322063433, 22.496871074098483 ], [ 104.341357301344487, 22.496020045909461 ], [ 104.340369762648649, 22.492051762230723 ], [ 104.327410395940106, 22.494296238514835 ], [ 104.321192296918539, 22.49158563290349 ], [ 104.305122214471808, 22.495421141063726 ], [ 104.300125178163825, 22.493438024965357 ], [ 104.300017778509527, 22.488239569935846 ], [ 104.302128370053325, 22.486571521475287 ], [ 104.302953433470066, 22.482373595206891 ], [ 104.299772495616267, 22.467554605757751 ], [ 104.302471174155514, 22.461728417406459 ], [ 104.301312076745646, 22.460248236565718 ], [ 104.297681050644201, 22.460232047416454 ], [ 104.290444939478775, 22.456134831121755 ], [ 104.276466867392216, 22.452378720605264 ], [ 104.275528105359356, 22.450723437888005 ], [ 104.270005750175272, 22.455338295768271 ], [ 104.267227078328986, 22.452486542719473 ], [ 104.266232982503865, 22.457906331314742 ], [ 104.26478900759291, 22.45903043966663 ], [ 104.263131691902018, 22.454351278066436 ], [ 104.257759677332956, 22.455885903094735 ], [ 104.257898276762148, 22.458377661248939 ], [ 104.256402380040598, 22.458833319886473 ], [ 104.258100118857357, 22.461589845980345 ], [ 104.257048921560624, 22.464709429081847 ], [ 104.260179447530049, 22.465633820333661 ], [ 104.259763225518256, 22.468105375086022 ], [ 104.256563275838303, 22.471980183550464 ], [ 104.253464619421536, 22.472441647331177 ], [ 104.249382015219751, 22.475402345882767 ], [ 104.248753896519744, 22.470777538835424 ], [ 104.246207439224051, 22.469045742223507 ], [ 104.244181911315081, 22.464306185321174 ], [ 104.242036899984541, 22.465887389903578 ], [ 104.242916114470233, 22.467908524012866 ], [ 104.24146328064225, 22.469942727741966 ], [ 104.237454543284855, 22.472270725296045 ], [ 104.233650277710183, 22.472120594971731 ], [ 104.229311086337802, 22.467237788859816 ], [ 104.22480601012667, 22.468757660379683 ], [ 104.223191634191167, 22.473969034895841 ], [ 104.219482670352562, 22.474355057647468 ], [ 104.220584435598866, 22.476937328561036 ], [ 104.2194190039517, 22.48129741384772 ], [ 104.223310272843477, 22.49169809539552 ], [ 104.225653613559331, 22.494181428070931 ], [ 104.228815472222294, 22.495135162470113 ], [ 104.231476093838694, 22.501767144369051 ], [ 104.241817978424493, 22.509544526447094 ], [ 104.241914152947146, 22.512325319806539 ], [ 104.251905513097455, 22.514841524925526 ], [ 104.259756674282713, 22.511408873796437 ], [ 104.263157587585738, 22.514643202803786 ], [ 104.261080728608121, 22.519925700781425 ], [ 104.256904523536505, 22.520912887435109 ], [ 104.253131935638649, 22.524056388051644 ], [ 104.253290128829505, 22.52657600528298 ], [ 104.251438988230802, 22.528429148729074 ], [ 104.244988477818751, 22.531600347595692 ], [ 104.246911252989108, 22.532577208792844 ], [ 104.247335269066866, 22.536186985098468 ], [ 104.238442115699357, 22.537594174660946 ], [ 104.239506610084021, 22.540808364346127 ], [ 104.234846530896931, 22.544468783676209 ], [ 104.223570918806132, 22.54644042067261 ], [ 104.219373136672417, 22.538401297976314 ], [ 104.215196386978576, 22.541205872065937 ], [ 104.211922480218092, 22.541100401545268 ], [ 104.208193923115417, 22.540484797592043 ], [ 104.205942475777633, 22.538254486871139 ], [ 104.201858804211398, 22.536944948124177 ], [ 104.200811616156273, 22.540177820718522 ], [ 104.193130995126168, 22.549536431205532 ], [ 104.190208129455939, 22.555545074336337 ], [ 104.190055180155767, 22.558774109859822 ], [ 104.190623123522855, 22.561377097859449 ], [ 104.196885110560316, 22.569582000830078 ], [ 104.205399598180165, 22.57859951514445 ], [ 104.208056698152632, 22.583942912513294 ], [ 104.207621226957883, 22.585502806675919 ], [ 104.213032046680155, 22.58573041209716 ], [ 104.219798824639753, 22.589047388272103 ], [ 104.227521894894991, 22.590992140035514 ], [ 104.232863094335912, 22.590503690879636 ], [ 104.239206317300685, 22.586209069788243 ], [ 104.243195829894105, 22.584987890273108 ], [ 104.257071493699527, 22.58862676327346 ], [ 104.260988390796854, 22.592744776005624 ], [ 104.267823728751821, 22.593038450378902 ], [ 104.266723823545391, 22.590310666988255 ], [ 104.269739240886025, 22.586920975988747 ], [ 104.269404466790519, 22.582190786560197 ], [ 104.271580340536019, 22.580926794703498 ], [ 104.273097353537494, 22.575384079395423 ], [ 104.278976359291264, 22.582878580239299 ], [ 104.280823107141444, 22.582032537331962 ], [ 104.282268546615938, 22.583529492741807 ], [ 104.28848084689659, 22.583658901950457 ], [ 104.290920338371095, 22.582506394895432 ], [ 104.291307794600314, 22.583649568113827 ], [ 104.292132549126165, 22.580777246718235 ], [ 104.291228895659742, 22.577577856498955 ], [ 104.295629304373776, 22.56958215338809 ], [ 104.295480487009925, 22.566775508194116 ], [ 104.296947028090187, 22.564672698485307 ], [ 104.299294361367487, 22.564166150624885 ], [ 104.299258249396757, 22.562980720305216 ], [ 104.296147237745302, 22.561048619566538 ], [ 104.299680894306221, 22.556705482475053 ], [ 104.302531352394098, 22.556592964789523 ], [ 104.302032322597341, 22.551874365376626 ], [ 104.304897674610672, 22.551421825000066 ], [ 104.305988523010413, 22.552809578275724 ], [ 104.304955767440106, 22.55343826826396 ], [ 104.312207222959955, 22.556525855179274 ], [ 104.314443085384198, 22.561267292056836 ], [ 104.318587173183133, 22.563215002998703 ], [ 104.323525025793657, 22.563429841793976 ], [ 104.324940049514922, 22.561298726986049 ], [ 104.324529890221697, 22.556643913494163 ], [ 104.32774598572216, 22.556353460766456 ], [ 104.332801683565677, 22.557011026535005 ], [ 104.333127286701156, 22.55873654274377 ], [ 104.336890533897744, 22.559758914023615 ], [ 104.340411181385704, 22.563235327329465 ], [ 104.34404362543583, 22.564656374757622 ], [ 104.350550349647335, 22.565239286074785 ], [ 104.357092453814857, 22.562690749233298 ], [ 104.358278731674062, 22.570305797709654 ], [ 104.356967824865322, 22.572251241827004 ], [ 104.357749828818157, 22.575219241517086 ], [ 104.356806872158117, 22.579762837026582 ], [ 104.358588760498975, 22.578082253248461 ], [ 104.363700024983515, 22.582730111532459 ], [ 104.367800352882512, 22.580299439949446 ], [ 104.375156297313467, 22.583593439665588 ], [ 104.378389725987304, 22.582587388555599 ], [ 104.384008186676738, 22.584971136109836 ], [ 104.385735715123914, 22.591770889798536 ], [ 104.388648485940777, 22.593232472686491 ], [ 104.391974154102101, 22.5979800826847 ], [ 104.395027331663854, 22.598624547998746 ] ] ] } },
{ "type": "Feature", "properties": { "xa": "Bát Xát", "hat_kl": "Hạt KL Bát Xát", "che_phu": 57.4, "dt_rung": 11016.6, "DTBD": 18953.54 }, "geometry": { "type": "Polygon", "coordinates": [ [ [ 103.821704934461692, 22.620869548634193 ], [ 103.825696309543048, 22.615667162238605 ], [ 103.832384378557549, 22.612391119368692 ], [ 103.840498557761009, 22.605747665015528 ], [ 103.846355242012606, 22.595376231129329 ], [ 103.862456911022932, 22.585524110003302 ], [ 103.868256388554585, 22.578366056954966 ], [ 103.874971537702976, 22.566738678164491 ], [ 103.881764393889966, 22.56379200385437 ], [ 103.88418714460073, 22.565019769148137 ], [ 103.884536473635436, 22.568420294705223 ], [ 103.886108227860632, 22.570145998011416 ], [ 103.891595780384748, 22.568545205370253 ], [ 103.914855312441134, 22.544414703308128 ], [ 103.913770669744494, 22.535596989942071 ], [ 103.918881686093243, 22.533527549415236 ], [ 103.923765881754164, 22.539378456159483 ], [ 103.926473280752305, 22.539667680826177 ], [ 103.928931305559786, 22.536920207027691 ], [ 103.93250416795739, 22.527449343866405 ], [ 103.928783000458012, 22.525815087718538 ], [ 103.927019234465178, 22.526792137255736 ], [ 103.927309981363493, 22.52395212707528 ], [ 103.925659279424366, 22.521963711011111 ], [ 103.920852867061598, 22.522710336407094 ], [ 103.920802651603793, 22.519136287520706 ], [ 103.919656179550827, 22.518221714768583 ], [ 103.924018473814343, 22.518547040437848 ], [ 103.927650497714623, 22.514275522502793 ], [ 103.926171544577329, 22.513747887014699 ], [ 103.925645835227598, 22.510332597011345 ], [ 103.927883235214708, 22.506542298914553 ], [ 103.926240968584949, 22.506427075773292 ], [ 103.92428886575145, 22.502741324968106 ], [ 103.927235997631215, 22.497609183841831 ], [ 103.925848761451661, 22.495147101978812 ], [ 103.927104142688478, 22.488352140641126 ], [ 103.923770026666872, 22.486626567125956 ], [ 103.923045790511253, 22.483184686947197 ], [ 103.919013479788788, 22.480705165512791 ], [ 103.913223731215879, 22.479893975133493 ], [ 103.907292880840458, 22.475996690651446 ], [ 103.903930638105592, 22.478463422021647 ], [ 103.903064057102171, 22.486609318396692 ], [ 103.900946131365842, 22.488969807068816 ], [ 103.900339138552752, 22.493873231810781 ], [ 103.89787952360102, 22.494475592680406 ], [ 103.898929427040315, 22.493073263383788 ], [ 103.896775520813378, 22.489021834179024 ], [ 103.89744675380102, 22.48627546289849 ], [ 103.89480687869424, 22.488194036998092 ], [ 103.892393745223572, 22.485334576141721 ], [ 103.884098801381882, 22.457631171313931 ], [ 103.890882565625361, 22.449590939213035 ], [ 103.8897545475144, 22.446579430134125 ], [ 103.891744261625135, 22.441404329902237 ], [ 103.889440504233974, 22.438808476719085 ], [ 103.889588670267912, 22.43631607307087 ], [ 103.884510686876396, 22.436475328284562 ], [ 103.878456137532865, 22.433255656231168 ], [ 103.870986564778548, 22.424929261110645 ], [ 103.863023415912011, 22.41948973104385 ], [ 103.856330991123841, 22.42193384314325 ], [ 103.852561590214307, 22.427476364780702 ], [ 103.847630837210346, 22.429612361100556 ], [ 103.843298539714809, 22.433358471133701 ], [ 103.831415233201795, 22.436686002903933 ], [ 103.826081827006618, 22.442084305447171 ], [ 103.822653728573471, 22.449362249498609 ], [ 103.819611635314814, 22.44931891426797 ], [ 103.817597791316459, 22.451890842896425 ], [ 103.815584774831322, 22.452197075106646 ], [ 103.805791551131165, 22.462642841141854 ], [ 103.804028102213735, 22.468710313711927 ], [ 103.794070223764891, 22.483604991901849 ], [ 103.785956854618803, 22.489104263406741 ], [ 103.787233106051701, 22.491631117146156 ], [ 103.786323817328437, 22.494462326239219 ], [ 103.78862182474775, 22.496312304001627 ], [ 103.799698179964892, 22.499998865289314 ], [ 103.816488967501769, 22.503396501008581 ], [ 103.815737112493636, 22.507360951367989 ], [ 103.809523786353964, 22.512530497527113 ], [ 103.810340020647288, 22.513624607780159 ], [ 103.80734771174204, 22.514863527699564 ], [ 103.807182933668955, 22.518177915726618 ], [ 103.81381034988317, 22.534649498249586 ], [ 103.817212523177318, 22.537500394130518 ], [ 103.826180762384709, 22.552313421529686 ], [ 103.824411429352068, 22.555806340250967 ], [ 103.828475071935245, 22.558732880664969 ], [ 103.826204266108036, 22.562390274575424 ], [ 103.826662576396458, 22.56484837557316 ], [ 103.819177392341487, 22.568901408313405 ], [ 103.818575787672813, 22.573765681221357 ], [ 103.810580659385423, 22.573052969039519 ], [ 103.808912692514866, 22.571571615604718 ], [ 103.805103929115262, 22.572715633085224 ], [ 103.805230076997944, 22.568987452885658 ], [ 103.802945137402332, 22.569034418726975 ], [ 103.798477098867963, 22.573032419966243 ], [ 103.791896101268165, 22.574564964423523 ], [ 103.789053104359084, 22.573618402867115 ], [ 103.786988338192117, 22.569619860215056 ], [ 103.78370538294871, 22.56894048811656 ], [ 103.771889238439641, 22.55712722006129 ], [ 103.767309055290539, 22.555095189153864 ], [ 103.75839758828954, 22.569227382797411 ], [ 103.764551773304305, 22.575481163807297 ], [ 103.765972884135678, 22.579770603630774 ], [ 103.769234316023216, 22.580723829487262 ], [ 103.77237539814405, 22.584696268569957 ], [ 103.774948518829063, 22.590259776545523 ], [ 103.77558814678433, 22.595590823392971 ], [ 103.782903138997938, 22.595835067520085 ], [ 103.793087760299414, 22.604457931902417 ], [ 103.798634774316952, 22.604325556380452 ], [ 103.800334193386064, 22.609808281033931 ], [ 103.807585596946851, 22.611984806910883 ], [ 103.808780904506989, 22.614368792278089 ], [ 103.815900285521536, 22.620364834114145 ], [ 103.818941580690179, 22.619248207410219 ], [ 103.821704934461692, 22.620869548634193 ] ] ] } },
{ "type": "Feature", "properties": { "xa": "Dền Sáng", "hat_kl": "Hạt KL Khu bảo tồn Bát Xát", "che_phu": 62.3, "dt_rung": 9461.8, "DTBD": 14823.29 }, "geometry": { "type": "Polygon", "coordinates": [ [ [ 103.626908089203752, 22.629169422274664 ], [ 103.657052427411017, 22.619638320775273 ], [ 103.662848842411734, 22.628310708110696 ], [ 103.665046508429398, 22.626975414912412 ], [ 103.664904311502667, 22.624854465989362 ], [ 103.667913426950037, 22.62327024025004 ], [ 103.668437655240723, 22.619633843954954 ], [ 103.677083221902336, 22.612001411975886 ], [ 103.690467960457767, 22.610868291592119 ], [ 103.69315736395933, 22.608636527157223 ], [ 103.703367054950562, 22.60593415070614 ], [ 103.710219506647931, 22.597633174140348 ], [ 103.714139218394962, 22.597094393690188 ], [ 103.717499293474418, 22.594276488844184 ], [ 103.723334622638603, 22.595022142237678 ], [ 103.730533149474425, 22.593291398091861 ], [ 103.735509749622253, 22.589146066317582 ], [ 103.735067910864018, 22.587546547150758 ], [ 103.736587651856325, 22.585236542954714 ], [ 103.744731848604005, 22.580188234173008 ], [ 103.742317081084948, 22.57236291536287 ], [ 103.743582078306062, 22.568283195837164 ], [ 103.7481869414204, 22.565696791166264 ], [ 103.749370634343805, 22.562543469426089 ], [ 103.744916333755299, 22.558500181800881 ], [ 103.743402422025156, 22.554214053467263 ], [ 103.741915010530093, 22.547871426751904 ], [ 103.743253570249436, 22.542904563338134 ], [ 103.742611795311134, 22.54126515676959 ], [ 103.738758085903214, 22.541994558038326 ], [ 103.73727674818106, 22.544498100379872 ], [ 103.722676789072224, 22.537984456911015 ], [ 103.718075428805065, 22.539773525691658 ], [ 103.716432069355761, 22.542305084581358 ], [ 103.709761229415946, 22.537496104321729 ], [ 103.710923150219088, 22.531680724096457 ], [ 103.706790672091998, 22.527791389570442 ], [ 103.703640246240653, 22.528909472588886 ], [ 103.700679287442298, 22.52774163901319 ], [ 103.694915768764901, 22.531420530924965 ], [ 103.685406016370891, 22.531208633512552 ], [ 103.682301817682642, 22.533388998657482 ], [ 103.676568105738099, 22.532655800146735 ], [ 103.674497497211945, 22.528465696085494 ], [ 103.66829755291964, 22.522765387401321 ], [ 103.659408572825697, 22.522819553254575 ], [ 103.642664117253148, 22.515224323662093 ], [ 103.630429283678566, 22.521374372382532 ], [ 103.62830428271954, 22.521359670310432 ], [ 103.626513485514167, 22.523515938849261 ], [ 103.612429162518467, 22.524011291037308 ], [ 103.608774383986159, 22.526971025162073 ], [ 103.599937645781893, 22.524146744322504 ], [ 103.595504865775553, 22.525684700311924 ], [ 103.594405341294546, 22.527940363176945 ], [ 103.592070025435248, 22.527749751090521 ], [ 103.588988380431999, 22.53059791598432 ], [ 103.58505787338396, 22.530797428905561 ], [ 103.581972777104312, 22.53622664427229 ], [ 103.580345395548832, 22.544931357299784 ], [ 103.576765349335119, 22.547679917539263 ], [ 103.574482464960624, 22.553463179613424 ], [ 103.574926015955214, 22.555547190032101 ], [ 103.566472729922424, 22.568855959093543 ], [ 103.573857303040157, 22.579416294272313 ], [ 103.578833260089468, 22.58069660665879 ], [ 103.583071386489507, 22.583314159951282 ], [ 103.584217029010603, 22.585767601790611 ], [ 103.593324177794614, 22.590633579248767 ], [ 103.594528570172272, 22.594407554193879 ], [ 103.597541321747542, 22.594451870213376 ], [ 103.604662891643429, 22.59848151468502 ], [ 103.613881758758012, 22.597560127906487 ], [ 103.618545004401511, 22.595597429367544 ], [ 103.616533611643064, 22.609264205048657 ], [ 103.624996308161542, 22.618086356933876 ], [ 103.626908089203752, 22.629169422274664 ] ] ] } },
{ "type": "Feature", "properties": { "xa": "Bản Lầu", "hat_kl": "Hạt KL Bắc Hà", "che_phu": 34.1, "dt_rung": 4569.0, "DTBD": 12528.42 }, "geometry": { "type": "Polygon", "coordinates": [ [ [ 104.096029531753643, 22.667217533840816 ], [ 104.099614218439527, 22.665949942287444 ], [ 104.102075103318711, 22.661996676909006 ], [ 104.103422734900846, 22.661880567047593 ], [ 104.105803951488241, 22.662010990545429 ], [ 104.113593684916381, 22.666296246422117 ], [ 104.115688109340908, 22.664842832647345 ], [ 104.118095041890911, 22.659307988881078 ], [ 104.12128606697766, 22.658203975061493 ], [ 104.124271093064834, 22.654257914695208 ], [ 104.123918818605389, 22.649526749636635 ], [ 104.11894284691796, 22.63876148887152 ], [ 104.120450313622541, 22.632722912798101 ], [ 104.115221578219391, 22.625561098987898 ], [ 104.110780833804981, 22.623192835926325 ], [ 104.110257933449361, 22.621097499653914 ], [ 104.113569501956206, 22.619385873649726 ], [ 104.11240780166473, 22.615048454554824 ], [ 104.109249177104616, 22.612531356598232 ], [ 104.108564734163252, 22.606793507383451 ], [ 104.106083809448123, 22.601433441783644 ], [ 104.105095995375052, 22.599976235905586 ], [ 104.104523120526181, 22.602751636060646 ], [ 104.102796563090607, 22.5990367180577 ], [ 104.105115427969807, 22.597182716359221 ], [ 104.103985501043852, 22.593236486267209 ], [ 104.106179072730896, 22.585777780834093 ], [ 104.115775943795413, 22.583267176915715 ], [ 104.118815354534462, 22.576463097936923 ], [ 104.120022530264691, 22.570412992280779 ], [ 104.117787405804577, 22.563535687757131 ], [ 104.119125394354782, 22.56115769209238 ], [ 104.117477993614386, 22.557887455533429 ], [ 104.11775403488376, 22.550547866885246 ], [ 104.116736163604301, 22.548333278508135 ], [ 104.110802225339697, 22.54586387925842 ], [ 104.110689146825436, 22.542762580376984 ], [ 104.095129624814746, 22.541254423894152 ], [ 104.095439374014092, 22.531064687577889 ], [ 104.093324761127448, 22.5282770871409 ], [ 104.09075564268592, 22.528939747995853 ], [ 104.089519803440353, 22.526362232347992 ], [ 104.086421058891048, 22.525894873202152 ], [ 104.085196360293921, 22.53423516806475 ], [ 104.082218717200107, 22.536793296877239 ], [ 104.081219601815263, 22.541177426538017 ], [ 104.07790321162021, 22.535762337653203 ], [ 104.069767703556039, 22.531398579050254 ], [ 104.06809581246597, 22.532117404410574 ], [ 104.06460625137413, 22.530817671331743 ], [ 104.064877295909568, 22.52835051178511 ], [ 104.057627376138001, 22.525985285845117 ], [ 104.053515323907007, 22.526903051818181 ], [ 104.051295572686698, 22.531672641724693 ], [ 104.045984936487969, 22.533095153495928 ], [ 104.046742950386502, 22.534853247617679 ], [ 104.045571706677677, 22.536290889163656 ], [ 104.042932900015174, 22.536421731786035 ], [ 104.039421403960048, 22.539569034719353 ], [ 104.033335860131061, 22.541057050786616 ], [ 104.028337220686524, 22.549479126436914 ], [ 104.02546074768064, 22.550705398027144 ], [ 104.022179556681394, 22.556141195153728 ], [ 104.018265280096031, 22.556569821482299 ], [ 104.016922846877961, 22.558738223417066 ], [ 104.014015935362877, 22.558628043812664 ], [ 104.01007595584052, 22.561542966713105 ], [ 104.010355628663717, 22.563414881880632 ], [ 104.011940662335689, 22.562662048717186 ], [ 104.016192087685098, 22.563804845396685 ], [ 104.016402082960965, 22.565299489894397 ], [ 104.014049549365453, 22.56631038506017 ], [ 104.01509834248229, 22.567759018968722 ], [ 104.012705303786674, 22.570927873849591 ], [ 104.008698367980458, 22.572035574605916 ], [ 104.00525338043694, 22.576209451773469 ], [ 104.010001703866635, 22.579424743570495 ], [ 104.014048961868895, 22.578820031622389 ], [ 104.013402028000584, 22.583184868972076 ], [ 104.015557800333838, 22.586215697536598 ], [ 104.013064841947525, 22.587979358595302 ], [ 104.014204155381705, 22.5890935541019 ], [ 104.014296592954565, 22.592947204307944 ], [ 104.015811825213618, 22.594634574309421 ], [ 104.019660225924127, 22.595487464201383 ], [ 104.020963454861572, 22.606735634612875 ], [ 104.022968887317646, 22.607359631309574 ], [ 104.025246264836255, 22.615118822172683 ], [ 104.026784180901856, 22.615496741996569 ], [ 104.02488424892843, 22.616839522970736 ], [ 104.025059000063337, 22.623008913813475 ], [ 104.029638437890441, 22.625984387465277 ], [ 104.029979307002037, 22.632557014977017 ], [ 104.027947725305452, 22.634031985073626 ], [ 104.027619794175337, 22.636002088165569 ], [ 104.02985301776063, 22.641389094351091 ], [ 104.0314665969304, 22.642728630968701 ], [ 104.038134331028047, 22.638188662321916 ], [ 104.041356409072719, 22.639985504835959 ], [ 104.047042147134093, 22.640041598772545 ], [ 104.053145914954214, 22.645908315872337 ], [ 104.051991622893837, 22.650106817546064 ], [ 104.055212701094675, 22.652213227709751 ], [ 104.055210447060446, 22.654323874626819 ], [ 104.060472864524669, 22.656171619346591 ], [ 104.062667321935493, 22.654598594684273 ], [ 104.072962640435861, 22.655113552726483 ], [ 104.074233837859225, 22.653328846714562 ], [ 104.077446915737639, 22.655027407407346 ], [ 104.082755189985818, 22.650276216776316 ], [ 104.085959509502132, 22.649373264104351 ], [ 104.085264789434888, 22.653259656888988 ], [ 104.086947660355818, 22.657716889337848 ], [ 104.090494759919167, 22.662650935509671 ], [ 104.096029531753643, 22.667217533840816 ] ] ] } },
{ "type": "Feature", "properties": { "xa": "Tả Củ Tỷ", "hat_kl": "Hạt KL Bắc Hà", "che_phu": 44.6, "dt_rung": 3160.1, "DTBD": 6929.17 }, "geometry": { "type": "Polygon", "coordinates": [ [ [ 104.396210176068351, 22.680796798715964 ], [ 104.402142657425884, 22.680766989532216 ], [ 104.40283530331503, 22.679757559386474 ], [ 104.404020711548853, 22.673416455895303 ], [ 104.406561384480639, 22.669372675992374 ], [ 104.405423610784709, 22.661964051505013 ], [ 104.406409335330366, 22.656219617683671 ], [ 104.408337184195503, 22.654778227836527 ], [ 104.408053730998887, 22.652228515628998 ], [ 104.410196889916264, 22.648470008419608 ], [ 104.413433783123565, 22.648443151341283 ], [ 104.413934804837837, 22.645870888438417 ], [ 104.41562887988907, 22.644486534858501 ], [ 104.413351139978204, 22.641991177682179 ], [ 104.412904108762262, 22.638348455223994 ], [ 104.408768903394105, 22.633948887138416 ], [ 104.409093797319343, 22.632035981234218 ], [ 104.406964798169867, 22.628889255740962 ], [ 104.414508853500251, 22.627718886668148 ], [ 104.418272615107057, 22.630619825693767 ], [ 104.422498780360868, 22.631044572902457 ], [ 104.42433310595456, 22.632244928164788 ], [ 104.424968763361989, 22.63630587537342 ], [ 104.42844478348492, 22.638879338930266 ], [ 104.427658596879809, 22.640910478297741 ], [ 104.42970851474702, 22.642904767346568 ], [ 104.429016350048997, 22.644332913900879 ], [ 104.434812661487214, 22.643898368296881 ], [ 104.434140781965397, 22.639879745321828 ], [ 104.432556901342281, 22.638463973784216 ], [ 104.434656715491741, 22.630717084402789 ], [ 104.433377888810071, 22.629145952519021 ], [ 104.434894679453848, 22.629521201475519 ], [ 104.436055986157015, 22.628144970245028 ], [ 104.433635886778674, 22.625448222765428 ], [ 104.434664590396736, 22.623724673518275 ], [ 104.432411576963432, 22.614820425538376 ], [ 104.433018675366483, 22.61210090957648 ], [ 104.434340506260583, 22.610955026322966 ], [ 104.43884485640551, 22.610970414138212 ], [ 104.439098725053213, 22.608594725167979 ], [ 104.442251271842991, 22.606885787485762 ], [ 104.443001026376251, 22.604385507488313 ], [ 104.444998911036649, 22.604735388745443 ], [ 104.444199379838338, 22.606359201881094 ], [ 104.448245162130988, 22.604408544908765 ], [ 104.449859194111966, 22.606081067469738 ], [ 104.45283275374959, 22.603566368041836 ], [ 104.459358187902097, 22.605523442320305 ], [ 104.459057276342349, 22.603839942740052 ], [ 104.463893279330946, 22.598161985935338 ], [ 104.462086367429933, 22.593601994274056 ], [ 104.462715789949357, 22.586449895255289 ], [ 104.464635850671201, 22.58203499590886 ], [ 104.46472785930257, 22.57792118616662 ], [ 104.466860859859921, 22.574191557085232 ], [ 104.459513281337408, 22.571786535393247 ], [ 104.456351729959621, 22.573175114711724 ], [ 104.452677011003018, 22.571631071080333 ], [ 104.450460598743007, 22.575461323191352 ], [ 104.440588183726689, 22.57609746906483 ], [ 104.435248510174759, 22.575024402137654 ], [ 104.432385088041315, 22.575824258212627 ], [ 104.424209630348486, 22.572124262058267 ], [ 104.421421394182346, 22.57279402669494 ], [ 104.417689297050131, 22.576289358657508 ], [ 104.414550349009772, 22.581867700175355 ], [ 104.412256632699396, 22.576855213637007 ], [ 104.409408498855782, 22.578687221650306 ], [ 104.408386802398326, 22.58105193530881 ], [ 104.406527692837656, 22.581428905450686 ], [ 104.406522083116911, 22.584201724508155 ], [ 104.401199424551308, 22.585974989495575 ], [ 104.403383470390139, 22.588772143088395 ], [ 104.401421972493495, 22.589170867553175 ], [ 104.402358792736166, 22.591943106295531 ], [ 104.404669103546226, 22.594583463552762 ], [ 104.399436504560981, 22.595115529475095 ], [ 104.394951303940687, 22.598649937968212 ], [ 104.391974154102101, 22.5979800826847 ], [ 104.388648485940777, 22.593232472686491 ], [ 104.385735715123914, 22.591770889798536 ], [ 104.384008186676738, 22.584971136109836 ], [ 104.381679058448398, 22.589726837945737 ], [ 104.382513411062732, 22.591858195553684 ], [ 104.380629727545809, 22.593784274649053 ], [ 104.381447179022302, 22.597809963016012 ], [ 104.377309431631474, 22.602001952158101 ], [ 104.377999682116709, 22.604587349939024 ], [ 104.375963657048956, 22.607691843977214 ], [ 104.373748811794613, 22.608163961030204 ], [ 104.37377448860012, 22.612421817368727 ], [ 104.37120118549872, 22.614251422302317 ], [ 104.371066815803161, 22.615719829557257 ], [ 104.367890691524352, 22.618042225615639 ], [ 104.3612624532539, 22.620014946568354 ], [ 104.356829671984613, 22.619678576262157 ], [ 104.354606051040946, 22.615849540481651 ], [ 104.351165689557007, 22.616435271129117 ], [ 104.346632941176949, 22.619706008723028 ], [ 104.347998514285408, 22.622621228508212 ], [ 104.35255937903392, 22.623873639048035 ], [ 104.352615846754574, 22.62626113812086 ], [ 104.353880843740413, 22.625739833354007 ], [ 104.35506900126714, 22.629058784977698 ], [ 104.357775670220107, 22.631553300425651 ], [ 104.358384294509051, 22.634505231570621 ], [ 104.360792297633779, 22.635879026491825 ], [ 104.363218948742855, 22.641660342389685 ], [ 104.360972975551746, 22.643752819529347 ], [ 104.360912766499922, 22.645681251731229 ], [ 104.363611286873621, 22.647485225983864 ], [ 104.364776377488553, 22.650292076657731 ], [ 104.362913266725428, 22.656338920572502 ], [ 104.367521512073296, 22.665979857699917 ], [ 104.364701572086645, 22.667750043253378 ], [ 104.364755619603429, 22.672614547818664 ], [ 104.373710316071467, 22.675807528509004 ], [ 104.382924985751345, 22.677318219739369 ], [ 104.385895684449991, 22.679769337247404 ], [ 104.391273020036067, 22.679022507045101 ], [ 104.396210176068351, 22.680796798715964 ] ] ] } },
{ "type": "Feature", "properties": { "xa": "Lùng Phình", "hat_kl": "Hạt KL Bắc Hà", "che_phu": 38.9, "dt_rung": 4109.3, "DTBD": 10100.81 }, "geometry": { "type": "Polygon", "coordinates": [ [ [ 104.334422231387194, 22.690312490559648 ], [ 104.340784362066955, 22.68669517909284 ], [ 104.344793069408951, 22.681929612041593 ], [ 104.352714584983602, 22.67617793564613 ], [ 104.360066244558425, 22.673046080508875 ], [ 104.364881328669796, 22.672761874982751 ], [ 104.364701572086645, 22.667750043253378 ], [ 104.367521512073296, 22.665979857699917 ], [ 104.362913266725428, 22.656338920572502 ], [ 104.364776377488553, 22.650292076657731 ], [ 104.363611286873621, 22.647485225983864 ], [ 104.360912766499922, 22.645681251731229 ], [ 104.360972975551746, 22.643752819529347 ], [ 104.363218948742855, 22.641660342389685 ], [ 104.360792297633779, 22.635879026491825 ], [ 104.358384294509051, 22.634505231570621 ], [ 104.357775670220107, 22.631553300425651 ], [ 104.35506900126714, 22.629058784977698 ], [ 104.353880843740413, 22.625739833354007 ], [ 104.352615846754574, 22.62626113812086 ], [ 104.35255937903392, 22.623873639048035 ], [ 104.347998514285408, 22.622621228508212 ], [ 104.346632941176949, 22.619706008723028 ], [ 104.351165689557007, 22.616435271129117 ], [ 104.354606051040946, 22.615849540481651 ], [ 104.356829671984613, 22.619678576262157 ], [ 104.3612624532539, 22.620014946568354 ], [ 104.367890691524352, 22.618042225615639 ], [ 104.371066815803161, 22.615719829557257 ], [ 104.37120118549872, 22.614251422302317 ], [ 104.37377448860012, 22.612421817368727 ], [ 104.373748811794613, 22.608163961030204 ], [ 104.375963657048956, 22.607691843977214 ], [ 104.377999682116709, 22.604587349939024 ], [ 104.377309431631474, 22.602001952158101 ], [ 104.381447179022302, 22.597809963016012 ], [ 104.380629727545809, 22.593784274649053 ], [ 104.382513411062732, 22.591858195553684 ], [ 104.381679058448398, 22.589726837945737 ], [ 104.384008186676738, 22.584971136109836 ], [ 104.378389725987304, 22.582587388555599 ], [ 104.375156297313467, 22.583593439665588 ], [ 104.367800352882512, 22.580299439949446 ], [ 104.363700024983515, 22.582730111532459 ], [ 104.358588760498975, 22.578082253248461 ], [ 104.356806872158117, 22.579762837026582 ], [ 104.357749828818157, 22.575219241517086 ], [ 104.356967824865322, 22.572251241827004 ], [ 104.358278731674062, 22.570305797709654 ], [ 104.357092453814857, 22.562690749233298 ], [ 104.350550349647335, 22.565239286074785 ], [ 104.34404362543583, 22.564656374757622 ], [ 104.340411181385704, 22.563235327329465 ], [ 104.336890533897744, 22.559758914023615 ], [ 104.333127286701156, 22.55873654274377 ], [ 104.332801683565677, 22.557011026535005 ], [ 104.32774598572216, 22.556353460766456 ], [ 104.324529890221697, 22.556643913494163 ], [ 104.324940049514922, 22.561298726986049 ], [ 104.323525025793657, 22.563429841793976 ], [ 104.318587173183133, 22.563215002998703 ], [ 104.314443085384198, 22.561267292056836 ], [ 104.312207222959955, 22.556525855179274 ], [ 104.304955767440106, 22.55343826826396 ], [ 104.305988523010413, 22.552809578275724 ], [ 104.304734039884181, 22.551421101139635 ], [ 104.302032322597341, 22.551874365376626 ], [ 104.302408264549513, 22.556740822408045 ], [ 104.299680894306221, 22.556705482475053 ], [ 104.296147237745302, 22.561048619566538 ], [ 104.299258249396757, 22.562980720305216 ], [ 104.299294361367487, 22.564166150624885 ], [ 104.296947028090187, 22.564672698485307 ], [ 104.295480487009925, 22.566775508194116 ], [ 104.295629304373776, 22.56958215338809 ], [ 104.291228895659742, 22.577577856498955 ], [ 104.292132549126165, 22.580777246718235 ], [ 104.291307794600314, 22.583649568113827 ], [ 104.290920338371095, 22.582506394895432 ], [ 104.28848084689659, 22.583658901950457 ], [ 104.282268546615938, 22.583529492741807 ], [ 104.280823107141444, 22.582032537331962 ], [ 104.278976359291264, 22.582878580239299 ], [ 104.273097353537494, 22.575384079395423 ], [ 104.271580340536019, 22.580926794703498 ], [ 104.269404466790519, 22.582190786560197 ], [ 104.269739240886025, 22.586920975988747 ], [ 104.266723823545391, 22.590310666988255 ], [ 104.267823728751821, 22.593038450378902 ], [ 104.260988390796854, 22.592744776005624 ], [ 104.257071493699527, 22.58862676327346 ], [ 104.243048741066715, 22.584973157195641 ], [ 104.23272034932333, 22.590548566772217 ], [ 104.240671962126726, 22.608696634091892 ], [ 104.249319803851975, 22.619300017313215 ], [ 104.249499221190547, 22.617461239097505 ], [ 104.252286966731234, 22.615154367486632 ], [ 104.255294946218797, 22.616789786383574 ], [ 104.257628147441693, 22.616224939863912 ], [ 104.258730491748537, 22.619776500339242 ], [ 104.26184662587255, 22.62061324866869 ], [ 104.268196332714652, 22.616812694123592 ], [ 104.269474057094243, 22.618711407865145 ], [ 104.275169220269959, 22.617485967608005 ], [ 104.279762633644438, 22.619755889162974 ], [ 104.281566268981635, 22.618170353954753 ], [ 104.28506598994602, 22.619610953024626 ], [ 104.287703744291989, 22.615627139697313 ], [ 104.29010626799321, 22.618686072814608 ], [ 104.293960154384422, 22.617097047297385 ], [ 104.294206442095373, 22.612318623015682 ], [ 104.296093123326571, 22.614840734551709 ], [ 104.303480707507418, 22.614592244380898 ], [ 104.303281010290732, 22.61889749976292 ], [ 104.312215162526073, 22.62935620538402 ], [ 104.311890443328792, 22.634967822572555 ], [ 104.317754748770781, 22.634106553006031 ], [ 104.316873296547499, 22.63572921564441 ], [ 104.318989966836583, 22.646563369315732 ], [ 104.327233550673171, 22.656240097227556 ], [ 104.319362294143971, 22.661514098551869 ], [ 104.318782234428994, 22.663293448777495 ], [ 104.325025626239196, 22.671601929677724 ], [ 104.32285914399688, 22.674706344846737 ], [ 104.325345880048332, 22.679410870662846 ], [ 104.330736661887784, 22.686817649111333 ], [ 104.334868907913091, 22.689297123879875 ], [ 104.334422231387194, 22.690312490559648 ] ] ] } },
{ "type": "Feature", "properties": { "xa": "Trịnh Tường", "hat_kl": "Hạt KL Bát Xát", "che_phu": 53.7, "dt_rung": 7946.0, "DTBD": 14670.63 }, "geometry": { "type": "Polygon", "coordinates": [ [ [ 103.726193380375221, 22.713173961210284 ], [ 103.727380154159448, 22.712194565072519 ], [ 103.73186675757367, 22.712786036378994 ], [ 103.734152330888506, 22.711048910225625 ], [ 103.737835221851952, 22.712809112099727 ], [ 103.738751779098479, 22.712072634722194 ], [ 103.73975779947979, 22.709555615952787 ], [ 103.737219650596501, 22.707732547732558 ], [ 103.737610806598539, 22.702359934195542 ], [ 103.740056341335048, 22.699944299058203 ], [ 103.74386741649424, 22.699290056139361 ], [ 103.747690963923219, 22.695659732805439 ], [ 103.751018982236189, 22.68797077131477 ], [ 103.758852766593421, 22.688573201814314 ], [ 103.766124072065253, 22.69126968868537 ], [ 103.767862644810037, 22.690743341221822 ], [ 103.772420298992913, 22.681702475373324 ], [ 103.778115821978275, 22.678323093215621 ], [ 103.78217397226409, 22.669671056548825 ], [ 103.793969165126327, 22.661541866615334 ], [ 103.802490090962507, 22.651686339837561 ], [ 103.803755400665082, 22.647381572253142 ], [ 103.811068755592871, 22.641957618366447 ], [ 103.814407816575596, 22.63722916752009 ], [ 103.821482670675209, 22.621332965398409 ], [ 103.818941580690179, 22.619248207410219 ], [ 103.815629887810999, 22.620218683503431 ], [ 103.808780904506989, 22.614368792278089 ], [ 103.807585596946851, 22.611984806910883 ], [ 103.800334193386064, 22.609808281033931 ], [ 103.798634774316952, 22.604325556380452 ], [ 103.793087760299414, 22.604457931902417 ], [ 103.782903138997938, 22.595835067520085 ], [ 103.77558814678433, 22.595590823392971 ], [ 103.774948518829063, 22.590259776545523 ], [ 103.770444682715805, 22.581962136753912 ], [ 103.765972884135678, 22.579770603630774 ], [ 103.761632586356825, 22.57162264319798 ], [ 103.749370634343805, 22.562543469426089 ], [ 103.7481869414204, 22.565696791166264 ], [ 103.743582078306062, 22.568283195837164 ], [ 103.742317081084948, 22.57236291536287 ], [ 103.744731848604005, 22.580188234173008 ], [ 103.736587651856325, 22.585236542954714 ], [ 103.735067910864018, 22.587546547150758 ], [ 103.735509749622253, 22.589146066317582 ], [ 103.73046538742517, 22.593341356578865 ], [ 103.723334622638603, 22.595022142237678 ], [ 103.717499293474418, 22.594276488844184 ], [ 103.714139218394962, 22.597094393690188 ], [ 103.710219506647931, 22.597633174140348 ], [ 103.703367054950562, 22.60593415070614 ], [ 103.69315736395933, 22.608636527157223 ], [ 103.690467960457767, 22.610868291592119 ], [ 103.677083221902336, 22.612001411975886 ], [ 103.676060355473055, 22.619838019245101 ], [ 103.678753441303883, 22.624050772560949 ], [ 103.675999995473788, 22.628547131719422 ], [ 103.676937883340372, 22.630204017725525 ], [ 103.67517737889095, 22.634197337812747 ], [ 103.67572900103481, 22.637167593268298 ], [ 103.672473198870946, 22.639543860299405 ], [ 103.66940321605675, 22.644503542634723 ], [ 103.664544772306371, 22.647567569213372 ], [ 103.666834307400364, 22.650532900350381 ], [ 103.663791885645466, 22.653600579177077 ], [ 103.662657772079029, 22.658614212211791 ], [ 103.660278609043047, 22.660145160728597 ], [ 103.661195044155932, 22.668133829952204 ], [ 103.660298065092533, 22.669459113636812 ], [ 103.671153514531241, 22.669442122007112 ], [ 103.677434610621603, 22.675806054531456 ], [ 103.678536533663134, 22.679372438054081 ], [ 103.68471692847713, 22.682007377185272 ], [ 103.688751966886485, 22.68568312715021 ], [ 103.694510106562262, 22.687212782798667 ], [ 103.700138110601998, 22.692109865643907 ], [ 103.702196837554141, 22.694778828402917 ], [ 103.70056106223582, 22.697219950624845 ], [ 103.704975933704887, 22.701795752039171 ], [ 103.708624655297314, 22.702610035678244 ], [ 103.710526634271119, 22.701343114739455 ], [ 103.712637524276644, 22.703127071448293 ], [ 103.712215095972368, 22.706979449725772 ], [ 103.71630128798266, 22.710920445602863 ], [ 103.720550064791539, 22.710397827339325 ], [ 103.726193380375221, 22.713173961210284 ] ] ] } },
{ "type": "Feature", "properties": { "xa": "Sín Chéng", "hat_kl": "Hạt KL Bắc Hà", "che_phu": 43.3, "dt_rung": 4232.0, "DTBD": 8804.53 }, "geometry": { "type": "Polygon", "coordinates": [ [ [ 104.200871454594889, 22.740462102095819 ], [ 104.205848775691052, 22.739058495618298 ], [ 104.221720316425532, 22.729528163495669 ], [ 104.223928287160874, 22.723524708550318 ], [ 104.223945823614827, 22.719803431834215 ], [ 104.22562458253357, 22.718115212644562 ], [ 104.225828882558304, 22.71249915166187 ], [ 104.237141361040216, 22.704797462998041 ], [ 104.237131193345988, 22.700522580024501 ], [ 104.241111317866654, 22.69803120728562 ], [ 104.246100899096405, 22.691150021029344 ], [ 104.250854360589742, 22.687977732196934 ], [ 104.25041894031051, 22.686282900354652 ], [ 104.251659684659501, 22.68502749899125 ], [ 104.247003516719246, 22.681973679819915 ], [ 104.241555813491772, 22.673128138381923 ], [ 104.232148528668915, 22.667609380307901 ], [ 104.233125970844739, 22.666269371197394 ], [ 104.231555300741505, 22.663860540705244 ], [ 104.234830707307452, 22.663096796504252 ], [ 104.236367346844787, 22.658243099853252 ], [ 104.233105134102487, 22.652345808801442 ], [ 104.235061553441923, 22.650958635436854 ], [ 104.235970612440326, 22.645286791082459 ], [ 104.238600363356625, 22.644768336998531 ], [ 104.240936979509939, 22.646934076137459 ], [ 104.243111194255732, 22.644271692389122 ], [ 104.247349209553747, 22.644676888339152 ], [ 104.248559833207821, 22.642267431010737 ], [ 104.253581212068681, 22.643592183105547 ], [ 104.256845919172918, 22.641597477592732 ], [ 104.249243136215085, 22.632034700340775 ], [ 104.254531674393107, 22.628695851154024 ], [ 104.254685176907032, 22.625033184377976 ], [ 104.249538249689962, 22.620627438545103 ], [ 104.244598719594691, 22.613886413238863 ], [ 104.244823464969286, 22.612648613262763 ], [ 104.242792582930178, 22.611917291886908 ], [ 104.240711211204982, 22.608762413803909 ], [ 104.23312445561271, 22.590911468393809 ], [ 104.224629546995857, 22.590541632291352 ], [ 104.210101836717158, 22.585329279007158 ], [ 104.207621226957883, 22.585502806675919 ], [ 104.204824011622193, 22.592432636459922 ], [ 104.20002376887409, 22.598363690360248 ], [ 104.198057122339762, 22.610149897695653 ], [ 104.193176883991867, 22.613880422119568 ], [ 104.193921905747672, 22.628487794661076 ], [ 104.190003460414616, 22.637590037089009 ], [ 104.189818344571449, 22.642286896040797 ], [ 104.187448524022329, 22.644767057272226 ], [ 104.187099278777382, 22.648075647271373 ], [ 104.183522350703782, 22.654914222787649 ], [ 104.182818731228082, 22.672229566370781 ], [ 104.176885187845969, 22.680327251710889 ], [ 104.17422365747008, 22.686283553335873 ], [ 104.174712792177473, 22.690389727022968 ], [ 104.177869717909473, 22.695038455420118 ], [ 104.176506134085102, 22.703362325149346 ], [ 104.177987449591782, 22.718830965401985 ], [ 104.180991434418104, 22.724154493786333 ], [ 104.185939565022878, 22.727041921114562 ], [ 104.194383809624412, 22.736285515913121 ], [ 104.195088669282867, 22.738653488163546 ], [ 104.200871454594889, 22.740462102095819 ] ] ] } },
{ "type": "Feature", "properties": { "xa": "Si Ma Cai", "hat_kl": "Hạt KL Bắc Hà", "che_phu": 41.4, "dt_rung": 5120.6, "DTBD": 10899.93 }, "geometry": { "type": "Polygon", "coordinates": [ [ [ 104.270196633052748, 22.741849471175978 ], [ 104.280190342387357, 22.741492376127166 ], [ 104.301932486085292, 22.730265400398807 ], [ 104.308185506417132, 22.729815817936228 ], [ 104.312668716817186, 22.731772590125512 ], [ 104.320728564521175, 22.732055432340651 ], [ 104.322249708038299, 22.730351674752853 ], [ 104.32519727972803, 22.730151462932344 ], [ 104.330008218812111, 22.725871688570273 ], [ 104.332193804464495, 22.725896289868619 ], [ 104.334884021022518, 22.72341934077172 ], [ 104.338423837213938, 22.722655986010057 ], [ 104.341469040921154, 22.716691093418753 ], [ 104.341318720418585, 22.70354679339647 ], [ 104.335614388181497, 22.696787531481849 ], [ 104.336483925580623, 22.694558591065903 ], [ 104.334351232714582, 22.691038034677845 ], [ 104.334868907913091, 22.689297123879875 ], [ 104.330736661887784, 22.686817649111333 ], [ 104.325244047592378, 22.679233051670703 ], [ 104.32285914399688, 22.674706344846737 ], [ 104.325025626239196, 22.671601929677724 ], [ 104.318782234428994, 22.663293448777495 ], [ 104.319362294143971, 22.661514098551869 ], [ 104.327233550673171, 22.656240097227556 ], [ 104.318989966836583, 22.646563369315732 ], [ 104.316873296547499, 22.63572921564441 ], [ 104.317754748770781, 22.634106553006031 ], [ 104.311984798688655, 22.635095056307456 ], [ 104.312215162526073, 22.62935620538402 ], [ 104.303281010290732, 22.61889749976292 ], [ 104.303480707507418, 22.614592244380898 ], [ 104.296093123326571, 22.614840734551709 ], [ 104.294264999011887, 22.612318879609134 ], [ 104.293960154384422, 22.617097047297385 ], [ 104.289773434075016, 22.618672204209151 ], [ 104.287703744291989, 22.615627139697313 ], [ 104.28506598994602, 22.619610953024626 ], [ 104.281566268981635, 22.618170353954753 ], [ 104.279762633644438, 22.619755889162974 ], [ 104.275169220269959, 22.617485967608005 ], [ 104.269474057094243, 22.618711407865145 ], [ 104.268196332714652, 22.616812694123592 ], [ 104.26184662587255, 22.62061324866869 ], [ 104.258730491748537, 22.619776500339242 ], [ 104.257628147441693, 22.616224939863912 ], [ 104.255294946218797, 22.616789786383574 ], [ 104.252286966731234, 22.615154367486632 ], [ 104.249499221190547, 22.617461239097505 ], [ 104.249397912764508, 22.619919243700554 ], [ 104.254685176907032, 22.625033184377976 ], [ 104.254708457578431, 22.628310233036991 ], [ 104.249243136215085, 22.632034700340775 ], [ 104.256845919172918, 22.641597477592732 ], [ 104.253581212068681, 22.643592183105547 ], [ 104.248559833207821, 22.642267431010737 ], [ 104.247349209553747, 22.644676888339152 ], [ 104.243111194255732, 22.644271692389122 ], [ 104.240936979509939, 22.646934076137459 ], [ 104.238600363356625, 22.644768336998531 ], [ 104.235970612440326, 22.645286791082459 ], [ 104.235061553441923, 22.650958635436854 ], [ 104.233105134102487, 22.652345808801442 ], [ 104.236367346844787, 22.658243099853252 ], [ 104.234830707307452, 22.663096796504252 ], [ 104.231555300741505, 22.663860540705244 ], [ 104.233125970844739, 22.666269371197394 ], [ 104.232148528668915, 22.667609380307901 ], [ 104.241555813491772, 22.673128138381923 ], [ 104.247003516719246, 22.681973679819915 ], [ 104.25169839292812, 22.685250140831524 ], [ 104.25041894031051, 22.686282900354652 ], [ 104.250802834464054, 22.688042864895497 ], [ 104.246100899096405, 22.691150021029344 ], [ 104.241111317866654, 22.69803120728562 ], [ 104.237131193345988, 22.700522580024501 ], [ 104.236975785862697, 22.704929595510265 ], [ 104.25373856292147, 22.726984732027375 ], [ 104.255229481693576, 22.734085345091952 ], [ 104.259318793346097, 22.734712591715876 ], [ 104.26186854584806, 22.737443291692813 ], [ 104.270196633052748, 22.741849471175978 ] ] ] } },
{ "type": "Feature", "properties": { "xa": "Cao Sơn", "hat_kl": "Hạt KL Bắc Hà", "che_phu": 35.1, "dt_rung": 5813.8, "DTBD": 16455.61 }, "geometry": { "type": "Polygon", "coordinates": [ [ [ 104.158756752494654, 22.745878819400016 ], [ 104.161060822304066, 22.742213716012163 ], [ 104.168113894244513, 22.738590502589947 ], [ 104.168971422257314, 22.735645442786563 ], [ 104.171937109518637, 22.736623662569592 ], [ 104.175474461924878, 22.740950502924747 ], [ 104.177540431476061, 22.741545188204498 ], [ 104.182237433116214, 22.74079893790994 ], [ 104.187018558361842, 22.736544750893849 ], [ 104.194677372936368, 22.736712608628153 ], [ 104.185939565022878, 22.727041921114562 ], [ 104.180991434418104, 22.724154493786333 ], [ 104.177987449591782, 22.718830965401985 ], [ 104.176506134085102, 22.703362325149346 ], [ 104.177869717909473, 22.695038455420118 ], [ 104.174712792177473, 22.690389727022968 ], [ 104.17422365747008, 22.686283553335873 ], [ 104.176885187845969, 22.680327251710889 ], [ 104.182818731228082, 22.672229566370781 ], [ 104.183522350703782, 22.654914222787649 ], [ 104.187099278777382, 22.648075647271373 ], [ 104.187448524022329, 22.644767057272226 ], [ 104.189818344571449, 22.642286896040797 ], [ 104.190003460414616, 22.637590037089009 ], [ 104.193921905747672, 22.628487794661076 ], [ 104.193176883991867, 22.613880422119568 ], [ 104.198191226802138, 22.609913567854797 ], [ 104.20002376887409, 22.598363690360248 ], [ 104.204824011622193, 22.592432636459922 ], [ 104.2080860894024, 22.584161199832753 ], [ 104.202849408770192, 22.574898178261531 ], [ 104.196885110560316, 22.569582000830078 ], [ 104.190623123522855, 22.561377097859449 ], [ 104.190055180155767, 22.558774109859822 ], [ 104.19198837550951, 22.551811531168543 ], [ 104.200811616156273, 22.540177820718522 ], [ 104.203038245510356, 22.532726509564021 ], [ 104.195519715619426, 22.531071858112952 ], [ 104.188556333563966, 22.526007783364875 ], [ 104.18584558140769, 22.527813538512852 ], [ 104.180745004616796, 22.526148868441091 ], [ 104.176964425421119, 22.52656632372274 ], [ 104.171721313925175, 22.528098556085915 ], [ 104.166810651636155, 22.531298487883216 ], [ 104.161465417787426, 22.532246789800713 ], [ 104.160768192861369, 22.524363537192571 ], [ 104.155476305245998, 22.516168515630213 ], [ 104.154253412320614, 22.515891982864538 ], [ 104.153382629299372, 22.517645013914205 ], [ 104.15108490379238, 22.516949407216359 ], [ 104.146898830635777, 22.518204621733407 ], [ 104.144131768961145, 22.515493702818723 ], [ 104.142242066566041, 22.517092017271754 ], [ 104.140260352669713, 22.515037024758644 ], [ 104.138593050123973, 22.509864086076693 ], [ 104.139374952440974, 22.503856667109691 ], [ 104.138314804221395, 22.502100093558649 ], [ 104.135842564133569, 22.502373086825006 ], [ 104.135122546721647, 22.505629257587579 ], [ 104.128813149449726, 22.507599990790798 ], [ 104.128786188746631, 22.509892757437324 ], [ 104.124960758602484, 22.512486458225712 ], [ 104.12342892028822, 22.51743858624102 ], [ 104.128923748526702, 22.517872046568801 ], [ 104.131799743793877, 22.515244359011756 ], [ 104.133070973111074, 22.516685337070783 ], [ 104.13247092632966, 22.521872764821026 ], [ 104.129192027004919, 22.526358829347529 ], [ 104.120892246668078, 22.527562579636857 ], [ 104.125942116151123, 22.531052644507383 ], [ 104.129699315172061, 22.536404992894596 ], [ 104.122314548904555, 22.543647329593767 ], [ 104.11736962253373, 22.544336344514171 ], [ 104.116029969945473, 22.546002510605021 ], [ 104.117937251896464, 22.551691266852988 ], [ 104.117477993614386, 22.557887455533429 ], [ 104.119125394354782, 22.56115769209238 ], [ 104.117761541231175, 22.56255456076676 ], [ 104.118268648386973, 22.566710852088764 ], [ 104.120022530264691, 22.570412992280779 ], [ 104.118815354534462, 22.576463097936923 ], [ 104.115775943795413, 22.583267176915715 ], [ 104.106179072730896, 22.585777780834093 ], [ 104.103985501043852, 22.593236486267209 ], [ 104.105115427969807, 22.597182716359221 ], [ 104.102796563090607, 22.5990367180577 ], [ 104.104523120526181, 22.602751636060646 ], [ 104.105095995375052, 22.599976235905586 ], [ 104.106083809448123, 22.601433441783644 ], [ 104.108564734163252, 22.606793507383451 ], [ 104.109249177104616, 22.612531356598232 ], [ 104.11240780166473, 22.615048454554824 ], [ 104.113569501956206, 22.619385873649726 ], [ 104.110257933449361, 22.621097499653914 ], [ 104.110780833804981, 22.623192835926325 ], [ 104.115221578219391, 22.625561098987898 ], [ 104.120450313622541, 22.632722912798101 ], [ 104.11894284691796, 22.63876148887152 ], [ 104.123918818605389, 22.649526749636635 ], [ 104.124195944384184, 22.654522855681101 ], [ 104.12128606697766, 22.658203975061493 ], [ 104.117814370025286, 22.659637498635295 ], [ 104.115715093315885, 22.66623340730656 ], [ 104.118691958722764, 22.669546545735479 ], [ 104.118255395589784, 22.67165648912648 ], [ 104.122179324869663, 22.67413126810872 ], [ 104.123070048796251, 22.672822586337993 ], [ 104.123786217702587, 22.675106109487 ], [ 104.12677889830826, 22.672764724841837 ], [ 104.13114064664282, 22.672526879721371 ], [ 104.127221792987527, 22.678448520309381 ], [ 104.118380501076899, 22.681820924446598 ], [ 104.117380137817804, 22.684688664258388 ], [ 104.119216777534149, 22.68668836633821 ], [ 104.122636274408279, 22.686651141297705 ], [ 104.126261856018914, 22.688322633838421 ], [ 104.127197130733052, 22.691231380057257 ], [ 104.125500817844454, 22.691945063487218 ], [ 104.125644945588434, 22.69332254470838 ], [ 104.134966417652066, 22.696603751010695 ], [ 104.135903202516857, 22.700318448686126 ], [ 104.133895788530722, 22.701174523459912 ], [ 104.140675548604406, 22.703696497534924 ], [ 104.143465891215953, 22.710182695981715 ], [ 104.145852765967703, 22.710400881351273 ], [ 104.15318792820554, 22.716723130633724 ], [ 104.153981089210177, 22.719532577498928 ], [ 104.151907321129357, 22.721750915012258 ], [ 104.151301066325303, 22.729417827332753 ], [ 104.157300913863082, 22.744962404720127 ], [ 104.158756752494654, 22.745878819400016 ] ] ] } },
{ "type": "Feature", "properties": { "xa": "Y Tý", "hat_kl": "Hạt KL Khu bảo tồn Bát Xát", "che_phu": 60.6, "dt_rung": 7830.5, "DTBD": 12758.0 }, "geometry": { "type": "Polygon", "coordinates": [ [ [ 103.59790363387917, 22.744550530776056 ], [ 103.599539240003864, 22.743170466515025 ], [ 103.604335646534139, 22.743739047802951 ], [ 103.604374920513024, 22.741316453038415 ], [ 103.608071322091874, 22.740113868040609 ], [ 103.609079178255314, 22.738485407370273 ], [ 103.608060488661167, 22.735206537528736 ], [ 103.609745476204907, 22.733363121689198 ], [ 103.610012581403453, 22.729982635040834 ], [ 103.612932835853982, 22.729471218763418 ], [ 103.614005644645246, 22.72461663971103 ], [ 103.616263444169121, 22.723943419968709 ], [ 103.615345964587178, 22.720421048959945 ], [ 103.616951924483246, 22.716544001712979 ], [ 103.620124625735869, 22.713912844776694 ], [ 103.619715069314012, 22.708351072529585 ], [ 103.622295468889703, 22.701942538857356 ], [ 103.622187768746045, 22.697052908174793 ], [ 103.625055099977544, 22.694815618084416 ], [ 103.62726063378696, 22.690266489981269 ], [ 103.629692806273425, 22.680562373657963 ], [ 103.62626830730413, 22.678425012037405 ], [ 103.623017407128103, 22.680264582186421 ], [ 103.625250449265181, 22.676196866366858 ], [ 103.636152744171071, 22.675494964872016 ], [ 103.639218215072503, 22.676020491154269 ], [ 103.643932726978534, 22.679183270712393 ], [ 103.649772435148734, 22.679021325100752 ], [ 103.655041938420396, 22.677949018528299 ], [ 103.661369628997164, 22.673530353247209 ], [ 103.660278609043047, 22.660145160728597 ], [ 103.662657772079029, 22.658614212211791 ], [ 103.663791885645466, 22.653600579177077 ], [ 103.666834307400364, 22.650532900350381 ], [ 103.664544772306371, 22.647567569213372 ], [ 103.66940321605675, 22.644503542634723 ], [ 103.672473198870946, 22.639543860299405 ], [ 103.67572900103481, 22.637167593268298 ], [ 103.67517737889095, 22.634197337812747 ], [ 103.676937883340372, 22.630204017725525 ], [ 103.675999995473788, 22.628547131719422 ], [ 103.678753441303883, 22.624050772560949 ], [ 103.676060355473055, 22.619838019245101 ], [ 103.677083221902336, 22.612001411975886 ], [ 103.668437655240723, 22.619633843954954 ], [ 103.667913426950037, 22.62327024025004 ], [ 103.664904311502667, 22.624854465989362 ], [ 103.665046508429398, 22.626975414912412 ], [ 103.662848842411734, 22.628310708110696 ], [ 103.657052427411017, 22.619638320775273 ], [ 103.626597770077055, 22.629267481670894 ], [ 103.624996308161542, 22.618086356933876 ], [ 103.616533611643064, 22.609264205048657 ], [ 103.618545004401511, 22.595597429367544 ], [ 103.606842376914059, 22.598540481722765 ], [ 103.600962810661571, 22.597296444011686 ], [ 103.597541321747542, 22.594451870213376 ], [ 103.594528570172272, 22.594407554193879 ], [ 103.593324177794614, 22.590633579248767 ], [ 103.584217029010603, 22.585767601790611 ], [ 103.583071386489507, 22.583314159951282 ], [ 103.572789272441369, 22.578018227474441 ], [ 103.565792498091341, 22.579167604282048 ], [ 103.563149231316686, 22.583344465962128 ], [ 103.548251891769596, 22.588696671332322 ], [ 103.532637342562111, 22.584224271150472 ], [ 103.530843079219522, 22.594983933241068 ], [ 103.535380843386775, 22.602082243704956 ], [ 103.539458247927953, 22.605591322409495 ], [ 103.540331691725385, 22.608416288787254 ], [ 103.545528711310439, 22.612555991894762 ], [ 103.546669832821848, 22.61613566123247 ], [ 103.545196400288205, 22.618269814304433 ], [ 103.55107990486465, 22.62707993594427 ], [ 103.553064414072352, 22.634007796137695 ], [ 103.552231189156331, 22.636821129073269 ], [ 103.558386269652942, 22.638297493245439 ], [ 103.559761610328621, 22.639716630707611 ], [ 103.563295164636727, 22.639478341367539 ], [ 103.566868408213551, 22.64263493947939 ], [ 103.571094660639673, 22.642169885692866 ], [ 103.571724940894825, 22.647677390144995 ], [ 103.573141343399371, 22.651211417256238 ], [ 103.575319820091693, 22.652889340797103 ], [ 103.574832167676902, 22.656517111528551 ], [ 103.577394150616826, 22.65701834511928 ], [ 103.577098046690807, 22.661156535660187 ], [ 103.579827575092992, 22.664330164905472 ], [ 103.578201915834384, 22.66764432715911 ], [ 103.57825900808578, 22.670957244725699 ], [ 103.574638400395571, 22.672742545437004 ], [ 103.57365461541184, 22.675897830899736 ], [ 103.56922964083266, 22.677597447195652 ], [ 103.567395888589161, 22.679733635055584 ], [ 103.568701545915118, 22.681494872242979 ], [ 103.564712247947256, 22.688290089585237 ], [ 103.565853557769046, 22.693439908056387 ], [ 103.562831603723396, 22.698621006395591 ], [ 103.564184492071462, 22.706008438319557 ], [ 103.570073500979674, 22.709105129835034 ], [ 103.56976674782355, 22.711100339451587 ], [ 103.572407730354385, 22.715997774306985 ], [ 103.574732536326252, 22.717250149695218 ], [ 103.575904065606849, 22.720613042406473 ], [ 103.575036114399381, 22.722528469571142 ], [ 103.578591266473381, 22.724838095919669 ], [ 103.58072114249228, 22.723189412611564 ], [ 103.582221918358044, 22.724001594197095 ], [ 103.580426424655045, 22.72784643554235 ], [ 103.583557935636264, 22.732536173860257 ], [ 103.586607313266725, 22.732725723103727 ], [ 103.588441387116802, 22.735076963256066 ], [ 103.591555094114838, 22.734952922243735 ], [ 103.59122391910654, 22.740058034318338 ], [ 103.594341726733816, 22.739992304958243 ], [ 103.59790363387917, 22.744550530776056 ] ] ] } },
{ "type": "Feature", "properties": { "xa": "A Mú Sung", "hat_kl": "Hạt KL Bát Xát", "che_phu": 41.6, "dt_rung": 4543.9, "DTBD": 10444.61 }, "geometry": { "type": "Polygon", "coordinates": [ [ [ 103.641293181542068, 22.79805223319666 ], [ 103.642808605075444, 22.795870501312958 ], [ 103.640215065708887, 22.793911242051728 ], [ 103.641088271583939, 22.793006928914977 ], [ 103.642686330118408, 22.792645009940234 ], [ 103.646031118923119, 22.795043766993988 ], [ 103.651043150528253, 22.790947138026503 ], [ 103.654121665755468, 22.791277682536425 ], [ 103.661075553971855, 22.788348973730923 ], [ 103.663454787324326, 22.785547513809284 ], [ 103.665459979801128, 22.779788981776893 ], [ 103.666003331143941, 22.771632263949453 ], [ 103.667306401102792, 22.769693538421336 ], [ 103.680427385807704, 22.763939630868769 ], [ 103.68239069403576, 22.762179922771423 ], [ 103.684845118495133, 22.753018989512963 ], [ 103.693438477492194, 22.747129646541662 ], [ 103.70276858528544, 22.74500627617817 ], [ 103.725960932809727, 22.724921695210991 ], [ 103.731561943473437, 22.717950666510717 ], [ 103.737835221851952, 22.712809112099727 ], [ 103.734152330888506, 22.711048910225625 ], [ 103.73186675757367, 22.712786036378994 ], [ 103.727380154159448, 22.712194565072519 ], [ 103.725885362422957, 22.713220209731251 ], [ 103.720550064791539, 22.710397827339325 ], [ 103.71630128798266, 22.710920445602863 ], [ 103.712215095972368, 22.706979449725772 ], [ 103.712637524276644, 22.703127071448293 ], [ 103.710526634271119, 22.701343114739455 ], [ 103.708624655297314, 22.702610035678244 ], [ 103.704975933704887, 22.701795752039171 ], [ 103.70056106223582, 22.697219950624845 ], [ 103.702196837554141, 22.694778828402917 ], [ 103.700138110601998, 22.692109865643907 ], [ 103.694510106562262, 22.687212782798667 ], [ 103.688751966886485, 22.68568312715021 ], [ 103.68471692847713, 22.682007377185272 ], [ 103.678536533663134, 22.679372438054081 ], [ 103.677434610621603, 22.675806054531456 ], [ 103.671153514531241, 22.669442122007112 ], [ 103.660298065092533, 22.669459113636812 ], [ 103.661369628997164, 22.673530353247209 ], [ 103.653234017449051, 22.678663377445222 ], [ 103.643932726978534, 22.679183270712393 ], [ 103.639218215072503, 22.676020491154269 ], [ 103.635913762579548, 22.675470727496119 ], [ 103.625250449265181, 22.676196866366858 ], [ 103.623017407128103, 22.680264582186421 ], [ 103.62626830730413, 22.678425012037405 ], [ 103.629692806273425, 22.680562373657963 ], [ 103.62726063378696, 22.690266489981269 ], [ 103.625055099977544, 22.694815618084416 ], [ 103.622187768746045, 22.697052908174793 ], [ 103.622295468889703, 22.701942538857356 ], [ 103.619715069314012, 22.708351072529585 ], [ 103.620124625735869, 22.713912844776694 ], [ 103.616951924483246, 22.716544001712979 ], [ 103.615345964587178, 22.720421048959945 ], [ 103.616263444169121, 22.723943419968709 ], [ 103.614005644645246, 22.72461663971103 ], [ 103.612932835853982, 22.729471218763418 ], [ 103.610012581403453, 22.729982635040834 ], [ 103.609745476204907, 22.733363121689198 ], [ 103.608060488661167, 22.735206537528736 ], [ 103.609079178255314, 22.738485407370273 ], [ 103.608071322091874, 22.740113868040609 ], [ 103.604374920513024, 22.741316453038415 ], [ 103.604335646534139, 22.743739047802951 ], [ 103.599539240003864, 22.743170466515025 ], [ 103.597456562430821, 22.744785511606221 ], [ 103.597050730728938, 22.747125179374393 ], [ 103.598598226209205, 22.749538173427283 ], [ 103.604476743273139, 22.749259342857918 ], [ 103.606505626371487, 22.756913629388507 ], [ 103.609875117197461, 22.75636667860848 ], [ 103.608670506707995, 22.76371744439129 ], [ 103.613190149631819, 22.767005656269017 ], [ 103.614780774673903, 22.771787056142845 ], [ 103.620568750620805, 22.774472769422939 ], [ 103.617591605778102, 22.782577130010008 ], [ 103.618783714636379, 22.785721813137496 ], [ 103.623797190998161, 22.785949168907294 ], [ 103.631028468507097, 22.791433293050947 ], [ 103.631071838653511, 22.787347427862471 ], [ 103.638021012424957, 22.786352534595459 ], [ 103.63480595829374, 22.790665216726136 ], [ 103.63630858633887, 22.792410885780011 ], [ 103.639242666095626, 22.792452205967553 ], [ 103.638346461460713, 22.796179882731792 ], [ 103.641293181542068, 22.79805223319666 ] ] ] } },
{ "type": "Feature", "properties": { "xa": "Mường Khương", "hat_kl": "Hạt KL Bắc Hà", "che_phu": 38.4, "dt_rung": 6542.6, "DTBD": 16920.71 }, "geometry": { "type": "Polygon", "coordinates": [ [ [ 104.167130976180175, 22.822467529128261 ], [ 104.16992756428516, 22.820243548796459 ], [ 104.175363532312787, 22.819742806303076 ], [ 104.173140648675869, 22.813801534618769 ], [ 104.171077617676531, 22.813781863382037 ], [ 104.170452486932504, 22.809851519942193 ], [ 104.167681422871482, 22.806879360636856 ], [ 104.16588119403886, 22.8070001074957 ], [ 104.163531165288944, 22.801686501320017 ], [ 104.16699428563291, 22.797266309797596 ], [ 104.171471331014018, 22.794660462044824 ], [ 104.170079931029051, 22.784560083090817 ], [ 104.174441226040543, 22.779066419812608 ], [ 104.17442734835663, 22.771577646991481 ], [ 104.17711797719916, 22.764850131890153 ], [ 104.176842367968092, 22.762360543442256 ], [ 104.174923111603064, 22.761909511001953 ], [ 104.174809943941, 22.760750911754585 ], [ 104.180495319043331, 22.757767484696345 ], [ 104.180191787910729, 22.754532311320169 ], [ 104.187577696485732, 22.74487218743495 ], [ 104.188815227187078, 22.740620156564681 ], [ 104.191602433926946, 22.737565958954814 ], [ 104.194677372936368, 22.736712608628153 ], [ 104.187018558361842, 22.736544750893849 ], [ 104.182237433116214, 22.74079893790994 ], [ 104.177540431476061, 22.741545188204498 ], [ 104.175474461924878, 22.740950502924747 ], [ 104.171937109518637, 22.736623662569592 ], [ 104.168971422257314, 22.735645442786563 ], [ 104.167797545152297, 22.738872825618902 ], [ 104.161060822304066, 22.742213716012163 ], [ 104.158764494404679, 22.745912442377957 ], [ 104.157515538969491, 22.745270606929896 ], [ 104.151301066325303, 22.729417827332753 ], [ 104.151907321129357, 22.721750915012258 ], [ 104.153981089210177, 22.719532577498928 ], [ 104.15318792820554, 22.716723130633724 ], [ 104.145852765967703, 22.710400881351273 ], [ 104.143465891215953, 22.710182695981715 ], [ 104.140675548604406, 22.703696497534924 ], [ 104.133895788530722, 22.701174523459912 ], [ 104.135903202516857, 22.700318448686126 ], [ 104.134966417652066, 22.696603751010695 ], [ 104.125644945588434, 22.69332254470838 ], [ 104.125500817844454, 22.691945063487218 ], [ 104.127197130733052, 22.691231380057257 ], [ 104.126261856018914, 22.688322633838421 ], [ 104.122636274408279, 22.686651141297705 ], [ 104.119216777534149, 22.68668836633821 ], [ 104.117380137817804, 22.684688664258388 ], [ 104.118380501076899, 22.681820924446598 ], [ 104.127221792987527, 22.678448520309381 ], [ 104.13114064664282, 22.672526879721371 ], [ 104.12677889830826, 22.672764724841837 ], [ 104.123786217702587, 22.675106109487 ], [ 104.123070048796251, 22.672822586337993 ], [ 104.122179324869663, 22.67413126810872 ], [ 104.118255395589784, 22.67165648912648 ], [ 104.118691958722764, 22.669546545735479 ], [ 104.115688109340908, 22.664842832647345 ], [ 104.112789606837964, 22.666237872063043 ], [ 104.105671399243462, 22.661974244175738 ], [ 104.102075103318711, 22.661996676909006 ], [ 104.099614218439527, 22.665949942287444 ], [ 104.095595944427927, 22.667254595342019 ], [ 104.086947660355818, 22.657716889337848 ], [ 104.085264789434888, 22.653259656888988 ], [ 104.085959509502132, 22.649373264104351 ], [ 104.082755189985818, 22.650276216776316 ], [ 104.077446915737639, 22.655027407407346 ], [ 104.074233837859225, 22.653328846714562 ], [ 104.071246387508751, 22.655467070315698 ], [ 104.062667321935493, 22.654598594684273 ], [ 104.060381373872247, 22.656157860200452 ], [ 104.055210447060446, 22.654323874626819 ], [ 104.055212701094675, 22.652213227709751 ], [ 104.051991622893837, 22.650106817546064 ], [ 104.053145914954214, 22.645908315872337 ], [ 104.047042147134093, 22.640041598772545 ], [ 104.041356409072719, 22.639985504835959 ], [ 104.038134331028047, 22.638188662321916 ], [ 104.033833346598385, 22.640257135621795 ], [ 104.030892474906381, 22.644057902092463 ], [ 104.030671706034894, 22.65175646813686 ], [ 104.03247722841634, 22.654136016773577 ], [ 104.031556960360533, 22.656121892692742 ], [ 104.033251126716237, 22.660397012892986 ], [ 104.032473330511635, 22.663720248132304 ], [ 104.034627339262371, 22.669994722775318 ], [ 104.039408979634786, 22.677333191759825 ], [ 104.039832177734084, 22.681381254766428 ], [ 104.038300497576572, 22.682851506994666 ], [ 104.035214141720147, 22.682099682750092 ], [ 104.029605256513676, 22.686618037806095 ], [ 104.028038960148564, 22.693326608208192 ], [ 104.034114576909317, 22.698880284390288 ], [ 104.03589847099758, 22.703623735458653 ], [ 104.035543024373624, 22.708142245317767 ], [ 104.039418079497423, 22.716459728766264 ], [ 104.039171936118038, 22.723915480680411 ], [ 104.041701815183728, 22.725842552392134 ], [ 104.041582149561933, 22.727510697611301 ], [ 104.044037321891224, 22.730355995752525 ], [ 104.045681424254184, 22.730694852638141 ], [ 104.046258123166723, 22.734560324887344 ], [ 104.052722037486191, 22.739223888930972 ], [ 104.052262842253171, 22.74101807205923 ], [ 104.05610442083362, 22.743631913984636 ], [ 104.06563855648416, 22.75710733796527 ], [ 104.069834761280376, 22.757524869825822 ], [ 104.076132262712349, 22.762769909166934 ], [ 104.078683087857755, 22.762257962512173 ], [ 104.078521503689657, 22.766148845638405 ], [ 104.082396684218637, 22.766626020427982 ], [ 104.084793154341085, 22.76982473522941 ], [ 104.088289513641058, 22.769906093797275 ], [ 104.095200447844448, 22.789761856816249 ], [ 104.100153097981348, 22.793788179296474 ], [ 104.103178232599902, 22.799991861867465 ], [ 104.109907682954997, 22.803452816269175 ], [ 104.114959911690292, 22.811729074945568 ], [ 104.119780494267559, 22.811580237638765 ], [ 104.126897452855303, 22.813718944047093 ], [ 104.131167005077742, 22.81161500631767 ], [ 104.133935345540422, 22.804809406890556 ], [ 104.14133189775616, 22.806454391466296 ], [ 104.14863559632586, 22.810987319507866 ], [ 104.151997567687445, 22.810088232620021 ], [ 104.153998141390247, 22.810903426767418 ], [ 104.155216890730415, 22.81497719161456 ], [ 104.161869166067973, 22.815571802584532 ], [ 104.164003082165934, 22.821705970587178 ], [ 104.167130976180175, 22.822467529128261 ] ] ] } },
{ "type": "Feature", "properties": { "xa": "Pha Long", "hat_kl": "Hạt KL Bắc Hà", "che_phu": 39.0, "dt_rung": 4483.7, "DTBD": 10556.31 }, "geometry": { "type": "Polygon", "coordinates": [ [ [ 104.255964121775605, 22.844919299779299 ], [ 104.259693584350572, 22.844704517809685 ], [ 104.264047735552566, 22.840283143292993 ], [ 104.267667851967317, 22.839788517890476 ], [ 104.268111277232791, 22.833561355395027 ], [ 104.271188584733807, 22.829207336477879 ], [ 104.270844410690842, 22.826165103690315 ], [ 104.266575738499697, 22.820007138620923 ], [ 104.26812834828948, 22.814372578558086 ], [ 104.266332123314982, 22.811446857870703 ], [ 104.266678490919048, 22.809329559961501 ], [ 104.262963429538303, 22.802312810244722 ], [ 104.261418770401889, 22.793975562775287 ], [ 104.258080188452411, 22.788164736363004 ], [ 104.256739043760405, 22.779551900942881 ], [ 104.254952504978533, 22.777694874531278 ], [ 104.258011118871394, 22.771383401625684 ], [ 104.258034860113781, 22.766416076880443 ], [ 104.269410589080607, 22.75369151494964 ], [ 104.270410629160324, 22.749971646441406 ], [ 104.269621449125438, 22.7418386218039 ], [ 104.259318793346097, 22.734712591715876 ], [ 104.255229481693576, 22.734085345091952 ], [ 104.25373856292147, 22.726984732027375 ], [ 104.238644982618482, 22.705829265832204 ], [ 104.236314295708098, 22.704848543216006 ], [ 104.225828882558304, 22.71249915166187 ], [ 104.22562458253357, 22.718115212644562 ], [ 104.223945823614827, 22.719803431834215 ], [ 104.222790429818133, 22.727598107203331 ], [ 104.219293080139224, 22.73172517777029 ], [ 104.203937499573243, 22.739938799392323 ], [ 104.198958131982963, 22.740285826958559 ], [ 104.195088669282867, 22.738653488163546 ], [ 104.194677372936368, 22.736712608628153 ], [ 104.191602433926946, 22.737565958954814 ], [ 104.188921200656324, 22.740466192807951 ], [ 104.187577696485732, 22.74487218743495 ], [ 104.180191787910729, 22.754532311320169 ], [ 104.180495319043331, 22.757767484696345 ], [ 104.174809943941, 22.760750911754585 ], [ 104.174923111603064, 22.761909511001953 ], [ 104.176842367968092, 22.762360543442256 ], [ 104.17711797719916, 22.764850131890153 ], [ 104.17442734835663, 22.771577646991481 ], [ 104.174441226040543, 22.779066419812608 ], [ 104.170079931029051, 22.784560083090817 ], [ 104.171471331014018, 22.794660462044824 ], [ 104.16699428563291, 22.797266309797596 ], [ 104.163531165288944, 22.801686501320017 ], [ 104.16588119403886, 22.8070001074957 ], [ 104.167681422871482, 22.806879360636856 ], [ 104.170452486932504, 22.809851519942193 ], [ 104.171077617676531, 22.813781863382037 ], [ 104.173140648675869, 22.813801534618769 ], [ 104.177431108635957, 22.823100626928269 ], [ 104.180183602268613, 22.823406880565557 ], [ 104.183818692046586, 22.82643328395099 ], [ 104.185682906196448, 22.82564420526996 ], [ 104.186822663304525, 22.822655291166573 ], [ 104.190344405277116, 22.82088657779396 ], [ 104.192593809787581, 22.824090331138848 ], [ 104.194304502315589, 22.823638270189413 ], [ 104.197012565569565, 22.82622676561137 ], [ 104.209034753183886, 22.828280349640028 ], [ 104.215945077879567, 22.83198990661483 ], [ 104.220669734428711, 22.829055435603376 ], [ 104.225478729389422, 22.832737177930017 ], [ 104.229544775528609, 22.833886127118685 ], [ 104.232887755488491, 22.838185068120641 ], [ 104.240695830737778, 22.841160925440299 ], [ 104.2408234905553, 22.843877320431453 ], [ 104.243935089754402, 22.843772098630922 ], [ 104.250683465274008, 22.839474098971269 ], [ 104.255964121775605, 22.844919299779299 ] ] ] } },
{ "type": "Feature", "properties": { "xa": "Châu Quế", "hat_kl": "Hạt KL Văn Bàn", "che_phu": 60.5, "dt_rung": 10908.1, "DTBD": 16231.95 }, "geometry": { "type": "Polygon", "coordinates": [ [ [ 104.521604073607122, 21.952659469591417 ], [ 104.519085510776549, 21.952015948525272 ], [ 104.51658312092168, 21.953518752670895 ], [ 104.516105409340796, 21.955239101365283 ], [ 104.508594306068019, 21.952367834447216 ], [ 104.50291509903218, 21.954356975225988 ], [ 104.496312857657202, 21.951698220682122 ], [ 104.489979795977305, 21.952725180598723 ], [ 104.487067065657982, 21.959489669052875 ], [ 104.484094205717213, 21.959495721455248 ], [ 104.478325897986764, 21.963769375601153 ], [ 104.47246419514714, 21.963705382928953 ], [ 104.468658456044025, 21.966905940599471 ], [ 104.46494941176158, 21.967031499293988 ], [ 104.462134320608982, 21.96261768676289 ], [ 104.456512342764455, 21.961976590105181 ], [ 104.450871250693609, 21.957771205355279 ], [ 104.447479755553715, 21.95330316517942 ], [ 104.438060077053663, 21.954334418974433 ], [ 104.431442227833358, 21.950618733801239 ], [ 104.429289258529295, 21.952859157637668 ], [ 104.428530602017446, 21.955395353642505 ], [ 104.429787093765341, 21.962973628733323 ], [ 104.428207555400277, 21.965439665290457 ], [ 104.430373480552788, 21.971882419380087 ], [ 104.429049386365136, 21.976031677287448 ], [ 104.429166059154014, 21.983276781354284 ], [ 104.425761795021302, 21.987028228359726 ], [ 104.426417394013029, 21.988871741047372 ], [ 104.422424864308326, 21.991238099766182 ], [ 104.421025266281646, 22.001741267649802 ], [ 104.42183091163264, 22.004081754562069 ], [ 104.417349985043799, 22.010241886210689 ], [ 104.419359673609904, 22.013997572346977 ], [ 104.416957742490638, 22.018271783960941 ], [ 104.414289643430109, 22.029628480173667 ], [ 104.412356148372751, 22.032026411758423 ], [ 104.408746448122542, 22.032055781675503 ], [ 104.40217253876348, 22.042249900277923 ], [ 104.401588973004138, 22.045126350655622 ], [ 104.397479387364626, 22.048260595794705 ], [ 104.393339776349848, 22.048459269566901 ], [ 104.392182681737793, 22.054285725583686 ], [ 104.38898047564453, 22.058792381964558 ], [ 104.388774453151569, 22.06124728711259 ], [ 104.385704201000152, 22.063614012395668 ], [ 104.387285284627524, 22.065632858359024 ], [ 104.380264353798665, 22.065919524844634 ], [ 104.377728389141268, 22.067156986897874 ], [ 104.380097675717806, 22.070022877789828 ], [ 104.379742147291608, 22.078246415752606 ], [ 104.377305008856268, 22.08354021557038 ], [ 104.379117214094066, 22.084447142077369 ], [ 104.379852568780478, 22.091278827846345 ], [ 104.390073693097108, 22.095050879405331 ], [ 104.39020874176866, 22.103022433758554 ], [ 104.395761349574983, 22.108701391107829 ], [ 104.396281171225965, 22.113590720493345 ], [ 104.40025156229666, 22.115177100384212 ], [ 104.401007212361066, 22.117541126314865 ], [ 104.405433096481545, 22.119029638040434 ], [ 104.410677924155536, 22.10947265755415 ], [ 104.420103118917311, 22.112610779563951 ], [ 104.425138529310402, 22.110802343842828 ], [ 104.427153997400012, 22.107352535191612 ], [ 104.426112711679764, 22.099940067732096 ], [ 104.426890278145791, 22.098112509165013 ], [ 104.432792563551644, 22.094619412143803 ], [ 104.454873962140866, 22.086687574410767 ], [ 104.464987630808508, 22.076480693739406 ], [ 104.465672126735711, 22.070340752647912 ], [ 104.467462855283344, 22.067438432365194 ], [ 104.476854420287324, 22.061030994845854 ], [ 104.481779404745154, 22.047736877706839 ], [ 104.485992106474512, 22.045780576701926 ], [ 104.495895466417238, 22.044131595930214 ], [ 104.498592313021319, 22.042109656716953 ], [ 104.502239894693446, 22.035770377454874 ], [ 104.505494481657848, 22.023761425131607 ], [ 104.511903367648657, 22.020922225785306 ], [ 104.519422472901539, 22.020453928927942 ], [ 104.533406742883059, 22.017044431733133 ], [ 104.54252913862247, 22.005321966075954 ], [ 104.553720941577652, 21.997718452077475 ], [ 104.550726763511463, 21.996533473803833 ], [ 104.548607302539537, 21.992302977623524 ], [ 104.544208808093302, 21.990737625096287 ], [ 104.539808509765663, 21.987175296252072 ], [ 104.538573373521245, 21.985877726064118 ], [ 104.540159864660879, 21.983214275418238 ], [ 104.535285869152517, 21.978437243059663 ], [ 104.532228653376436, 21.977236310776842 ], [ 104.532502975468972, 21.97431928638381 ], [ 104.531361481351965, 21.973386853878608 ], [ 104.533963723059557, 21.968608185354512 ], [ 104.530974226145673, 21.965569961249564 ], [ 104.531369867378743, 21.963478160011746 ], [ 104.529522215270219, 21.961923829791282 ], [ 104.529648136122944, 21.95900344450331 ], [ 104.527125956808831, 21.958721046276263 ], [ 104.521604073607122, 21.952659469591417 ] ], [ [ 104.45860773770562, 22.024373433634743 ], [ 104.45860776079823, 22.024362143937108 ], [ 104.458613851925648, 22.024367754478824 ], [ 104.45860773770562, 22.024373433634743 ] ] ] } },
{ "type": "Feature", "properties": { "xa": "Phong Dụ Hạ", "hat_kl": "Hạt KL Trấn Yên", "che_phu": 85.1, "dt_rung": 12359.1, "DTBD": 13840.03 }, "geometry": { "type": "Polygon", "coordinates": [ [ [ 104.431442227833358, 21.950618733801239 ], [ 104.438060077053663, 21.954334418974433 ], [ 104.447479755553715, 21.95330316517942 ], [ 104.450871250693609, 21.957771205355279 ], [ 104.456512342764455, 21.961976590105181 ], [ 104.461647816399633, 21.962261700541085 ], [ 104.46461956116795, 21.966913602537083 ], [ 104.468658456044025, 21.966905940599471 ], [ 104.47180250851693, 21.963894203484365 ], [ 104.478325897986764, 21.963769375601153 ], [ 104.484094205717213, 21.959495721455248 ], [ 104.487067065657982, 21.959489669052875 ], [ 104.489979795977305, 21.952725180598723 ], [ 104.496312857657202, 21.951698220682122 ], [ 104.50291509903218, 21.954356975225988 ], [ 104.508594306068019, 21.952367834447216 ], [ 104.516105409340796, 21.955239101365283 ], [ 104.51658312092168, 21.953518752670895 ], [ 104.519085510776549, 21.952015948525272 ], [ 104.521604073607122, 21.952659469591417 ], [ 104.52822005545373, 21.947171624120926 ], [ 104.527830571258434, 21.943431073148847 ], [ 104.530372318193329, 21.933945372267054 ], [ 104.527384371260737, 21.934155590803108 ], [ 104.527505362197132, 21.930180803423298 ], [ 104.525236824622667, 21.925835798039458 ], [ 104.526046340034355, 21.921829251936959 ], [ 104.533459735701825, 21.920000094943937 ], [ 104.536922705362727, 21.923394666694094 ], [ 104.540020760670444, 21.924573706798476 ], [ 104.547940050418774, 21.92146905098992 ], [ 104.552618401051731, 21.924955734576027 ], [ 104.559293852396536, 21.92594384810436 ], [ 104.561652311355815, 21.925346483475803 ], [ 104.564346643489259, 21.921988577312263 ], [ 104.560158034364306, 21.915688071730102 ], [ 104.559885493793374, 21.912602078102388 ], [ 104.560820021009718, 21.909152583665847 ], [ 104.568270464956214, 21.898541545862155 ], [ 104.567585688810354, 21.893935109543694 ], [ 104.564377270780625, 21.887731606171926 ], [ 104.562476511640057, 21.887144812022054 ], [ 104.56077394035546, 21.883932443049027 ], [ 104.560376504859605, 21.880118858085176 ], [ 104.554381092608594, 21.878597362382333 ], [ 104.552114084300797, 21.876150054379327 ], [ 104.549189985464096, 21.875249729160533 ], [ 104.547430536643049, 21.871921812381565 ], [ 104.53666025121538, 21.866368532946844 ], [ 104.533741949713075, 21.866506622226353 ], [ 104.532600732709639, 21.864414844499915 ], [ 104.529703701311405, 21.863073719497553 ], [ 104.528076716809224, 21.860192946823808 ], [ 104.52847696170474, 21.857015392515144 ], [ 104.523559818189938, 21.856043822792511 ], [ 104.52005615960968, 21.843607580729085 ], [ 104.516778271956341, 21.837452622956462 ], [ 104.517302594085351, 21.831958999459872 ], [ 104.510007141219432, 21.824907087730168 ], [ 104.502933424269457, 21.831377312592561 ], [ 104.500329898442786, 21.835813265072247 ], [ 104.493124697128138, 21.840661066458278 ], [ 104.488757985304872, 21.841108518915657 ], [ 104.486289711258237, 21.839670670012694 ], [ 104.482207891018604, 21.84179366057765 ], [ 104.479283938703688, 21.848873135628473 ], [ 104.476114913435907, 21.851128610419558 ], [ 104.476689313077898, 21.856013249589932 ], [ 104.47436239305658, 21.858289319106795 ], [ 104.474807652586307, 21.864654717356363 ], [ 104.473393129158538, 21.867070027906813 ], [ 104.475057237684851, 21.871301851833994 ], [ 104.47446493438018, 21.876704054485192 ], [ 104.472764775130457, 21.878389727033781 ], [ 104.472662571093451, 21.88741003804282 ], [ 104.466133902775056, 21.886237676482423 ], [ 104.460523172659776, 21.891279564434367 ], [ 104.454340975114519, 21.888516639270726 ], [ 104.447602935639893, 21.891687346637315 ], [ 104.446209983242753, 21.890017849581909 ], [ 104.445939154744096, 21.894879868604786 ], [ 104.441457351828504, 21.892842869936846 ], [ 104.436039696408983, 21.894546073883067 ], [ 104.429539663003737, 21.893244876310277 ], [ 104.427666358939419, 21.891771275132964 ], [ 104.424071035698091, 21.892142544369641 ], [ 104.422661004834495, 21.893198648597142 ], [ 104.421146498446191, 21.899626981036267 ], [ 104.414003165259373, 21.899319198799208 ], [ 104.41052480328122, 21.900066857637572 ], [ 104.409374081892096, 21.901525299075061 ], [ 104.397218435433601, 21.899039227489343 ], [ 104.390282072698753, 21.900174967841082 ], [ 104.385505607771407, 21.898872090112629 ], [ 104.387030673883629, 21.91148810982591 ], [ 104.392890429485107, 21.915134543934055 ], [ 104.395937991746976, 21.919652729591334 ], [ 104.40511114331089, 21.919791982026489 ], [ 104.415360881408745, 21.929745956336689 ], [ 104.421110229249209, 21.931107189295417 ], [ 104.423696294660658, 21.934263561295538 ], [ 104.428542057399312, 21.936774032620669 ], [ 104.430928737199793, 21.94476194850262 ], [ 104.432511527351878, 21.945938614070826 ], [ 104.431442227833358, 21.950618733801239 ] ], [ [ 104.487499373152573, 21.905394021316592 ], [ 104.487499393831357, 21.905382731428219 ], [ 104.48750548092589, 21.905388431257588 ], [ 104.487499373152573, 21.905394021316592 ] ] ] } },
{ "type": "Feature", "properties": { "xa": "Mù Cang Chải", "hat_kl": "Hạt KL Mù Cang Chải", "che_phu": 65.4, "dt_rung": 9646.2, "DTBD": 14702.84 }, "geometry": { "type": "Polygon", "coordinates": [ [ [ 104.037613825596026, 21.85698023723803 ], [ 104.040450756830595, 21.858791834924101 ], [ 104.043790348549081, 21.855491955239788 ], [ 104.044059317647992, 21.857636025539065 ], [ 104.046508873551645, 21.856795453117254 ], [ 104.046256929251896, 21.858614418206511 ], [ 104.047878706889875, 21.858900770522581 ], [ 104.050230738721936, 21.862151387812879 ], [ 104.051661544244425, 21.861170577134956 ], [ 104.053855824887364, 21.870561667500702 ], [ 104.060900066151646, 21.873758287821957 ], [ 104.062250168681302, 21.878805800248024 ], [ 104.065786822375884, 21.882595090508776 ], [ 104.059575448053877, 21.883163535706323 ], [ 104.059975303537072, 21.88422678026766 ], [ 104.063248127750967, 21.884682103661426 ], [ 104.064199700869622, 21.895315664391937 ], [ 104.066150163856037, 21.898651542323293 ], [ 104.063174977885055, 21.908783032750478 ], [ 104.065460151279439, 21.908983103312771 ], [ 104.069748339577544, 21.90583153921715 ], [ 104.081424692776011, 21.905118212677042 ], [ 104.084828941319785, 21.907737433131079 ], [ 104.088073951445566, 21.913866512065503 ], [ 104.087523697497375, 21.915480945904513 ], [ 104.093123105639791, 21.916438979972003 ], [ 104.098145082326056, 21.915644671041871 ], [ 104.113283015280729, 21.909490766221158 ], [ 104.11588943925598, 21.909208298179962 ], [ 104.117276158423394, 21.91044021825476 ], [ 104.120726693211608, 21.909291625661371 ], [ 104.128563722642753, 21.906050791660107 ], [ 104.130777161023389, 21.902533189559016 ], [ 104.137553865101253, 21.898908772469849 ], [ 104.1394540462733, 21.896356625616992 ], [ 104.147140556969035, 21.894607163800551 ], [ 104.152523235906813, 21.895929603833615 ], [ 104.162966338246434, 21.892003444265374 ], [ 104.182908566175684, 21.889598653970808 ], [ 104.194891463388245, 21.891302767883278 ], [ 104.199626786068265, 21.889974925558338 ], [ 104.206029133868157, 21.892267409209296 ], [ 104.209894593397706, 21.891442152443719 ], [ 104.20397072174454, 21.883474079947248 ], [ 104.201504901208139, 21.875765791943966 ], [ 104.197124380043945, 21.873185052918561 ], [ 104.194692418413425, 21.86784291171011 ], [ 104.195693102534193, 21.866963337867638 ], [ 104.195523679863584, 21.863555362557385 ], [ 104.199542899400171, 21.862193299701985 ], [ 104.205555519993638, 21.853872077663336 ], [ 104.202981667425234, 21.854186805015914 ], [ 104.195764627035118, 21.846694702322097 ], [ 104.189775901709652, 21.845496997216753 ], [ 104.190571826488238, 21.843826836563796 ], [ 104.189478194478909, 21.842750240854997 ], [ 104.189347497349203, 21.838805535995412 ], [ 104.187157638362493, 21.83581091364151 ], [ 104.184823940003042, 21.836702770040251 ], [ 104.182463556789756, 21.835549168981256 ], [ 104.177152428026162, 21.824547019800505 ], [ 104.168987895206143, 21.821655232971057 ], [ 104.163305069263444, 21.816558834405424 ], [ 104.160962914008905, 21.816392619564017 ], [ 104.157582839624382, 21.813497138441114 ], [ 104.155421660324095, 21.813342423622206 ], [ 104.146102458095996, 21.807743874203513 ], [ 104.143142161135231, 21.80408790080763 ], [ 104.140104822760208, 21.808155718769545 ], [ 104.137245742754331, 21.806044895275999 ], [ 104.1370715077678, 21.809283480865712 ], [ 104.133368280505181, 21.81063484044676 ], [ 104.133737947046129, 21.813977869046475 ], [ 104.130844628058298, 21.814786854043906 ], [ 104.132434366531001, 21.815594373276316 ], [ 104.132042711271467, 21.816794668564267 ], [ 104.130043490474932, 21.816648807393655 ], [ 104.125836595630986, 21.819486706044753 ], [ 104.122211191382959, 21.813556015751423 ], [ 104.120655688206554, 21.813520379857586 ], [ 104.116763470703347, 21.802913289714336 ], [ 104.111789629426085, 21.801113003279273 ], [ 104.109000606124411, 21.796707193554397 ], [ 104.10423162108188, 21.796092981115329 ], [ 104.096042108273835, 21.786312131003466 ], [ 104.083535355415862, 21.791137657904979 ], [ 104.081974912109757, 21.794247829064744 ], [ 104.084744718442138, 21.804843859395305 ], [ 104.084300724930742, 21.807789284956666 ], [ 104.086420481390945, 21.81200350277491 ], [ 104.07820135143281, 21.815407083153872 ], [ 104.075896302206388, 21.817427370011139 ], [ 104.075306850096553, 21.820300456948335 ], [ 104.067531630114985, 21.820137806831209 ], [ 104.062417119441506, 21.82455273500381 ], [ 104.051817067072108, 21.827580425320807 ], [ 104.051010280091091, 21.830599796192985 ], [ 104.048729826058249, 21.831951633141763 ], [ 104.045378999889806, 21.836931824927124 ], [ 104.04202667852033, 21.838533312122031 ], [ 104.037542952203623, 21.845050966103035 ], [ 104.034424382773281, 21.84698105583939 ], [ 104.037613825596026, 21.85698023723803 ] ], [ [ 104.119205684083809, 21.85627752380795 ], [ 104.119205733653132, 21.856266234421049 ], [ 104.119211707045025, 21.856271947223572 ], [ 104.119205684083809, 21.85627752380795 ] ] ] } },
{ "type": "Feature", "properties": { "xa": "Khao Mang", "hat_kl": "Hạt KL Mù Cang Chải", "che_phu": 54.2, "dt_rung": 6522.5, "DTBD": 12003.0 }, "geometry": { "type": "Polygon", "coordinates": [ [ [ 104.063174977885055, 21.908783032750478 ], [ 104.066150163856037, 21.898651542323293 ], [ 104.064199700869622, 21.895315664391937 ], [ 104.063248127750967, 21.884682103661426 ], [ 104.059975303537072, 21.88422678026766 ], [ 104.059575448053877, 21.883163535706323 ], [ 104.065786822375884, 21.882595090508776 ], [ 104.062250168681302, 21.878805800248024 ], [ 104.060900066151646, 21.873758287821957 ], [ 104.053855824887364, 21.870561667500702 ], [ 104.052246203673349, 21.861870199819442 ], [ 104.050230738721936, 21.862151387812879 ], [ 104.048043587114805, 21.86032258913195 ], [ 104.047878706889875, 21.858900770522581 ], [ 104.046212862300891, 21.858524998243713 ], [ 104.046508873551645, 21.856795453117254 ], [ 104.044059317647992, 21.857636025539065 ], [ 104.043635648316382, 21.855452637397502 ], [ 104.040450756830595, 21.858791834924101 ], [ 104.037237096761245, 21.857213886799848 ], [ 104.037977024020421, 21.860748600735107 ], [ 104.036390924114485, 21.860973581243858 ], [ 104.035506930045258, 21.859548728491159 ], [ 104.033311733081206, 21.860639150016272 ], [ 104.033341493954012, 21.862333776922366 ], [ 104.030639536137826, 21.861667581154542 ], [ 104.029788552422374, 21.863857714646286 ], [ 104.027724115029017, 21.863667327080435 ], [ 104.02775031116245, 21.866057455180346 ], [ 104.025821530245167, 21.864824225574434 ], [ 104.024353311689339, 21.865662034147462 ], [ 104.022040615242858, 21.864855073912569 ], [ 104.020127633458173, 21.863039225491203 ], [ 104.015586573004313, 21.864850191954243 ], [ 104.013737824604149, 21.86293945566349 ], [ 104.010888767545126, 21.864948044689552 ], [ 104.008827313708508, 21.869730808922682 ], [ 104.005669577875878, 21.867374167039639 ], [ 104.003213313253667, 21.869705551084522 ], [ 103.99917440046498, 21.867927321866063 ], [ 103.999057209494495, 21.865988631470305 ], [ 103.996673214186842, 21.865613691794898 ], [ 103.996086106457156, 21.868894401074915 ], [ 103.991224298677736, 21.870358935709898 ], [ 103.989965759038611, 21.869156285235395 ], [ 103.988182859078407, 21.875550003310842 ], [ 103.986447482185596, 21.875981800922911 ], [ 103.981286949787119, 21.873251075809133 ], [ 103.97228133143372, 21.871371635519861 ], [ 103.970670644012941, 21.873770992322488 ], [ 103.967365729093672, 21.875405367178768 ], [ 103.964484093557161, 21.874967175153326 ], [ 103.959947789699243, 21.879310274010944 ], [ 103.950471988781615, 21.882163537827584 ], [ 103.941965735582556, 21.877882423292345 ], [ 103.941160945414765, 21.874281544396442 ], [ 103.934041464383981, 21.876486758568085 ], [ 103.931897839802261, 21.874822573308673 ], [ 103.930781456974927, 21.870478174680095 ], [ 103.925037095918668, 21.871091643511452 ], [ 103.923956277982285, 21.872579473378796 ], [ 103.925808964482897, 21.873982832915651 ], [ 103.9246913458108, 21.875204418827447 ], [ 103.923321810675191, 21.874415526921332 ], [ 103.916856145841336, 21.868490000476879 ], [ 103.915537873481824, 21.861812049956828 ], [ 103.908181387680074, 21.854531318576271 ], [ 103.906972997023615, 21.850037374526618 ], [ 103.897559797841467, 21.856888015843118 ], [ 103.889834976088011, 21.864869411847931 ], [ 103.889825024527525, 21.876218728270434 ], [ 103.888229930732251, 21.879186021955114 ], [ 103.889088130594516, 21.89006562474087 ], [ 103.886839414779914, 21.891368714903695 ], [ 103.889493271272812, 21.901308701214418 ], [ 103.887496603590932, 21.902623949116585 ], [ 103.885895851323255, 21.90611652023523 ], [ 103.888630586366844, 21.910457103384786 ], [ 103.887898789801056, 21.912053338239016 ], [ 103.888808247698691, 21.914567526322852 ], [ 103.89861037599124, 21.920542791123115 ], [ 103.906583712642444, 21.921412493078584 ], [ 103.909534133547979, 21.922919113643278 ], [ 103.912328278836995, 21.925272653257839 ], [ 103.913181511786078, 21.928335260922946 ], [ 103.920439808907133, 21.932105758431792 ], [ 103.925959132963925, 21.929884271352805 ], [ 103.92925851080733, 21.92320261359146 ], [ 103.933939636899822, 21.92332480244028 ], [ 103.936167931778371, 21.919246640705349 ], [ 103.943056364279187, 21.91798693153736 ], [ 103.948416879855387, 21.921795109934791 ], [ 103.952443900870662, 21.928341373432808 ], [ 103.962237269430076, 21.935400622368174 ], [ 103.962522154124315, 21.940272143566084 ], [ 103.961122298384083, 21.945234656252254 ], [ 103.967387552124933, 21.951942122520212 ], [ 103.969083343123813, 21.956933687725478 ], [ 103.9717088650942, 21.959567496998776 ], [ 103.976469034873787, 21.959682557094816 ], [ 103.979610513774347, 21.963499161118179 ], [ 103.985101373693809, 21.966952680618139 ], [ 103.991224567348084, 21.963808463059006 ], [ 103.995691328712397, 21.955911683889084 ], [ 103.997036934849902, 21.950347297616002 ], [ 103.995364195168023, 21.949363149020758 ], [ 103.994935798142933, 21.943937830062293 ], [ 103.990586271106139, 21.940927765060199 ], [ 103.989513684488898, 21.938212394579772 ], [ 103.991247747122415, 21.935340838136369 ], [ 103.992490052716931, 21.935768875962545 ], [ 103.994729476755992, 21.933637654139471 ], [ 103.996378582092944, 21.927218018551859 ], [ 104.002439683600372, 21.924373602805524 ], [ 104.010004796104099, 21.91851308772755 ], [ 104.014715929623634, 21.917933533564845 ], [ 104.016673002927945, 21.919278383790797 ], [ 104.022832631545256, 21.917397744362667 ], [ 104.028526769596724, 21.917894893364704 ], [ 104.036088493368482, 21.914183975208296 ], [ 104.041145100603316, 21.916561887062539 ], [ 104.043898177409787, 21.914518972048636 ], [ 104.048477219880084, 21.914991492603715 ], [ 104.054912300180746, 21.913113340234897 ], [ 104.063174977885055, 21.908783032750478 ] ], [ [ 103.974112121530439, 21.899935105521507 ], [ 103.974112182635594, 21.899923816546934 ], [ 103.974118249114312, 21.899929444618596 ], [ 103.974112121530439, 21.899935105521507 ] ] ] } }
]
}
